sid,name,manufacturer,game_type,denomination,volatility_text,volatility_score,location,map_url,source_url,casino,scraped_at
181,2-4-6 Way Keno,IGT Poker,Poker,$0.25,High,4.0,,https://www.coushattacasinoresort.com/slot-map.php?sid=181,https://www.coushattacasinoresort.com/slot-map.php?sid=181,Coushatta Casino Resort,2026-10-01T17:07:04.022640+00:00
182,2-4-6 Way Keno,IGT Poker,Poker,$0.50,High,4.0,,https://www.coushattacasinoresort.com/slot-map.php?sid=182,https://www.coushattacasinoresort.com/slot-map.php?sid=182,Coushatta Casino Resort,2026-10-01T17:07:04.056914+00:00
183,2-4-6 Way Keno,IGT Poker,Poker,$1.00,High,4.0,,https://www.coushattacasinoresort.com/slot-map.php?sid=183,https://www.coushattacasinoresort.com/slot-map.php?sid=183,Coushatta Casino Resort,2026-10-01T17:07:04.074494+00:00
184,2-4-6 Way Keno,IGT Poker,Poker,$2.00,High,4.0,,https://www.coushattacasinoresort.com/slot-map.php?sid=184,https://www.coushattacasinoresort.com/slot-map.php?sid=184,Coushatta Casino Resort,2026-10-01T17:07:04.099472+00:00
1196,3 Doves Epr Mc Md,Incredible Technologies,Video,$0.01,Medium,3.0,,https://www.coushattacasinoresort.com/slot-map.php?sid=1196,https://www.coushattacasinoresort.com/slot-map.php?sid=1196,Coushatta Casino Resort,2026-10-01T17:07:16.666121+00:00
996,3 Doves Ope Mc Md,Incredible Technologies,Video,$0.01,Medium,3.0,,https://www.coushattacasinoresort.com/slot-map.php?sid=996,https://www.coushattacasinoresort.com/slot-map.php?sid=996,Coushatta Casino Resort,2026-10-01T17:07:14.507300+00:00
179,3-6-9 Way Keno,IGT Poker,Poker,$0.25,High,4.0,,https://www.coushattacasinoresort.com/slot-map.php?sid=179,https://www.coushattacasinoresort.com/slot-map.php?sid=179,Coushatta Casino Resort,2026-10-01T17:07:03.995841+00:00
180,3-6-9 Way Keno,IGT Poker,Poker,$0.50,High,4.0,,https://www.coushattacasinoresort.com/slot-map.php?sid=180,https://www.coushattacasinoresort.com/slot-map.php?sid=180,Coushatta Casino Resort,2026-10-01T17:07:04.028981+00:00
3097,3/5/10 Play Poker - Five Play Bonus Poker,IGT,Poker,$0.25,N/A,,,https://www.coushattacasinoresort.com/slot-map.php?sid=3097,https://www.coushattacasinoresort.com/slot-map.php?sid=3097,Coushatta Casino Resort,2026-10-01T17:07:57.660956+00:00
3098,3/5/10 Play Poker - Five Play Bonus Poker,IGT,Poker,$0.50,N/A,,,https://www.coushattacasinoresort.com/slot-map.php?sid=3098,https://www.coushattacasinoresort.com/slot-map.php?sid=3098,Coushatta Casino Resort,2026-10-01T17:07:57.703940+00:00
3099,3/5/10 Play Poker - Five Play Bonus Poker,IGT,Poker,$1.00,N/A,,,https://www.coushattacasinoresort.com/slot-map.php?sid=3099,https://www.coushattacasinoresort.com/slot-map.php?sid=3099,Coushatta Casino Resort,2026-10-01T17:07:57.722301+00:00
3094,3/5/10 Play Poker - Five Play Bonus Poker Deluxe,IGT,Poker,$0.25,N/A,,,https://www.coushattacasinoresort.com/slot-map.php?sid=3094,https://www.coushattacasinoresort.com/slot-map.php?sid=3094,Coushatta Casino Resort,2026-10-01T17:07:57.631039+00:00
3095,3/5/10 Play Poker - Five Play Bonus Poker Deluxe,IGT,Poker,$0.50,N/A,,,https://www.coushattacasinoresort.com/slot-map.php?sid=3095,https://www.coushattacasinoresort.com/slot-map.php?sid=3095,Coushatta Casino Resort,2026-10-01T17:07:57.654228+00:00
3096,3/5/10 Play Poker - Five Play Bonus Poker Deluxe,IGT,Poker,$1.00,N/A,,,https://www.coushattacasinoresort.com/slot-map.php?sid=3096,https://www.coushattacasinoresort.com/slot-map.php?sid=3096,Coushatta Casino Resort,2026-10-01T17:07:57.656863+00:00
3091,3/5/10 Play Poker - Five Play Deuces Wild,IGT,Poker,$0.25,N/A,,,https://www.coushattacasinoresort.com/slot-map.php?sid=3091,https://www.coushattacasinoresort.com/slot-map.php?sid=3091,Coushatta Casino Resort,2026-10-01T17:07:57.597678+00:00
3092,3/5/10 Play Poker - Five Play Deuces Wild,IGT,Poker,$0.50,N/A,,,https://www.coushattacasinoresort.com/slot-map.php?sid=3092,https://www.coushattacasinoresort.com/slot-map.php?sid=3092,Coushatta Casino Resort,2026-10-01T17:07:57.606582+00:00
3093,3/5/10 Play Poker - Five Play Deuces Wild,IGT,Poker,$1.00,N/A,,,https://www.coushattacasinoresort.com/slot-map.php?sid=3093,https://www.coushattacasinoresort.com/slot-map.php?sid=3093,Coushatta Casino Resort,2026-10-01T17:07:57.611524+00:00
3088,3/5/10 Play Poker - Five Play Deuces Wild Bonus,IGT,Poker,$0.25,N/A,,,https://www.coushattacasinoresort.com/slot-map.php?sid=3088,https://www.coushattacasinoresort.com/slot-map.php?sid=3088,Coushatta Casino Resort,2026-10-01T17:07:57.527847+00:00
3089,3/5/10 Play Poker - Five Play Deuces Wild Bonus,IGT,Poker,$0.50,N/A,,,https://www.coushattacasinoresort.com/slot-map.php?sid=3089,https://www.coushattacasinoresort.com/slot-map.php?sid=3089,Coushatta Casino Resort,2026-10-01T17:07:57.532232+00:00
3090,3/5/10 Play Poker - Five Play Deuces Wild Bonus,IGT,Poker,$1.00,N/A,,,https://www.coushattacasinoresort.com/slot-map.php?sid=3090,https://www.coushattacasinoresort.com/slot-map.php?sid=3090,Coushatta Casino Resort,2026-10-01T17:07:57.614813+00:00
3085,3/5/10 Play Poker - Five Play Double Bonus Poker,IGT,Poker,$0.25,N/A,,,https://www.coushattacasinoresort.com/slot-map.php?sid=3085,https://www.coushattacasinoresort.com/slot-map.php?sid=3085,Coushatta Casino Resort,2026-10-01T17:07:57.505048+00:00
3086,3/5/10 Play Poker - Five Play Double Bonus Poker,IGT,Poker,$0.50,N/A,,,https://www.coushattacasinoresort.com/slot-map.php?sid=3086,https://www.coushattacasinoresort.com/slot-map.php?sid=3086,Coushatta Casino Resort,2026-10-01T17:07:57.477679+00:00
3087,3/5/10 Play Poker - Five Play Double Bonus Poker,IGT,Poker,$1.00,N/A,,,https://www.coushattacasinoresort.com/slot-map.php?sid=3087,https://www.coushattacasinoresort.com/slot-map.php?sid=3087,Coushatta Casino Resort,2026-10-01T17:07:57.518603+00:00
3082,3/5/10 Play Poker - Five Play Double Doubler Bonus Poker,IGT,Poker,$0.25,N/A,,,https://www.coushattacasinoresort.com/slot-map.php?sid=3082,https://www.coushattacasinoresort.com/slot-map.php?sid=3082,Coushatta Casino Resort,2026-10-01T17:07:57.471563+00:00
3083,3/5/10 Play Poker - Five Play Double Doubler Bonus Poker,IGT,Poker,$0.50,N/A,,,https://www.coushattacasinoresort.com/slot-map.php?sid=3083,https://www.coushattacasinoresort.com/slot-map.php?sid=3083,Coushatta Casino Resort,2026-10-01T17:07:57.484882+00:00
3084,3/5/10 Play Poker - Five Play Double Doubler Bonus Poker,IGT,Poker,$1.00,N/A,,,https://www.coushattacasinoresort.com/slot-map.php?sid=3084,https://www.coushattacasinoresort.com/slot-map.php?sid=3084,Coushatta Casino Resort,2026-10-01T17:07:57.481957+00:00
3079,3/5/10 Play Poker - Five Play Jacks or Better,IGT,Poker,$0.25,N/A,,,https://www.coushattacasinoresort.com/slot-map.php?sid=3079,https://www.coushattacasinoresort.com/slot-map.php?sid=3079,Coushatta Casino Resort,2026-10-01T17:07:57.410105+00:00
3080,3/5/10 Play Poker - Five Play Jacks or Better,IGT,Poker,$0.50,N/A,,,https://www.coushattacasinoresort.com/slot-map.php?sid=3080,https://www.coushattacasinoresort.com/slot-map.php?sid=3080,Coushatta Casino Resort,2026-10-01T17:07:57.423147+00:00
3081,3/5/10 Play Poker - Five Play Jacks or Better,IGT,Poker,$1.00,N/A,,,https://www.coushattacasinoresort.com/slot-map.php?sid=3081,https://www.coushattacasinoresort.com/slot-map.php?sid=3081,Coushatta Casino Resort,2026-10-01T17:07:57.437383+00:00
3076,3/5/10 Play Poker - Five Play Triple Double Bonus Poker,IGT,Poker,$0.25,N/A,,,https://www.coushattacasinoresort.com/slot-map.php?sid=3076,https://www.coushattacasinoresort.com/slot-map.php?sid=3076,Coushatta Casino Resort,2026-10-01T17:07:57.360583+00:00
3077,3/5/10 Play Poker - Five Play Triple Double Bonus Poker,IGT,Poker,$0.50,N/A,,,https://www.coushattacasinoresort.com/slot-map.php?sid=3077,https://www.coushattacasinoresort.com/slot-map.php?sid=3077,Coushatta Casino Resort,2026-10-01T17:07:57.357340+00:00
3078,3/5/10 Play Poker - Five Play Triple Double Bonus Poker,IGT,Poker,$1.00,N/A,,,https://www.coushattacasinoresort.com/slot-map.php?sid=3078,https://www.coushattacasinoresort.com/slot-map.php?sid=3078,Coushatta Casino Resort,2026-10-01T17:07:57.369463+00:00
3073,3/5/10 Play Poker - Five Play Triple Triple Bonus Poker,IGT,Poker,$0.25,N/A,,,https://www.coushattacasinoresort.com/slot-map.php?sid=3073,https://www.coushattacasinoresort.com/slot-map.php?sid=3073,Coushatta Casino Resort,2026-10-01T17:07:57.364211+00:00
3074,3/5/10 Play Poker - Five Play Triple Triple Bonus Poker,IGT,Poker,$0.50,N/A,,,https://www.coushattacasinoresort.com/slot-map.php?sid=3074,https://www.coushattacasinoresort.com/slot-map.php?sid=3074,Coushatta Casino Resort,2026-10-01T17:07:57.337004+00:00
3075,3/5/10 Play Poker - Five Play Triple Triple Bonus Poker,IGT,Poker,$1.00,N/A,,,https://www.coushattacasinoresort.com/slot-map.php?sid=3075,https://www.coushattacasinoresort.com/slot-map.php?sid=3075,Coushatta Casino Resort,2026-10-01T17:07:57.349188+00:00
3070,3/5/10 Play Poker - Ten Play Bonus Poker,IGT,Poker,$0.25,N/A,,,https://www.coushattacasinoresort.com/slot-map.php?sid=3070,https://www.coushattacasinoresort.com/slot-map.php?sid=3070,Coushatta Casino Resort,2026-10-01T17:07:57.249936+00:00
3071,3/5/10 Play Poker - Ten Play Bonus Poker,IGT,Poker,$0.50,N/A,,,https://www.coushattacasinoresort.com/slot-map.php?sid=3071,https://www.coushattacasinoresort.com/slot-map.php?sid=3071,Coushatta Casino Resort,2026-10-01T17:07:57.323803+00:00
3072,3/5/10 Play Poker - Ten Play Bonus Poker,IGT,Poker,$1.00,N/A,,,https://www.coushattacasinoresort.com/slot-map.php?sid=3072,https://www.coushattacasinoresort.com/slot-map.php?sid=3072,Coushatta Casino Resort,2026-10-01T17:07:57.302571+00:00
3067,3/5/10 Play Poker - Ten Play Bonus Poker Deluxe,IGT,Poker,$0.25,N/A,,,https://www.coushattacasinoresort.com/slot-map.php?sid=3067,https://www.coushattacasinoresort.com/slot-map.php?sid=3067,Coushatta Casino Resort,2026-10-01T17:07:57.233488+00:00
3068,3/5/10 Play Poker - Ten Play Bonus Poker Deluxe,IGT,Poker,$0.50,N/A,,,https://www.coushattacasinoresort.com/slot-map.php?sid=3068,https://www.coushattacasinoresort.com/slot-map.php?sid=3068,Coushatta Casino Resort,2026-10-01T17:07:57.239529+00:00
3069,3/5/10 Play Poker - Ten Play Bonus Poker Deluxe,IGT,Poker,$1.00,N/A,,,https://www.coushattacasinoresort.com/slot-map.php?sid=3069,https://www.coushattacasinoresort.com/slot-map.php?sid=3069,Coushatta Casino Resort,2026-10-01T17:07:57.241729+00:00
3064,3/5/10 Play Poker - Ten Play Deuces Wild,IGT,Poker,$0.25,N/A,,,https://www.coushattacasinoresort.com/slot-map.php?sid=3064,https://www.coushattacasinoresort.com/slot-map.php?sid=3064,Coushatta Casino Resort,2026-10-01T17:07:57.193336+00:00
3065,3/5/10 Play Poker - Ten Play Deuces Wild,IGT,Poker,$0.50,N/A,,,https://www.coushattacasinoresort.com/slot-map.php?sid=3065,https://www.coushattacasinoresort.com/slot-map.php?sid=3065,Coushatta Casino Resort,2026-10-01T17:07:57.204460+00:00
3066,3/5/10 Play Poker - Ten Play Deuces Wild,IGT,Poker,$1.00,N/A,,,https://www.coushattacasinoresort.com/slot-map.php?sid=3066,https://www.coushattacasinoresort.com/slot-map.php?sid=3066,Coushatta Casino Resort,2026-10-01T17:07:57.212816+00:00
3061,3/5/10 Play Poker - Ten Play Deuces Wild Bonus,IGT,Poker,$0.25,N/A,,,https://www.coushattacasinoresort.com/slot-map.php?sid=3061,https://www.coushattacasinoresort.com/slot-map.php?sid=3061,Coushatta Casino Resort,2026-10-01T17:07:57.118702+00:00
3062,3/5/10 Play Poker - Ten Play Deuces Wild Bonus,IGT,Poker,$0.50,N/A,,,https://www.coushattacasinoresort.com/slot-map.php?sid=3062,https://www.coushattacasinoresort.com/slot-map.php?sid=3062,Coushatta Casino Resort,2026-10-01T17:07:57.140713+00:00
3063,3/5/10 Play Poker - Ten Play Deuces Wild Bonus,IGT,Poker,$1.00,N/A,,,https://www.coushattacasinoresort.com/slot-map.php?sid=3063,https://www.coushattacasinoresort.com/slot-map.php?sid=3063,Coushatta Casino Resort,2026-10-01T17:07:57.189208+00:00
3058,3/5/10 Play Poker - Ten Play Double Bonus Poker,IGT,Poker,$0.25,N/A,,,https://www.coushattacasinoresort.com/slot-map.php?sid=3058,https://www.coushattacasinoresort.com/slot-map.php?sid=3058,Coushatta Casino Resort,2026-10-01T17:07:57.077368+00:00
3059,3/5/10 Play Poker - Ten Play Double Bonus Poker,IGT,Poker,$0.50,N/A,,,https://www.coushattacasinoresort.com/slot-map.php?sid=3059,https://www.coushattacasinoresort.com/slot-map.php?sid=3059,Coushatta Casino Resort,2026-10-01T17:07:57.111656+00:00
3060,3/5/10 Play Poker - Ten Play Double Bonus Poker,IGT,Poker,$1.00,N/A,,,https://www.coushattacasinoresort.com/slot-map.php?sid=3060,https://www.coushattacasinoresort.com/slot-map.php?sid=3060,Coushatta Casino Resort,2026-10-01T17:07:57.103758+00:00
3055,3/5/10 Play Poker - Ten Play Double Doubler Bonus Poker,IGT,Poker,$0.25,N/A,,,https://www.coushattacasinoresort.com/slot-map.php?sid=3055,https://www.coushattacasinoresort.com/slot-map.php?sid=3055,Coushatta Casino Resort,2026-10-01T17:07:57.066369+00:00
3056,3/5/10 Play Poker - Ten Play Double Doubler Bonus Poker,IGT,Poker,$0.50,N/A,,,https://www.coushattacasinoresort.com/slot-map.php?sid=3056,https://www.coushattacasinoresort.com/slot-map.php?sid=3056,Coushatta Casino Resort,2026-10-01T17:07:57.032107+00:00
3057,3/5/10 Play Poker - Ten Play Double Doubler Bonus Poker,IGT,Poker,$1.00,N/A,,,https://www.coushattacasinoresort.com/slot-map.php?sid=3057,https://www.coushattacasinoresort.com/slot-map.php?sid=3057,Coushatta Casino Resort,2026-10-01T17:07:57.074379+00:00
3052,3/5/10 Play Poker - Ten Play Jacks or Better,IGT,Poker,$0.25,N/A,,,https://www.coushattacasinoresort.com/slot-map.php?sid=3052,https://www.coushattacasinoresort.com/slot-map.php?sid=3052,Coushatta Casino Resort,2026-10-01T17:07:56.987756+00:00
3053,3/5/10 Play Poker - Ten Play Jacks or Better,IGT,Poker,$0.50,N/A,,,https://www.coushattacasinoresort.com/slot-map.php?sid=3053,https://www.coushattacasinoresort.com/slot-map.php?sid=3053,Coushatta Casino Resort,2026-10-01T17:07:57.014911+00:00
3054,3/5/10 Play Poker - Ten Play Jacks or Better,IGT,Poker,$1.00,N/A,,,https://www.coushattacasinoresort.com/slot-map.php?sid=3054,https://www.coushattacasinoresort.com/slot-map.php?sid=3054,Coushatta Casino Resort,2026-10-01T17:07:57.069709+00:00
3049,3/5/10 Play Poker - Ten Play Triple Double Bonus Poker,IGT,Poker,$0.25,N/A,,,https://www.coushattacasinoresort.com/slot-map.php?sid=3049,https://www.coushattacasinoresort.com/slot-map.php?sid=3049,Coushatta Casino Resort,2026-10-01T17:07:56.959333+00:00
3050,3/5/10 Play Poker - Ten Play Triple Double Bonus Poker,IGT,Poker,$0.50,N/A,,,https://www.coushattacasinoresort.com/slot-map.php?sid=3050,https://www.coushattacasinoresort.com/slot-map.php?sid=3050,Coushatta Casino Resort,2026-10-01T17:07:56.962851+00:00
3051,3/5/10 Play Poker - Ten Play Triple Double Bonus Poker,IGT,Poker,$1.00,N/A,,,https://www.coushattacasinoresort.com/slot-map.php?sid=3051,https://www.coushattacasinoresort.com/slot-map.php?sid=3051,Coushatta Casino Resort,2026-10-01T17:07:56.992980+00:00
3046,3/5/10 Play Poker - Ten Play Triple Triple Bonus Poker,IGT,Poker,$0.25,N/A,,,https://www.coushattacasinoresort.com/slot-map.php?sid=3046,https://www.coushattacasinoresort.com/slot-map.php?sid=3046,Coushatta Casino Resort,2026-10-01T17:07:56.920173+00:00
3047,3/5/10 Play Poker - Ten Play Triple Triple Bonus Poker,IGT,Poker,$0.50,N/A,,,https://www.coushattacasinoresort.com/slot-map.php?sid=3047,https://www.coushattacasinoresort.com/slot-map.php?sid=3047,Coushatta Casino Resort,2026-10-01T17:07:56.916291+00:00
3048,3/5/10 Play Poker - Ten Play Triple Triple Bonus Poker,IGT,Poker,$1.00,N/A,,,https://www.coushattacasinoresort.com/slot-map.php?sid=3048,https://www.coushattacasinoresort.com/slot-map.php?sid=3048,Coushatta Casino Resort,2026-10-01T17:07:56.926794+00:00
3043,3/5/10 Play Poker - Triple Play Bonus Poker,IGT,Poker,$0.25,N/A,,,https://www.coushattacasinoresort.com/slot-map.php?sid=3043,https://www.coushattacasinoresort.com/slot-map.php?sid=3043,Coushatta Casino Resort,2026-10-01T17:07:56.870602+00:00
3044,3/5/10 Play Poker - Triple Play Bonus Poker,IGT,Poker,$0.50,N/A,,,https://www.coushattacasinoresort.com/slot-map.php?sid=3044,https://www.coushattacasinoresort.com/slot-map.php?sid=3044,Coushatta Casino Resort,2026-10-01T17:07:56.875234+00:00
3045,3/5/10 Play Poker - Triple Play Bonus Poker,IGT,Poker,$1.00,N/A,,,https://www.coushattacasinoresort.com/slot-map.php?sid=3045,https://www.coushattacasinoresort.com/slot-map.php?sid=3045,Coushatta Casino Resort,2026-10-01T17:07:56.906927+00:00
3040,3/5/10 Play Poker - Triple Play Bonus Poker Deluxe,IGT,Poker,$0.25,N/A,,,https://www.coushattacasinoresort.com/slot-map.php?sid=3040,https://www.coushattacasinoresort.com/slot-map.php?sid=3040,Coushatta Casino Resort,2026-10-01T17:07:56.830315+00:00
3041,3/5/10 Play Poker - Triple Play Bonus Poker Deluxe,IGT,Poker,$0.50,N/A,,,https://www.coushattacasinoresort.com/slot-map.php?sid=3041,https://www.coushattacasinoresort.com/slot-map.php?sid=3041,Coushatta Casino Resort,2026-10-01T17:07:56.846825+00:00
3042,3/5/10 Play Poker - Triple Play Bonus Poker Deluxe,IGT,Poker,$1.00,N/A,,,https://www.coushattacasinoresort.com/slot-map.php?sid=3042,https://www.coushattacasinoresort.com/slot-map.php?sid=3042,Coushatta Casino Resort,2026-10-01T17:07:56.850585+00:00
3037,3/5/10 Play Poker - Triple Play Deuces Wild,IGT,Poker,$0.25,N/A,,,https://www.coushattacasinoresort.com/slot-map.php?sid=3037,https://www.coushattacasinoresort.com/slot-map.php?sid=3037,Coushatta Casino Resort,2026-10-01T17:07:56.802255+00:00
3038,3/5/10 Play Poker - Triple Play Deuces Wild,IGT,Poker,$0.50,N/A,,,https://www.coushattacasinoresort.com/slot-map.php?sid=3038,https://www.coushattacasinoresort.com/slot-map.php?sid=3038,Coushatta Casino Resort,2026-10-01T17:07:56.815918+00:00
3039,3/5/10 Play Poker - Triple Play Deuces Wild,IGT,Poker,$1.00,N/A,,,https://www.coushattacasinoresort.com/slot-map.php?sid=3039,https://www.coushattacasinoresort.com/slot-map.php?sid=3039,Coushatta Casino Resort,2026-10-01T17:07:56.812186+00:00
3034,3/5/10 Play Poker - Triple Play Deuces Wild Bonus,IGT,Poker,$0.25,N/A,,,https://www.coushattacasinoresort.com/slot-map.php?sid=3034,https://www.coushattacasinoresort.com/slot-map.php?sid=3034,Coushatta Casino Resort,2026-10-01T17:07:56.732527+00:00
3035,3/5/10 Play Poker - Triple Play Deuces Wild Bonus,IGT,Poker,$0.50,N/A,,,https://www.coushattacasinoresort.com/slot-map.php?sid=3035,https://www.coushattacasinoresort.com/slot-map.php?sid=3035,Coushatta Casino Resort,2026-10-01T17:07:56.766507+00:00
3036,3/5/10 Play Poker - Triple Play Deuces Wild Bonus,IGT,Poker,$1.00,N/A,,,https://www.coushattacasinoresort.com/slot-map.php?sid=3036,https://www.coushattacasinoresort.com/slot-map.php?sid=3036,Coushatta Casino Resort,2026-10-01T17:07:56.761663+00:00
3031,3/5/10 Play Poker - Triple Play Double Bonus Poker,IGT,Poker,$0.25,N/A,,,https://www.coushattacasinoresort.com/slot-map.php?sid=3031,https://www.coushattacasinoresort.com/slot-map.php?sid=3031,Coushatta Casino Resort,2026-10-01T17:07:56.704553+00:00
3032,3/5/10 Play Poker - Triple Play Double Bonus Poker,IGT,Poker,$0.50,N/A,,,https://www.coushattacasinoresort.com/slot-map.php?sid=3032,https://www.coushattacasinoresort.com/slot-map.php?sid=3032,Coushatta Casino Resort,2026-10-01T17:07:56.719628+00:00
3033,3/5/10 Play Poker - Triple Play Double Bonus Poker,IGT,Poker,$1.00,N/A,,,https://www.coushattacasinoresort.com/slot-map.php?sid=3033,https://www.coushattacasinoresort.com/slot-map.php?sid=3033,Coushatta Casino Resort,2026-10-01T17:07:56.737815+00:00
3028,3/5/10 Play Poker - Triple Play Double Doubler Bonus Poker,IGT,Poker,$0.25,N/A,,,https://www.coushattacasinoresort.com/slot-map.php?sid=3028,https://www.coushattacasinoresort.com/slot-map.php?sid=3028,Coushatta Casino Resort,2026-10-01T17:07:56.677501+00:00
3029,3/5/10 Play Poker - Triple Play Double Doubler Bonus Poker,IGT,Poker,$0.50,N/A,,,https://www.coushattacasinoresort.com/slot-map.php?sid=3029,https://www.coushattacasinoresort.com/slot-map.php?sid=3029,Coushatta Casino Resort,2026-10-01T17:07:56.666943+00:00
3030,3/5/10 Play Poker - Triple Play Double Doubler Bonus Poker,IGT,Poker,$1.00,N/A,,,https://www.coushattacasinoresort.com/slot-map.php?sid=3030,https://www.coushattacasinoresort.com/slot-map.php?sid=3030,Coushatta Casino Resort,2026-10-01T17:07:56.708966+00:00
3025,3/5/10 Play Poker - Triple Play Jacks or Better,IGT,Poker,$0.25,N/A,,,https://www.coushattacasinoresort.com/slot-map.php?sid=3025,https://www.coushattacasinoresort.com/slot-map.php?sid=3025,Coushatta Casino Resort,2026-10-01T17:07:56.628363+00:00
3026,3/5/10 Play Poker - Triple Play Jacks or Better,IGT,Poker,$0.50,N/A,,,https://www.coushattacasinoresort.com/slot-map.php?sid=3026,https://www.coushattacasinoresort.com/slot-map.php?sid=3026,Coushatta Casino Resort,2026-10-01T17:07:56.623841+00:00
3027,3/5/10 Play Poker - Triple Play Jacks or Better,IGT,Poker,$1.00,N/A,,,https://www.coushattacasinoresort.com/slot-map.php?sid=3027,https://www.coushattacasinoresort.com/slot-map.php?sid=3027,Coushatta Casino Resort,2026-10-01T17:07:56.618463+00:00
3022,3/5/10 Play Poker - Triple Play Triple Double Bonus Poker,IGT,Poker,$0.25,N/A,,,https://www.coushattacasinoresort.com/slot-map.php?sid=3022,https://www.coushattacasinoresort.com/slot-map.php?sid=3022,Coushatta Casino Resort,2026-10-01T17:07:56.584400+00:00
3023,3/5/10 Play Poker - Triple Play Triple Double Bonus Poker,IGT,Poker,$0.50,N/A,,,https://www.coushattacasinoresort.com/slot-map.php?sid=3023,https://www.coushattacasinoresort.com/slot-map.php?sid=3023,Coushatta Casino Resort,2026-10-01T17:07:56.589319+00:00
3024,3/5/10 Play Poker - Triple Play Triple Double Bonus Poker,IGT,Poker,$1.00,N/A,,,https://www.coushattacasinoresort.com/slot-map.php?sid=3024,https://www.coushattacasinoresort.com/slot-map.php?sid=3024,Coushatta Casino Resort,2026-10-01T17:07:56.599865+00:00
3019,3/5/10 Play Poker - Triple Play Triple Triple Bonus Poker,IGT,Poker,$0.25,N/A,,,https://www.coushattacasinoresort.com/slot-map.php?sid=3019,https://www.coushattacasinoresort.com/slot-map.php?sid=3019,Coushatta Casino Resort,2026-10-01T17:07:56.512762+00:00
3020,3/5/10 Play Poker - Triple Play Triple Triple Bonus Poker,IGT,Poker,$0.50,N/A,,,https://www.coushattacasinoresort.com/slot-map.php?sid=3020,https://www.coushattacasinoresort.com/slot-map.php?sid=3020,Coushatta Casino Resort,2026-10-01T17:07:56.560379+00:00
3021,3/5/10 Play Poker - Triple Play Triple Triple Bonus Poker,IGT,Poker,$1.00,N/A,,,https://www.coushattacasinoresort.com/slot-map.php?sid=3021,https://www.coushattacasinoresort.com/slot-map.php?sid=3021,Coushatta Casino Resort,2026-10-01T17:07:56.564510+00:00
748,3X Supreme Ext:Grand Prosperity M P,Aristocrat,Video,$0.01,Medium,3.0,,https://www.coushattacasinoresort.com/slot-map.php?sid=748,https://www.coushattacasinoresort.com/slot-map.php?sid=748,Coushatta Casino Resort,2026-10-01T17:07:11.068872+00:00
746,3X Supreme Ext:Heat Of The Sea Md P,Aristocrat,Video,$0.01,Medium,3.0,,https://www.coushattacasinoresort.com/slot-map.php?sid=746,https://www.coushattacasinoresort.com/slot-map.php?sid=746,Coushatta Casino Resort,2026-10-01T17:07:11.008530+00:00
42,3X2X Super Sevens Free Games,IGT,Video,$0.01,High,4.0,,https://www.coushattacasinoresort.com/slot-map.php?sid=42,https://www.coushattacasinoresort.com/slot-map.php?sid=42,Coushatta Casino Resort,2026-10-01T17:07:01.882462+00:00
842,5X5X5X Jackpot Gem,IGT,Reel,$1.00,Medium,3.0,,https://www.coushattacasinoresort.com/slot-map.php?sid=842,https://www.coushattacasinoresort.com/slot-map.php?sid=842,Coushatta Casino Resort,2026-10-01T17:07:12.403388+00:00
1662,8X Crystal Bells (Prog),AGS,Video,$0.01,Medium - Low,2.0,,https://www.coushattacasinoresort.com/slot-map.php?sid=1662,https://www.coushattacasinoresort.com/slot-map.php?sid=1662,Coushatta Casino Resort,2026-10-01T17:07:22.076652+00:00
3295,Aces & Faces,IGT Poker,Poker,$0.10,N/A,,,https://www.coushattacasinoresort.com/slot-map.php?sid=3295,https://www.coushattacasinoresort.com/slot-map.php?sid=3295,Coushatta Casino Resort,2026-10-01T17:08:00.557256+00:00
3296,Aces & Faces,IGT Poker,Poker,$0.25,N/A,,,https://www.coushattacasinoresort.com/slot-map.php?sid=3296,https://www.coushattacasinoresort.com/slot-map.php?sid=3296,Coushatta Casino Resort,2026-10-01T17:08:00.560381+00:00
3297,Aces & Faces,IGT Poker,Poker,$0.50,N/A,,,https://www.coushattacasinoresort.com/slot-map.php?sid=3297,https://www.coushattacasinoresort.com/slot-map.php?sid=3297,Coushatta Casino Resort,2026-10-01T17:08:00.621762+00:00
3298,Aces & Faces,IGT Poker,Poker,$1.00,N/A,,,https://www.coushattacasinoresort.com/slot-map.php?sid=3298,https://www.coushattacasinoresort.com/slot-map.php?sid=3298,Coushatta Casino Resort,2026-10-01T17:08:00.629656+00:00
4040,Aces & Faces Poker,IGT Poker,Poker,$0.10,N/A,,,https://www.coushattacasinoresort.com/slot-map.php?sid=4040,https://www.coushattacasinoresort.com/slot-map.php?sid=4040,Coushatta Casino Resort,2026-10-01T17:08:02.437667+00:00
4041,Aces & Faces Poker,IGT Poker,Poker,$0.25,N/A,,,https://www.coushattacasinoresort.com/slot-map.php?sid=4041,https://www.coushattacasinoresort.com/slot-map.php?sid=4041,Coushatta Casino Resort,2026-10-01T17:08:02.436134+00:00
4042,Aces & Faces Poker,IGT Poker,Poker,$0.50,N/A,,,https://www.coushattacasinoresort.com/slot-map.php?sid=4042,https://www.coushattacasinoresort.com/slot-map.php?sid=4042,Coushatta Casino Resort,2026-10-01T17:08:02.469895+00:00
4043,Aces & Faces Poker,IGT Poker,Poker,$1.00,N/A,,,https://www.coushattacasinoresort.com/slot-map.php?sid=4043,https://www.coushattacasinoresort.com/slot-map.php?sid=4043,Coushatta Casino Resort,2026-10-01T17:08:02.480757+00:00
1734,Aces Bonus Poker,IGT Poker,Poker,$0.25,N/A,,,https://www.coushattacasinoresort.com/slot-map.php?sid=1734,https://www.coushattacasinoresort.com/slot-map.php?sid=1734,Coushatta Casino Resort,2026-10-01T17:07:23.059383+00:00
2438,Aces and Faces Poker,IGT,Poker,$0.25,N/A,,,https://www.coushattacasinoresort.com/slot-map.php?sid=2438,https://www.coushattacasinoresort.com/slot-map.php?sid=2438,Coushatta Casino Resort,2026-10-01T17:07:42.462439+00:00
2439,Aces and Faces Poker,IGT,Poker,$0.50,N/A,,,https://www.coushattacasinoresort.com/slot-map.php?sid=2439,https://www.coushattacasinoresort.com/slot-map.php?sid=2439,Coushatta Casino Resort,2026-10-01T17:07:42.488840+00:00
2440,Aces and Faces Poker,IGT,Poker,$1.00,N/A,,,https://www.coushattacasinoresort.com/slot-map.php?sid=2440,https://www.coushattacasinoresort.com/slot-map.php?sid=2440,Coushatta Casino Resort,2026-10-01T17:07:42.525097+00:00
2441,Aces and Faces Poker,IGT,Poker,$2.00,N/A,,,https://www.coushattacasinoresort.com/slot-map.php?sid=2441,https://www.coushattacasinoresort.com/slot-map.php?sid=2441,Coushatta Casino Resort,2026-10-01T17:07:42.576861+00:00
2489,Aces and Faces Poker,IGT,Poker,$5.00,N/A,,,https://www.coushattacasinoresort.com/slot-map.php?sid=2489,https://www.coushattacasinoresort.com/slot-map.php?sid=2489,Coushatta Casino Resort,2026-10-01T17:07:44.026517+00:00
2490,Aces and Faces Poker,IGT,Poker,$10.00,N/A,,,https://www.coushattacasinoresort.com/slot-map.php?sid=2490,https://www.coushattacasinoresort.com/slot-map.php?sid=2490,Coushatta Casino Resort,2026-10-01T17:07:44.077751+00:00
2491,Aces and Faces Poker,IGT,Poker,$25.00,N/A,,,https://www.coushattacasinoresort.com/slot-map.php?sid=2491,https://www.coushattacasinoresort.com/slot-map.php?sid=2491,Coushatta Casino Resort,2026-10-01T17:07:44.067535+00:00
1391,All Aboard Multi Game(Da) Mc Md Pr,Konami,Video,$0.01,Medium - High,3.0,,https://www.coushattacasinoresort.com/slot-map.php?sid=1391,https://www.coushattacasinoresort.com/slot-map.php?sid=1391,Coushatta Casino Resort,2026-10-01T17:07:19.323965+00:00
1392,All Aboard Multi Game:(Db) Mc Md Pr,Konami,Video,$0.01,Medium - High,3.0,,https://www.coushattacasinoresort.com/slot-map.php?sid=1392,https://www.coushattacasinoresort.com/slot-map.php?sid=1392,Coushatta Casino Resort,2026-10-01T17:07:19.348295+00:00
917,Ascendiing Fortune Pagoda Rise Mc,Incredible Technologies,Video,$0.01,Medium,3.0,,https://www.coushattacasinoresort.com/slot-map.php?sid=917,https://www.coushattacasinoresort.com/slot-map.php?sid=917,Coushatta Casino Resort,2026-10-01T17:07:13.461170+00:00
935,Ascending Fortunes Jewel Oasis Md,Incredible Technologies,Video,$0.01,Medium,3.0,,https://www.coushattacasinoresort.com/slot-map.php?sid=935,https://www.coushattacasinoresort.com/slot-map.php?sid=935,Coushatta Casino Resort,2026-10-01T17:07:13.737984+00:00
1036,Astro Oink (Mc) (Md) (Prog),Everi,Video,$0.01,Medium,3.0,,https://www.coushattacasinoresort.com/slot-map.php?sid=1036,https://www.coushattacasinoresort.com/slot-map.php?sid=1036,Coushatta Casino Resort,2026-10-01T17:07:14.999007+00:00
3291,Atomic Fever: Bonus Poker,IGT Poker,Poker,$0.10,N/A,,,https://www.coushattacasinoresort.com/slot-map.php?sid=3291,https://www.coushattacasinoresort.com/slot-map.php?sid=3291,Coushatta Casino Resort,2026-10-01T17:08:00.535125+00:00
3292,Atomic Fever: Bonus Poker,IGT Poker,Poker,$0.25,N/A,,,https://www.coushattacasinoresort.com/slot-map.php?sid=3292,https://www.coushattacasinoresort.com/slot-map.php?sid=3292,Coushatta Casino Resort,2026-10-01T17:08:00.539804+00:00
3293,Atomic Fever: Bonus Poker,IGT Poker,Poker,$0.50,N/A,,,https://www.coushattacasinoresort.com/slot-map.php?sid=3293,https://www.coushattacasinoresort.com/slot-map.php?sid=3293,Coushatta Casino Resort,2026-10-01T17:08:00.548025+00:00
3294,Atomic Fever: Bonus Poker,IGT Poker,Poker,$1.00,N/A,,,https://www.coushattacasinoresort.com/slot-map.php?sid=3294,https://www.coushattacasinoresort.com/slot-map.php?sid=3294,Coushatta Casino Resort,2026-10-01T17:08:00.552890+00:00
3287,Atomic Fever: Double Double Bonus,IGT Poker,Poker,$0.10,N/A,,,https://www.coushattacasinoresort.com/slot-map.php?sid=3287,https://www.coushattacasinoresort.com/slot-map.php?sid=3287,Coushatta Casino Resort,2026-10-01T17:08:00.430371+00:00
3288,Atomic Fever: Double Double Bonus,IGT Poker,Poker,$0.25,N/A,,,https://www.coushattacasinoresort.com/slot-map.php?sid=3288,https://www.coushattacasinoresort.com/slot-map.php?sid=3288,Coushatta Casino Resort,2026-10-01T17:08:00.463635+00:00
3289,Atomic Fever: Double Double Bonus,IGT Poker,Poker,$0.50,N/A,,,https://www.coushattacasinoresort.com/slot-map.php?sid=3289,https://www.coushattacasinoresort.com/slot-map.php?sid=3289,Coushatta Casino Resort,2026-10-01T17:08:00.517108+00:00
3290,Atomic Fever: Double Double Bonus,IGT Poker,Poker,$1.00,N/A,,,https://www.coushattacasinoresort.com/slot-map.php?sid=3290,https://www.coushattacasinoresort.com/slot-map.php?sid=3290,Coushatta Casino Resort,2026-10-01T17:08:00.512327+00:00
4032,Atomic Fever: Double Double Bonus Poker,IGT Poker,Poker,$0.10,N/A,,,https://www.coushattacasinoresort.com/slot-map.php?sid=4032,https://www.coushattacasinoresort.com/slot-map.php?sid=4032,Coushatta Casino Resort,2026-10-01T17:08:02.253539+00:00
4033,Atomic Fever: Double Double Bonus Poker,IGT Poker,Poker,$0.25,N/A,,,https://www.coushattacasinoresort.com/slot-map.php?sid=4033,https://www.coushattacasinoresort.com/slot-map.php?sid=4033,Coushatta Casino Resort,2026-10-01T17:08:02.285893+00:00
4034,Atomic Fever: Double Double Bonus Poker,IGT Poker,Poker,$0.50,N/A,,,https://www.coushattacasinoresort.com/slot-map.php?sid=4034,https://www.coushattacasinoresort.com/slot-map.php?sid=4034,Coushatta Casino Resort,2026-10-01T17:08:02.373921+00:00
4035,Atomic Fever: Double Double Bonus Poker,IGT Poker,Poker,$1.00,N/A,,,https://www.coushattacasinoresort.com/slot-map.php?sid=4035,https://www.coushattacasinoresort.com/slot-map.php?sid=4035,Coushatta Casino Resort,2026-10-01T17:08:02.331479+00:00
3283,Atomic Fever: Triple Double Bonus,IGT Poker,Poker,$0.10,N/A,,,https://www.coushattacasinoresort.com/slot-map.php?sid=3283,https://www.coushattacasinoresort.com/slot-map.php?sid=3283,Coushatta Casino Resort,2026-10-01T17:08:00.415231+00:00
3284,Atomic Fever: Triple Double Bonus,IGT Poker,Poker,$0.25,N/A,,,https://www.coushattacasinoresort.com/slot-map.php?sid=3284,https://www.coushattacasinoresort.com/slot-map.php?sid=3284,Coushatta Casino Resort,2026-10-01T17:08:00.419239+00:00
3285,Atomic Fever: Triple Double Bonus,IGT Poker,Poker,$0.50,N/A,,,https://www.coushattacasinoresort.com/slot-map.php?sid=3285,https://www.coushattacasinoresort.com/slot-map.php?sid=3285,Coushatta Casino Resort,2026-10-01T17:08:00.411286+00:00
3286,Atomic Fever: Triple Double Bonus,IGT Poker,Poker,$1.00,N/A,,,https://www.coushattacasinoresort.com/slot-map.php?sid=3286,https://www.coushattacasinoresort.com/slot-map.php?sid=3286,Coushatta Casino Resort,2026-10-01T17:08:00.442043+00:00
4028,Atomic Fever: Triple Double Bonus Poker,IGT Poker,Poker,$0.10,N/A,,,https://www.coushattacasinoresort.com/slot-map.php?sid=4028,https://www.coushattacasinoresort.com/slot-map.php?sid=4028,Coushatta Casino Resort,2026-10-01T17:08:02.185579+00:00
4029,Atomic Fever: Triple Double Bonus Poker,IGT Poker,Poker,$0.25,N/A,,,https://www.coushattacasinoresort.com/slot-map.php?sid=4029,https://www.coushattacasinoresort.com/slot-map.php?sid=4029,Coushatta Casino Resort,2026-10-01T17:08:02.189150+00:00
4030,Atomic Fever: Triple Double Bonus Poker,IGT Poker,Poker,$0.50,N/A,,,https://www.coushattacasinoresort.com/slot-map.php?sid=4030,https://www.coushattacasinoresort.com/slot-map.php?sid=4030,Coushatta Casino Resort,2026-10-01T17:08:02.220381+00:00
4031,Atomic Fever: Triple Double Bonus Poker,IGT Poker,Poker,$1.00,N/A,,,https://www.coushattacasinoresort.com/slot-map.php?sid=4031,https://www.coushattacasinoresort.com/slot-map.php?sid=4031,Coushatta Casino Resort,2026-10-01T17:08:02.270252+00:00
944,Atomic Meltdown (Md),Everi,Reel,$1.00,Medium,3.0,,https://www.coushattacasinoresort.com/slot-map.php?sid=944,https://www.coushattacasinoresort.com/slot-map.php?sid=944,Coushatta Casino Resort,2026-10-01T17:07:13.875811+00:00
945,Atomic Meltdown (Md),Everi,Reel,$2.00,Medium,3.0,,https://www.coushattacasinoresort.com/slot-map.php?sid=945,https://www.coushattacasinoresort.com/slot-map.php?sid=945,Coushatta Casino Resort,2026-10-01T17:07:13.877358+00:00
1115,Atomic Meltdown (Md),Everi,Reel,$0.25,Medium,3.0,,https://www.coushattacasinoresort.com/slot-map.php?sid=1115,https://www.coushattacasinoresort.com/slot-map.php?sid=1115,Coushatta Casino Resort,2026-10-01T17:07:15.772185+00:00
1116,Atomic Meltdown (Md),Everi,Reel,$0.50,Medium,3.0,,https://www.coushattacasinoresort.com/slot-map.php?sid=1116,https://www.coushattacasinoresort.com/slot-map.php?sid=1116,Coushatta Casino Resort,2026-10-01T17:07:15.797773+00:00
535,Aztec Temple,IGT,Video,$0.01,Low,2.0,,https://www.coushattacasinoresort.com/slot-map.php?sid=535,https://www.coushattacasinoresort.com/slot-map.php?sid=535,Coushatta Casino Resort,2026-10-01T17:07:08.169747+00:00
936,Aztec Treasure (Prog),Everi,Reel,$1.00,Medium,3.0,,https://www.coushattacasinoresort.com/slot-map.php?sid=936,https://www.coushattacasinoresort.com/slot-map.php?sid=936,Coushatta Casino Resort,2026-10-01T17:07:13.741226+00:00
1344,Bang! Bam! Boom! (Mc) (Md) (Prog),Light & Wonder,Reel,$0.01,Medium - High,3.0,,https://www.coushattacasinoresort.com/slot-map.php?sid=1344,https://www.coushattacasinoresort.com/slot-map.php?sid=1344,Coushatta Casino Resort,2026-10-01T17:07:18.652015+00:00
1471,Bang! Bam! Boom! (Mc) (Md) (Prog),Light & Wonder,Video,$0.01,Medium - High,3.0,,https://www.coushattacasinoresort.com/slot-map.php?sid=1471,https://www.coushattacasinoresort.com/slot-map.php?sid=1471,Coushatta Casino Resort,2026-10-01T17:07:20.278538+00:00
531,Bao Bao Riches Envelopes Md (Prog),Aristocrat,Video,$0.01,Low,2.0,,https://www.coushattacasinoresort.com/slot-map.php?sid=531,https://www.coushattacasinoresort.com/slot-map.php?sid=531,Coushatta Casino Resort,2026-10-01T17:07:08.108903+00:00
532,Bao Bao Riches Fireworks Md (Prog),Aristocrat,Video,$0.01,Low,2.0,,https://www.coushattacasinoresort.com/slot-map.php?sid=532,https://www.coushattacasinoresort.com/slot-map.php?sid=532,Coushatta Casino Resort,2026-10-01T17:07:08.104994+00:00
632,Bao Zhu Zhao Fu Blue Festival Md P,Aristocrat,Video,$0.01,Medium,3.0,,https://www.coushattacasinoresort.com/slot-map.php?sid=632,https://www.coushattacasinoresort.com/slot-map.php?sid=632,Coushatta Casino Resort,2026-10-01T17:07:09.411331+00:00
866,Bao Zhu Zhao Fu Blue Festival Md P,Aristocrat,Video,$0.10,Medium,3.0,,https://www.coushattacasinoresort.com/slot-map.php?sid=866,https://www.coushattacasinoresort.com/slot-map.php?sid=866,Coushatta Casino Resort,2026-10-01T17:07:12.773769+00:00
633,Bao Zhu Zhao Fu Red Festival (Md) P,Aristocrat,Video,$0.01,Medium,3.0,,https://www.coushattacasinoresort.com/slot-map.php?sid=633,https://www.coushattacasinoresort.com/slot-map.php?sid=633,Coushatta Casino Resort,2026-10-01T17:07:09.415911+00:00
867,Bao Zhu Zhao Fu Red Festival (Md) P,Aristocrat,Video,$0.10,Medium,3.0,,https://www.coushattacasinoresort.com/slot-map.php?sid=867,https://www.coushattacasinoresort.com/slot-map.php?sid=867,Coushatta Casino Resort,2026-10-01T17:07:12.770520+00:00
1704,Bengal Blaze Inferno Mc Md Prog,Aristocrat,Video,$0.01,Medium - Low,2.0,,https://www.coushattacasinoresort.com/slot-map.php?sid=1704,https://www.coushattacasinoresort.com/slot-map.php?sid=1704,Coushatta Casino Resort,2026-10-01T17:07:22.646419+00:00
1430,Berry Bucks (Mc) (Md),Bluberi,Video,$0.01,Medium - High,3.0,,https://www.coushattacasinoresort.com/slot-map.php?sid=1430,https://www.coushattacasinoresort.com/slot-map.php?sid=1430,Coushatta Casino Resort,2026-10-01T17:07:19.818701+00:00
1431,Berry Bucks (Mc) (Md),Bluberi,Video,$0.02,Medium - High,3.0,,https://www.coushattacasinoresort.com/slot-map.php?sid=1431,https://www.coushattacasinoresort.com/slot-map.php?sid=1431,Coushatta Casino Resort,2026-10-01T17:07:19.846533+00:00
1432,Berry Bucks (Mc) (Md),Bluberi,Video,$0.05,Medium - High,3.0,,https://www.coushattacasinoresort.com/slot-map.php?sid=1432,https://www.coushattacasinoresort.com/slot-map.php?sid=1432,Coushatta Casino Resort,2026-10-01T17:07:19.831111+00:00
1433,Berry Bucks (Mc) (Md),Bluberi,Video,$0.10,Medium - High,3.0,,https://www.coushattacasinoresort.com/slot-map.php?sid=1433,https://www.coushattacasinoresort.com/slot-map.php?sid=1433,Coushatta Casino Resort,2026-10-01T17:07:19.854706+00:00
1722,Big Money Burst Buried Treasure (P),Light & Wonder,Video,$0.01,N/A,,,https://www.coushattacasinoresort.com/slot-map.php?sid=1722,https://www.coushattacasinoresort.com/slot-map.php?sid=1722,Coushatta Casino Resort,2026-10-01T17:07:22.918776+00:00
840,Big Red: Colossal Diamonds,AGS,Video,$1.00,Medium,3.0,,https://www.coushattacasinoresort.com/slot-map.php?sid=840,https://www.coushattacasinoresort.com/slot-map.php?sid=840,Coushatta Casino Resort,2026-10-01T17:07:12.398906+00:00
1711,Big Times Pay,IGT,Reel,$5.00,N/A,,,https://www.coushattacasinoresort.com/slot-map.php?sid=1711,https://www.coushattacasinoresort.com/slot-map.php?sid=1711,Coushatta Casino Resort,2026-10-01T17:07:22.731416+00:00
227,Black Diamond Platinum Sig (Md)(Pr),Everi,Reel,$1.00,High,4.0,,https://www.coushattacasinoresort.com/slot-map.php?sid=227,https://www.coushattacasinoresort.com/slot-map.php?sid=227,Coushatta Casino Resort,2026-10-01T17:07:04.595494+00:00
2436,Black Jack Double Deck,IGT,Poker,$1.00,N/A,,,https://www.coushattacasinoresort.com/slot-map.php?sid=2436,https://www.coushattacasinoresort.com/slot-map.php?sid=2436,Coushatta Casino Resort,2026-10-01T17:07:42.418680+00:00
2437,Black Jack Double Deck,IGT,Poker,$2.00,N/A,,,https://www.coushattacasinoresort.com/slot-map.php?sid=2437,https://www.coushattacasinoresort.com/slot-map.php?sid=2437,Coushatta Casino Resort,2026-10-01T17:07:42.450463+00:00
2434,Black Jack Single Deck,IGT,Poker,$1.00,N/A,,,https://www.coushattacasinoresort.com/slot-map.php?sid=2434,https://www.coushattacasinoresort.com/slot-map.php?sid=2434,Coushatta Casino Resort,2026-10-01T17:07:42.310707+00:00
2435,Black Jack Single Deck,IGT,Poker,$2.00,N/A,,,https://www.coushattacasinoresort.com/slot-map.php?sid=2435,https://www.coushattacasinoresort.com/slot-map.php?sid=2435,Coushatta Casino Resort,2026-10-01T17:07:42.306220+00:00
145,Black Rhino,IGT,Video,$1.00,High,4.0,,https://www.coushattacasinoresort.com/slot-map.php?sid=145,https://www.coushattacasinoresort.com/slot-map.php?sid=145,Coushatta Casino Resort,2026-10-01T17:07:03.482976+00:00
146,Black Rhino,IGT,Video,$2.00,High,4.0,,https://www.coushattacasinoresort.com/slot-map.php?sid=146,https://www.coushattacasinoresort.com/slot-map.php?sid=146,Coushatta Casino Resort,2026-10-01T17:07:03.568781+00:00
3281,Blackjack {Double Deck},IGT Poker,Poker,$2.00,N/A,,,https://www.coushattacasinoresort.com/slot-map.php?sid=3281,https://www.coushattacasinoresort.com/slot-map.php?sid=3281,Coushatta Casino Resort,2026-10-01T17:08:00.389149+00:00
3282,Blackjack {Double Deck},IGT Poker,Poker,$1.00,N/A,,,https://www.coushattacasinoresort.com/slot-map.php?sid=3282,https://www.coushattacasinoresort.com/slot-map.php?sid=3282,Coushatta Casino Resort,2026-10-01T17:08:00.393104+00:00
4024,Blackjack {Double Deck},IGT Poker,Poker,$0.10,N/A,,,https://www.coushattacasinoresort.com/slot-map.php?sid=4024,https://www.coushattacasinoresort.com/slot-map.php?sid=4024,Coushatta Casino Resort,2026-10-01T17:08:02.057857+00:00
4025,Blackjack {Double Deck},IGT Poker,Poker,$0.25,N/A,,,https://www.coushattacasinoresort.com/slot-map.php?sid=4025,https://www.coushattacasinoresort.com/slot-map.php?sid=4025,Coushatta Casino Resort,2026-10-01T17:08:02.075849+00:00
4026,Blackjack {Double Deck},IGT Poker,Poker,$0.50,N/A,,,https://www.coushattacasinoresort.com/slot-map.php?sid=4026,https://www.coushattacasinoresort.com/slot-map.php?sid=4026,Coushatta Casino Resort,2026-10-01T17:08:02.123803+00:00
3279,Blackjack {Single Deck},IGT Poker,Poker,$2.00,N/A,,,https://www.coushattacasinoresort.com/slot-map.php?sid=3279,https://www.coushattacasinoresort.com/slot-map.php?sid=3279,Coushatta Casino Resort,2026-10-01T17:08:00.324682+00:00
3280,Blackjack {Single Deck},IGT Poker,Poker,$1.00,N/A,,,https://www.coushattacasinoresort.com/slot-map.php?sid=3280,https://www.coushattacasinoresort.com/slot-map.php?sid=3280,Coushatta Casino Resort,2026-10-01T17:08:00.351050+00:00
4021,Blackjack {Single Deck},IGT Poker,Poker,$0.25,N/A,,,https://www.coushattacasinoresort.com/slot-map.php?sid=4021,https://www.coushattacasinoresort.com/slot-map.php?sid=4021,Coushatta Casino Resort,2026-10-01T17:08:01.981231+00:00
4022,Blackjack {Single Deck},IGT Poker,Poker,$0.50,N/A,,,https://www.coushattacasinoresort.com/slot-map.php?sid=4022,https://www.coushattacasinoresort.com/slot-map.php?sid=4022,Coushatta Casino Resort,2026-10-01T17:08:02.005522+00:00
854,Blazin' Gems (Prog),Everi,Reel,$1.00,Medium,3.0,,https://www.coushattacasinoresort.com/slot-map.php?sid=854,https://www.coushattacasinoresort.com/slot-map.php?sid=854,Coushatta Casino Resort,2026-10-01T17:07:12.617881+00:00
1132,Blazin' Gems (Prog),Everi,Reel,$0.25,Medium,3.0,,https://www.coushattacasinoresort.com/slot-map.php?sid=1132,https://www.coushattacasinoresort.com/slot-map.php?sid=1132,Coushatta Casino Resort,2026-10-01T17:07:15.820042+00:00
1107,Blazing 7'S 3X2X Jp Wild Nudge (Pr),Light & Wonder,Reel,$0.25,Medium,3.0,,https://www.coushattacasinoresort.com/slot-map.php?sid=1107,https://www.coushattacasinoresort.com/slot-map.php?sid=1107,Coushatta Casino Resort,2026-10-01T17:07:15.588570+00:00
1109,Blazing 7'S 3X2X Jp Wild Nudge Stak,Light & Wonder,Reel,$0.25,Medium,3.0,,https://www.coushattacasinoresort.com/slot-map.php?sid=1109,https://www.coushattacasinoresort.com/slot-map.php?sid=1109,Coushatta Casino Resort,2026-10-01T17:07:15.592121+00:00
942,Blazing 7'S Triple Dble Jp Wild (P),Light & Wonder,Reel,$1.00,Medium,3.0,,https://www.coushattacasinoresort.com/slot-map.php?sid=942,https://www.coushattacasinoresort.com/slot-map.php?sid=942,Coushatta Casino Resort,2026-10-01T17:07:13.866465+00:00
943,Blazing 7'S Triple Dble Jp Wild (P),Light & Wonder,Reel,$2.00,Medium,3.0,,https://www.coushattacasinoresort.com/slot-map.php?sid=943,https://www.coushattacasinoresort.com/slot-map.php?sid=943,Coushatta Casino Resort,2026-10-01T17:07:13.854971+00:00
678,Blazing 777 2X3X5X (Md)(Prog),Light & Wonder,Reel,$1.00,Medium,3.0,,https://www.coushattacasinoresort.com/slot-map.php?sid=678,https://www.coushattacasinoresort.com/slot-map.php?sid=678,Coushatta Casino Resort,2026-10-01T17:07:10.036596+00:00
679,Blazing 777 2X3X5X (Md)(Prog),Light & Wonder,Reel,$2.00,Medium,3.0,,https://www.coushattacasinoresort.com/slot-map.php?sid=679,https://www.coushattacasinoresort.com/slot-map.php?sid=679,Coushatta Casino Resort,2026-10-01T17:07:10.115957+00:00
940,Blazing 777 2X3X5X (Md)(Prog),Light & Wonder,Reel,$0.25,Medium,3.0,,https://www.coushattacasinoresort.com/slot-map.php?sid=940,https://www.coushattacasinoresort.com/slot-map.php?sid=940,Coushatta Casino Resort,2026-10-01T17:07:13.767324+00:00
1119,Blazing 777 2X3X5X Nudge (Pr),Light & Wonder,Reel,$0.25,Medium,3.0,,https://www.coushattacasinoresort.com/slot-map.php?sid=1119,https://www.coushattacasinoresort.com/slot-map.php?sid=1119,Coushatta Casino Resort,2026-10-01T17:07:15.794163+00:00
941,Blazing 777 Triple Double Jp Wild P,Light & Wonder,Reel,$0.25,Medium,3.0,,https://www.coushattacasinoresort.com/slot-map.php?sid=941,https://www.coushattacasinoresort.com/slot-map.php?sid=941,Coushatta Casino Resort,2026-10-01T17:07:13.778313+00:00
680,Blazing 777 Trpl Dble Jp Wild Md Pr,Light & Wonder,Reel,$1.00,Medium,3.0,,https://www.coushattacasinoresort.com/slot-map.php?sid=680,https://www.coushattacasinoresort.com/slot-map.php?sid=680,Coushatta Casino Resort,2026-10-01T17:07:10.086874+00:00
681,Blazing 777 Trpl Dble Jp Wild Md Pr,Light & Wonder,Reel,$2.00,Medium,3.0,,https://www.coushattacasinoresort.com/slot-map.php?sid=681,https://www.coushattacasinoresort.com/slot-map.php?sid=681,Coushatta Casino Resort,2026-10-01T17:07:10.110839+00:00
2624,Blazing Gem Deluxe (Prog),Everi,Reel,$1.00,N/A,,,https://www.coushattacasinoresort.com/slot-map.php?sid=2624,https://www.coushattacasinoresort.com/slot-map.php?sid=2624,Coushatta Casino Resort,2026-10-01T17:07:46.018160+00:00
1004,Blazing Money Stash 10P Blazing 777,Light & Wonder,Video,$0.01,Medium,3.0,,https://www.coushattacasinoresort.com/slot-map.php?sid=1004,https://www.coushattacasinoresort.com/slot-map.php?sid=1004,Coushatta Casino Resort,2026-10-01T17:07:14.612980+00:00
795,Blazing Sevens (Prog),Light & Wonder,Reel,$1.00,Medium,3.0,,https://www.coushattacasinoresort.com/slot-map.php?sid=795,https://www.coushattacasinoresort.com/slot-map.php?sid=795,Coushatta Casino Resort,2026-10-01T17:07:11.758440+00:00
1350,Blue Prosper Bao Zhu Zhao Fu Ignite,Aristocrat,Video,$0.01,Medium - High,3.0,,https://www.coushattacasinoresort.com/slot-map.php?sid=1350,https://www.coushattacasinoresort.com/slot-map.php?sid=1350,Coushatta Casino Resort,2026-10-01T17:07:18.728158+00:00
225,Blue Ribbon (Md),Everi,Reel,$1.00,High,4.0,,https://www.coushattacasinoresort.com/slot-map.php?sid=225,https://www.coushattacasinoresort.com/slot-map.php?sid=225,Coushatta Casino Resort,2026-10-01T17:07:04.520227+00:00
226,Blue Ribbon (Md),Everi,Reel,$2.00,High,4.0,,https://www.coushattacasinoresort.com/slot-map.php?sid=226,https://www.coushattacasinoresort.com/slot-map.php?sid=226,Coushatta Casino Resort,2026-10-01T17:07:04.602130+00:00
518,Bombay,IGT,Video,$1.00,Low,2.0,,https://www.coushattacasinoresort.com/slot-map.php?sid=518,https://www.coushattacasinoresort.com/slot-map.php?sid=518,Coushatta Casino Resort,2026-10-01T17:07:07.988109+00:00
1705,Bomberman Blast Mc Md Prog,Konami,Video,$0.01,Medium - Low,2.0,,https://www.coushattacasinoresort.com/slot-map.php?sid=1705,https://www.coushattacasinoresort.com/slot-map.php?sid=1705,Coushatta Casino Resort,2026-10-01T17:07:22.741016+00:00
1706,Bomberman Boom Mc Md Prog,Konami,Video,$0.01,Medium - Low,2.0,,https://www.coushattacasinoresort.com/slot-map.php?sid=1706,https://www.coushattacasinoresort.com/slot-map.php?sid=1706,Coushatta Casino Resort,2026-10-01T17:07:22.683589+00:00
1733,Bonus Poker,IGT Poker,Poker,$0.25,N/A,,,https://www.coushattacasinoresort.com/slot-map.php?sid=1733,https://www.coushattacasinoresort.com/slot-map.php?sid=1733,Coushatta Casino Resort,2026-10-01T17:07:23.055221+00:00
2430,Bonus Poker,IGT,Poker,$0.25,N/A,,,https://www.coushattacasinoresort.com/slot-map.php?sid=2430,https://www.coushattacasinoresort.com/slot-map.php?sid=2430,Coushatta Casino Resort,2026-10-01T17:07:42.241043+00:00
2431,Bonus Poker,IGT,Poker,$0.50,N/A,,,https://www.coushattacasinoresort.com/slot-map.php?sid=2431,https://www.coushattacasinoresort.com/slot-map.php?sid=2431,Coushatta Casino Resort,2026-10-01T17:07:42.262175+00:00
2432,Bonus Poker,IGT,Poker,$1.00,N/A,,,https://www.coushattacasinoresort.com/slot-map.php?sid=2432,https://www.coushattacasinoresort.com/slot-map.php?sid=2432,Coushatta Casino Resort,2026-10-01T17:07:42.292954+00:00
2433,Bonus Poker,IGT,Poker,$2.00,N/A,,,https://www.coushattacasinoresort.com/slot-map.php?sid=2433,https://www.coushattacasinoresort.com/slot-map.php?sid=2433,Coushatta Casino Resort,2026-10-01T17:07:42.315719+00:00
2486,Bonus Poker,IGT,Poker,$5.00,N/A,,,https://www.coushattacasinoresort.com/slot-map.php?sid=2486,https://www.coushattacasinoresort.com/slot-map.php?sid=2486,Coushatta Casino Resort,2026-10-01T17:07:43.888293+00:00
2487,Bonus Poker,IGT,Poker,$10.00,N/A,,,https://www.coushattacasinoresort.com/slot-map.php?sid=2487,https://www.coushattacasinoresort.com/slot-map.php?sid=2487,Coushatta Casino Resort,2026-10-01T17:07:44.016344+00:00
2488,Bonus Poker,IGT,Poker,$25.00,N/A,,,https://www.coushattacasinoresort.com/slot-map.php?sid=2488,https://www.coushattacasinoresort.com/slot-map.php?sid=2488,Coushatta Casino Resort,2026-10-01T17:07:43.957975+00:00
2584,Bonus Poker,IGT Poker,Poker,$0.50,N/A,,,https://www.coushattacasinoresort.com/slot-map.php?sid=2584,https://www.coushattacasinoresort.com/slot-map.php?sid=2584,Coushatta Casino Resort,2026-10-01T17:07:45.547003+00:00
2585,Bonus Poker,IGT Poker,Poker,$1.00,N/A,,,https://www.coushattacasinoresort.com/slot-map.php?sid=2585,https://www.coushattacasinoresort.com/slot-map.php?sid=2585,Coushatta Casino Resort,2026-10-01T17:07:45.725020+00:00
2586,Bonus Poker,IGT Poker,Poker,$2.00,N/A,,,https://www.coushattacasinoresort.com/slot-map.php?sid=2586,https://www.coushattacasinoresort.com/slot-map.php?sid=2586,Coushatta Casino Resort,2026-10-01T17:07:45.670335+00:00
2587,Bonus Poker,IGT Poker,Poker,$5.00,N/A,,,https://www.coushattacasinoresort.com/slot-map.php?sid=2587,https://www.coushattacasinoresort.com/slot-map.php?sid=2587,Coushatta Casino Resort,2026-10-01T17:07:45.695864+00:00
3276,Bonus Poker,IGT Poker,Poker,$0.10,N/A,,,https://www.coushattacasinoresort.com/slot-map.php?sid=3276,https://www.coushattacasinoresort.com/slot-map.php?sid=3276,Coushatta Casino Resort,2026-10-01T17:08:00.329468+00:00
4017,Bonus Poker (Progressive),IGT Poker,Poker,$0.25,N/A,,,https://www.coushattacasinoresort.com/slot-map.php?sid=4017,https://www.coushattacasinoresort.com/slot-map.php?sid=4017,Coushatta Casino Resort,2026-10-01T17:08:01.975477+00:00
1732,Bonus Poker Deluxe,IGT Poker,Poker,$0.25,N/A,,,https://www.coushattacasinoresort.com/slot-map.php?sid=1732,https://www.coushattacasinoresort.com/slot-map.php?sid=1732,Coushatta Casino Resort,2026-10-01T17:07:23.050635+00:00
2426,Bonus Poker Deluxe,IGT,Poker,$0.25,N/A,,,https://www.coushattacasinoresort.com/slot-map.php?sid=2426,https://www.coushattacasinoresort.com/slot-map.php?sid=2426,Coushatta Casino Resort,2026-10-01T17:07:42.070426+00:00
2427,Bonus Poker Deluxe,IGT,Poker,$0.50,N/A,,,https://www.coushattacasinoresort.com/slot-map.php?sid=2427,https://www.coushattacasinoresort.com/slot-map.php?sid=2427,Coushatta Casino Resort,2026-10-01T17:07:42.079938+00:00
2428,Bonus Poker Deluxe,IGT,Poker,$1.00,N/A,,,https://www.coushattacasinoresort.com/slot-map.php?sid=2428,https://www.coushattacasinoresort.com/slot-map.php?sid=2428,Coushatta Casino Resort,2026-10-01T17:07:42.216936+00:00
2429,Bonus Poker Deluxe,IGT,Poker,$2.00,N/A,,,https://www.coushattacasinoresort.com/slot-map.php?sid=2429,https://www.coushattacasinoresort.com/slot-map.php?sid=2429,Coushatta Casino Resort,2026-10-01T17:07:42.252572+00:00
2483,Bonus Poker Deluxe,IGT,Poker,$5.00,N/A,,,https://www.coushattacasinoresort.com/slot-map.php?sid=2483,https://www.coushattacasinoresort.com/slot-map.php?sid=2483,Coushatta Casino Resort,2026-10-01T17:07:43.852562+00:00
2484,Bonus Poker Deluxe,IGT,Poker,$10.00,N/A,,,https://www.coushattacasinoresort.com/slot-map.php?sid=2484,https://www.coushattacasinoresort.com/slot-map.php?sid=2484,Coushatta Casino Resort,2026-10-01T17:07:43.854080+00:00
2485,Bonus Poker Deluxe,IGT,Poker,$25.00,N/A,,,https://www.coushattacasinoresort.com/slot-map.php?sid=2485,https://www.coushattacasinoresort.com/slot-map.php?sid=2485,Coushatta Casino Resort,2026-10-01T17:07:43.891757+00:00
2579,Bonus Poker Deluxe,IGT Poker,Poker,$0.50,N/A,,,https://www.coushattacasinoresort.com/slot-map.php?sid=2579,https://www.coushattacasinoresort.com/slot-map.php?sid=2579,Coushatta Casino Resort,2026-10-01T17:07:45.493714+00:00
2580,Bonus Poker Deluxe,IGT Poker,Poker,$1.00,N/A,,,https://www.coushattacasinoresort.com/slot-map.php?sid=2580,https://www.coushattacasinoresort.com/slot-map.php?sid=2580,Coushatta Casino Resort,2026-10-01T17:07:45.554264+00:00
2581,Bonus Poker Deluxe,IGT Poker,Poker,$2.00,N/A,,,https://www.coushattacasinoresort.com/slot-map.php?sid=2581,https://www.coushattacasinoresort.com/slot-map.php?sid=2581,Coushatta Casino Resort,2026-10-01T17:07:45.446973+00:00
2582,Bonus Poker Deluxe,IGT Poker,Poker,$5.00,N/A,,,https://www.coushattacasinoresort.com/slot-map.php?sid=2582,https://www.coushattacasinoresort.com/slot-map.php?sid=2582,Coushatta Casino Resort,2026-10-01T17:07:45.519704+00:00
3272,Bonus Poker Deluxe,IGT Poker,Poker,$0.10,N/A,,,https://www.coushattacasinoresort.com/slot-map.php?sid=3272,https://www.coushattacasinoresort.com/slot-map.php?sid=3272,Coushatta Casino Resort,2026-10-01T17:08:00.296149+00:00
3271,Bonus Poker Prog,IGT Poker,Poker,$0.25,N/A,,,https://www.coushattacasinoresort.com/slot-map.php?sid=3271,https://www.coushattacasinoresort.com/slot-map.php?sid=3271,Coushatta Casino Resort,2026-10-01T17:08:00.294633+00:00
1742,Bonus Poker: Five Play,IGT Poker,Poker,$0.25,N/A,,,https://www.coushattacasinoresort.com/slot-map.php?sid=1742,https://www.coushattacasinoresort.com/slot-map.php?sid=1742,Coushatta Casino Resort,2026-10-01T17:07:23.166704+00:00
1741,Bonus Poker: Triple Play,IGT Poker,Poker,$0.25,N/A,,,https://www.coushattacasinoresort.com/slot-map.php?sid=1741,https://www.coushattacasinoresort.com/slot-map.php?sid=1741,Coushatta Casino Resort,2026-10-01T17:07:23.161218+00:00
1712,Bonus Sizzling Sevens,IGT,Reel,$0.25,N/A,,,https://www.coushattacasinoresort.com/slot-map.php?sid=1712,https://www.coushattacasinoresort.com/slot-map.php?sid=1712,Coushatta Casino Resort,2026-10-01T17:07:22.727212+00:00
869,Bonus Sizzling Sevens (Md),IGT,Reel,$1.00,Medium,3.0,,https://www.coushattacasinoresort.com/slot-map.php?sid=869,https://www.coushattacasinoresort.com/slot-map.php?sid=869,Coushatta Casino Resort,2026-10-01T17:07:12.805036+00:00
870,Bonus Sizzling Sevens (Md),IGT,Reel,$0.25,Medium,3.0,,https://www.coushattacasinoresort.com/slot-map.php?sid=870,https://www.coushattacasinoresort.com/slot-map.php?sid=870,Coushatta Casino Resort,2026-10-01T17:07:12.815004+00:00
871,Bonus Sizzling Sevens (Md),IGT,Reel,$0.50,Medium,3.0,,https://www.coushattacasinoresort.com/slot-map.php?sid=871,https://www.coushattacasinoresort.com/slot-map.php?sid=871,Coushatta Casino Resort,2026-10-01T17:07:12.837725+00:00
873,Bonus Sizzling Sevens (Prog),IGT,Reel,$1.00,Medium,3.0,,https://www.coushattacasinoresort.com/slot-map.php?sid=873,https://www.coushattacasinoresort.com/slot-map.php?sid=873,Coushatta Casino Resort,2026-10-01T17:07:12.877640+00:00
2625,Bonus Sizzling Sevens (Progressive),IGT,Reel,$1.00,N/A,,,https://www.coushattacasinoresort.com/slot-map.php?sid=2625,https://www.coushattacasinoresort.com/slot-map.php?sid=2625,Coushatta Casino Resort,2026-10-01T17:07:45.896354+00:00
797,Bonus Times (Prog),Light & Wonder,Reel,$1.00,Medium,3.0,,https://www.coushattacasinoresort.com/slot-map.php?sid=797,https://www.coushattacasinoresort.com/slot-map.php?sid=797,Coushatta Casino Resort,2026-10-01T17:07:11.776353+00:00
3016,Bonus Wild - Five Play Bonus Poker,IGT,Poker,$0.10,N/A,,,https://www.coushattacasinoresort.com/slot-map.php?sid=3016,https://www.coushattacasinoresort.com/slot-map.php?sid=3016,Coushatta Casino Resort,2026-10-01T17:07:56.476399+00:00
3017,Bonus Wild - Five Play Bonus Poker,IGT,Poker,$0.25,N/A,,,https://www.coushattacasinoresort.com/slot-map.php?sid=3017,https://www.coushattacasinoresort.com/slot-map.php?sid=3017,Coushatta Casino Resort,2026-10-01T17:07:56.506802+00:00
3018,Bonus Wild - Five Play Bonus Poker,IGT,Poker,$0.50,N/A,,,https://www.coushattacasinoresort.com/slot-map.php?sid=3018,https://www.coushattacasinoresort.com/slot-map.php?sid=3018,Coushatta Casino Resort,2026-10-01T17:07:56.499616+00:00
3013,Bonus Wild - Five Play Bonus Poker Deluxe,IGT,Poker,$0.10,N/A,,,https://www.coushattacasinoresort.com/slot-map.php?sid=3013,https://www.coushattacasinoresort.com/slot-map.php?sid=3013,Coushatta Casino Resort,2026-10-01T17:07:56.444808+00:00
3014,Bonus Wild - Five Play Bonus Poker Deluxe,IGT,Poker,$0.25,N/A,,,https://www.coushattacasinoresort.com/slot-map.php?sid=3014,https://www.coushattacasinoresort.com/slot-map.php?sid=3014,Coushatta Casino Resort,2026-10-01T17:07:56.488766+00:00
3015,Bonus Wild - Five Play Bonus Poker Deluxe,IGT,Poker,$0.50,N/A,,,https://www.coushattacasinoresort.com/slot-map.php?sid=3015,https://www.coushattacasinoresort.com/slot-map.php?sid=3015,Coushatta Casino Resort,2026-10-01T17:07:56.472675+00:00
3010,Bonus Wild - Five Play Deuces Wild,IGT,Poker,$0.10,N/A,,,https://www.coushattacasinoresort.com/slot-map.php?sid=3010,https://www.coushattacasinoresort.com/slot-map.php?sid=3010,Coushatta Casino Resort,2026-10-01T17:07:56.401146+00:00
3011,Bonus Wild - Five Play Deuces Wild,IGT,Poker,$0.25,N/A,,,https://www.coushattacasinoresort.com/slot-map.php?sid=3011,https://www.coushattacasinoresort.com/slot-map.php?sid=3011,Coushatta Casino Resort,2026-10-01T17:07:56.418557+00:00
3012,Bonus Wild - Five Play Deuces Wild,IGT,Poker,$0.50,N/A,,,https://www.coushattacasinoresort.com/slot-map.php?sid=3012,https://www.coushattacasinoresort.com/slot-map.php?sid=3012,Coushatta Casino Resort,2026-10-01T17:07:56.449516+00:00
3007,Bonus Wild - Five Play Deuces Wild Bonus,IGT,Poker,$0.10,N/A,,,https://www.coushattacasinoresort.com/slot-map.php?sid=3007,https://www.coushattacasinoresort.com/slot-map.php?sid=3007,Coushatta Casino Resort,2026-10-01T17:07:56.367033+00:00
3008,Bonus Wild - Five Play Deuces Wild Bonus,IGT,Poker,$0.25,N/A,,,https://www.coushattacasinoresort.com/slot-map.php?sid=3008,https://www.coushattacasinoresort.com/slot-map.php?sid=3008,Coushatta Casino Resort,2026-10-01T17:07:56.371761+00:00
3009,Bonus Wild - Five Play Deuces Wild Bonus,IGT,Poker,$0.50,N/A,,,https://www.coushattacasinoresort.com/slot-map.php?sid=3009,https://www.coushattacasinoresort.com/slot-map.php?sid=3009,Coushatta Casino Resort,2026-10-01T17:07:56.394779+00:00
3004,Bonus Wild - Five Play Double Bonus Poker,IGT,Poker,$0.10,N/A,,,https://www.coushattacasinoresort.com/slot-map.php?sid=3004,https://www.coushattacasinoresort.com/slot-map.php?sid=3004,Coushatta Casino Resort,2026-10-01T17:07:56.333903+00:00
3005,Bonus Wild - Five Play Double Bonus Poker,IGT,Poker,$0.25,N/A,,,https://www.coushattacasinoresort.com/slot-map.php?sid=3005,https://www.coushattacasinoresort.com/slot-map.php?sid=3005,Coushatta Casino Resort,2026-10-01T17:07:56.338359+00:00
3006,Bonus Wild - Five Play Double Bonus Poker,IGT,Poker,$0.50,N/A,,,https://www.coushattacasinoresort.com/slot-map.php?sid=3006,https://www.coushattacasinoresort.com/slot-map.php?sid=3006,Coushatta Casino Resort,2026-10-01T17:07:56.362258+00:00
3001,Bonus Wild - Five Play Double Double Bonus Poker,IGT,Poker,$0.10,N/A,,,https://www.coushattacasinoresort.com/slot-map.php?sid=3001,https://www.coushattacasinoresort.com/slot-map.php?sid=3001,Coushatta Casino Resort,2026-10-01T17:07:56.258887+00:00
3002,Bonus Wild - Five Play Double Double Bonus Poker,IGT,Poker,$0.25,N/A,,,https://www.coushattacasinoresort.com/slot-map.php?sid=3002,https://www.coushattacasinoresort.com/slot-map.php?sid=3002,Coushatta Casino Resort,2026-10-01T17:07:56.299669+00:00
3003,Bonus Wild - Five Play Double Double Bonus Poker,IGT,Poker,$0.50,N/A,,,https://www.coushattacasinoresort.com/slot-map.php?sid=3003,https://www.coushattacasinoresort.com/slot-map.php?sid=3003,Coushatta Casino Resort,2026-10-01T17:07:56.322133+00:00
2998,Bonus Wild - Five Play Jacks or Better,IGT,Poker,$0.10,N/A,,,https://www.coushattacasinoresort.com/slot-map.php?sid=2998,https://www.coushattacasinoresort.com/slot-map.php?sid=2998,Coushatta Casino Resort,2026-10-01T17:07:56.226794+00:00
2999,Bonus Wild - Five Play Jacks or Better,IGT,Poker,$0.25,N/A,,,https://www.coushattacasinoresort.com/slot-map.php?sid=2999,https://www.coushattacasinoresort.com/slot-map.php?sid=2999,Coushatta Casino Resort,2026-10-01T17:07:56.295614+00:00
3000,Bonus Wild - Five Play Jacks or Better,IGT,Poker,$0.50,N/A,,,https://www.coushattacasinoresort.com/slot-map.php?sid=3000,https://www.coushattacasinoresort.com/slot-map.php?sid=3000,Coushatta Casino Resort,2026-10-01T17:07:56.248876+00:00
2995,Bonus Wild - Five Play Triple Double Bonus Poker,IGT,Poker,$0.10,N/A,,,https://www.coushattacasinoresort.com/slot-map.php?sid=2995,https://www.coushattacasinoresort.com/slot-map.php?sid=2995,Coushatta Casino Resort,2026-10-01T17:07:56.213710+00:00
2996,Bonus Wild - Five Play Triple Double Bonus Poker,IGT,Poker,$0.25,N/A,,,https://www.coushattacasinoresort.com/slot-map.php?sid=2996,https://www.coushattacasinoresort.com/slot-map.php?sid=2996,Coushatta Casino Resort,2026-10-01T17:07:56.210122+00:00
2997,Bonus Wild - Five Play Triple Double Bonus Poker,IGT,Poker,$0.50,N/A,,,https://www.coushattacasinoresort.com/slot-map.php?sid=2997,https://www.coushattacasinoresort.com/slot-map.php?sid=2997,Coushatta Casino Resort,2026-10-01T17:07:56.230988+00:00
2992,Bonus Wild - Five Play Triple Triple Bonus Poker,IGT,Poker,$0.10,N/A,,,https://www.coushattacasinoresort.com/slot-map.php?sid=2992,https://www.coushattacasinoresort.com/slot-map.php?sid=2992,Coushatta Casino Resort,2026-10-01T17:07:56.126670+00:00
2993,Bonus Wild - Five Play Triple Triple Bonus Poker,IGT,Poker,$0.25,N/A,,,https://www.coushattacasinoresort.com/slot-map.php?sid=2993,https://www.coushattacasinoresort.com/slot-map.php?sid=2993,Coushatta Casino Resort,2026-10-01T17:07:56.142012+00:00
2994,Bonus Wild - Five Play Triple Triple Bonus Poker,IGT,Poker,$0.50,N/A,,,https://www.coushattacasinoresort.com/slot-map.php?sid=2994,https://www.coushattacasinoresort.com/slot-map.php?sid=2994,Coushatta Casino Resort,2026-10-01T17:07:56.165205+00:00
2989,Bonus Wild - Ten Play Bonus Poker,IGT,Poker,$0.05,N/A,,,https://www.coushattacasinoresort.com/slot-map.php?sid=2989,https://www.coushattacasinoresort.com/slot-map.php?sid=2989,Coushatta Casino Resort,2026-10-01T17:07:56.099017+00:00
2990,Bonus Wild - Ten Play Bonus Poker,IGT,Poker,$0.10,N/A,,,https://www.coushattacasinoresort.com/slot-map.php?sid=2990,https://www.coushattacasinoresort.com/slot-map.php?sid=2990,Coushatta Casino Resort,2026-10-01T17:07:56.190066+00:00
2991,Bonus Wild - Ten Play Bonus Poker,IGT,Poker,$0.25,N/A,,,https://www.coushattacasinoresort.com/slot-map.php?sid=2991,https://www.coushattacasinoresort.com/slot-map.php?sid=2991,Coushatta Casino Resort,2026-10-01T17:07:56.147234+00:00
2986,Bonus Wild - Ten Play Bonus Poker Deluxe,IGT,Poker,$0.05,N/A,,,https://www.coushattacasinoresort.com/slot-map.php?sid=2986,https://www.coushattacasinoresort.com/slot-map.php?sid=2986,Coushatta Casino Resort,2026-10-01T17:07:56.068579+00:00
2987,Bonus Wild - Ten Play Bonus Poker Deluxe,IGT,Poker,$0.10,N/A,,,https://www.coushattacasinoresort.com/slot-map.php?sid=2987,https://www.coushattacasinoresort.com/slot-map.php?sid=2987,Coushatta Casino Resort,2026-10-01T17:07:56.106666+00:00
2988,Bonus Wild - Ten Play Bonus Poker Deluxe,IGT,Poker,$0.25,N/A,,,https://www.coushattacasinoresort.com/slot-map.php?sid=2988,https://www.coushattacasinoresort.com/slot-map.php?sid=2988,Coushatta Casino Resort,2026-10-01T17:07:56.100499+00:00
2983,Bonus Wild - Ten Play Deuces Wild,IGT,Poker,$0.05,N/A,,,https://www.coushattacasinoresort.com/slot-map.php?sid=2983,https://www.coushattacasinoresort.com/slot-map.php?sid=2983,Coushatta Casino Resort,2026-10-01T17:07:55.995171+00:00
2984,Bonus Wild - Ten Play Deuces Wild,IGT,Poker,$0.10,N/A,,,https://www.coushattacasinoresort.com/slot-map.php?sid=2984,https://www.coushattacasinoresort.com/slot-map.php?sid=2984,Coushatta Casino Resort,2026-10-01T17:07:55.986744+00:00
2985,Bonus Wild - Ten Play Deuces Wild,IGT,Poker,$0.25,N/A,,,https://www.coushattacasinoresort.com/slot-map.php?sid=2985,https://www.coushattacasinoresort.com/slot-map.php?sid=2985,Coushatta Casino Resort,2026-10-01T17:07:56.044431+00:00
2980,Bonus Wild - Ten Play Deuces Wild Bonus,IGT,Poker,$0.05,N/A,,,https://www.coushattacasinoresort.com/slot-map.php?sid=2980,https://www.coushattacasinoresort.com/slot-map.php?sid=2980,Coushatta Casino Resort,2026-10-01T17:07:55.947903+00:00
2981,Bonus Wild - Ten Play Deuces Wild Bonus,IGT,Poker,$0.10,N/A,,,https://www.coushattacasinoresort.com/slot-map.php?sid=2981,https://www.coushattacasinoresort.com/slot-map.php?sid=2981,Coushatta Casino Resort,2026-10-01T17:07:55.978285+00:00
2982,Bonus Wild - Ten Play Deuces Wild Bonus,IGT,Poker,$0.25,N/A,,,https://www.coushattacasinoresort.com/slot-map.php?sid=2982,https://www.coushattacasinoresort.com/slot-map.php?sid=2982,Coushatta Casino Resort,2026-10-01T17:07:55.991564+00:00
2977,Bonus Wild - Ten Play Double Bonus Poker,IGT,Poker,$0.05,N/A,,,https://www.coushattacasinoresort.com/slot-map.php?sid=2977,https://www.coushattacasinoresort.com/slot-map.php?sid=2977,Coushatta Casino Resort,2026-10-01T17:07:56.019425+00:00
2978,Bonus Wild - Ten Play Double Bonus Poker,IGT,Poker,$0.10,N/A,,,https://www.coushattacasinoresort.com/slot-map.php?sid=2978,https://www.coushattacasinoresort.com/slot-map.php?sid=2978,Coushatta Casino Resort,2026-10-01T17:07:55.889856+00:00
2979,Bonus Wild - Ten Play Double Bonus Poker,IGT,Poker,$0.25,N/A,,,https://www.coushattacasinoresort.com/slot-map.php?sid=2979,https://www.coushattacasinoresort.com/slot-map.php?sid=2979,Coushatta Casino Resort,2026-10-01T17:07:55.969023+00:00
2974,Bonus Wild - Ten Play Double Double Bonus Poker,IGT,Poker,$0.05,N/A,,,https://www.coushattacasinoresort.com/slot-map.php?sid=2974,https://www.coushattacasinoresort.com/slot-map.php?sid=2974,Coushatta Casino Resort,2026-10-01T17:07:55.869773+00:00
2975,Bonus Wild - Ten Play Double Double Bonus Poker,IGT,Poker,$0.10,N/A,,,https://www.coushattacasinoresort.com/slot-map.php?sid=2975,https://www.coushattacasinoresort.com/slot-map.php?sid=2975,Coushatta Casino Resort,2026-10-01T17:07:55.865768+00:00
2976,Bonus Wild - Ten Play Double Double Bonus Poker,IGT,Poker,$0.25,N/A,,,https://www.coushattacasinoresort.com/slot-map.php?sid=2976,https://www.coushattacasinoresort.com/slot-map.php?sid=2976,Coushatta Casino Resort,2026-10-01T17:07:56.026826+00:00
2971,Bonus Wild - Ten Play Jacks or Better,IGT,Poker,$0.05,N/A,,,https://www.coushattacasinoresort.com/slot-map.php?sid=2971,https://www.coushattacasinoresort.com/slot-map.php?sid=2971,Coushatta Casino Resort,2026-10-01T17:07:55.840816+00:00
2972,Bonus Wild - Ten Play Jacks or Better,IGT,Poker,$0.10,N/A,,,https://www.coushattacasinoresort.com/slot-map.php?sid=2972,https://www.coushattacasinoresort.com/slot-map.php?sid=2972,Coushatta Casino Resort,2026-10-01T17:07:55.844070+00:00
2973,Bonus Wild - Ten Play Jacks or Better,IGT,Poker,$0.25,N/A,,,https://www.coushattacasinoresort.com/slot-map.php?sid=2973,https://www.coushattacasinoresort.com/slot-map.php?sid=2973,Coushatta Casino Resort,2026-10-01T17:07:55.860241+00:00
2968,Bonus Wild - Ten Play Triple Double Bonus Poker,IGT,Poker,$0.05,N/A,,,https://www.coushattacasinoresort.com/slot-map.php?sid=2968,https://www.coushattacasinoresort.com/slot-map.php?sid=2968,Coushatta Casino Resort,2026-10-01T17:07:55.776422+00:00
2969,Bonus Wild - Ten Play Triple Double Bonus Poker,IGT,Poker,$0.10,N/A,,,https://www.coushattacasinoresort.com/slot-map.php?sid=2969,https://www.coushattacasinoresort.com/slot-map.php?sid=2969,Coushatta Casino Resort,2026-10-01T17:07:55.759979+00:00
2970,Bonus Wild - Ten Play Triple Double Bonus Poker,IGT,Poker,$0.25,N/A,,,https://www.coushattacasinoresort.com/slot-map.php?sid=2970,https://www.coushattacasinoresort.com/slot-map.php?sid=2970,Coushatta Casino Resort,2026-10-01T17:07:55.786694+00:00
2965,Bonus Wild - Ten Play Triple Triple Bonus Poker,IGT,Poker,$0.05,N/A,,,https://www.coushattacasinoresort.com/slot-map.php?sid=2965,https://www.coushattacasinoresort.com/slot-map.php?sid=2965,Coushatta Casino Resort,2026-10-01T17:07:55.746292+00:00
2966,Bonus Wild - Ten Play Triple Triple Bonus Poker,IGT,Poker,$0.10,N/A,,,https://www.coushattacasinoresort.com/slot-map.php?sid=2966,https://www.coushattacasinoresort.com/slot-map.php?sid=2966,Coushatta Casino Resort,2026-10-01T17:07:55.756317+00:00
2967,Bonus Wild - Ten Play Triple Triple Bonus Poker,IGT,Poker,$0.25,N/A,,,https://www.coushattacasinoresort.com/slot-map.php?sid=2967,https://www.coushattacasinoresort.com/slot-map.php?sid=2967,Coushatta Casino Resort,2026-10-01T17:07:55.783511+00:00
2962,Bonus Wild - Triple Play Bonus Poker,IGT,Poker,$0.25,N/A,,,https://www.coushattacasinoresort.com/slot-map.php?sid=2962,https://www.coushattacasinoresort.com/slot-map.php?sid=2962,Coushatta Casino Resort,2026-10-01T17:07:55.663148+00:00
2963,Bonus Wild - Triple Play Bonus Poker,IGT,Poker,$0.50,N/A,,,https://www.coushattacasinoresort.com/slot-map.php?sid=2963,https://www.coushattacasinoresort.com/slot-map.php?sid=2963,Coushatta Casino Resort,2026-10-01T17:07:55.714718+00:00
2964,Bonus Wild - Triple Play Bonus Poker,IGT,Poker,$1.00,N/A,,,https://www.coushattacasinoresort.com/slot-map.php?sid=2964,https://www.coushattacasinoresort.com/slot-map.php?sid=2964,Coushatta Casino Resort,2026-10-01T17:07:55.718531+00:00
2959,Bonus Wild - Triple Play Bonus Poker Deluxe,IGT,Poker,$0.25,N/A,,,https://www.coushattacasinoresort.com/slot-map.php?sid=2959,https://www.coushattacasinoresort.com/slot-map.php?sid=2959,Coushatta Casino Resort,2026-10-01T17:07:55.634476+00:00
2960,Bonus Wild - Triple Play Bonus Poker Deluxe,IGT,Poker,$0.50,N/A,,,https://www.coushattacasinoresort.com/slot-map.php?sid=2960,https://www.coushattacasinoresort.com/slot-map.php?sid=2960,Coushatta Casino Resort,2026-10-01T17:07:55.640117+00:00
2961,Bonus Wild - Triple Play Bonus Poker Deluxe,IGT,Poker,$1.00,N/A,,,https://www.coushattacasinoresort.com/slot-map.php?sid=2961,https://www.coushattacasinoresort.com/slot-map.php?sid=2961,Coushatta Casino Resort,2026-10-01T17:07:55.655585+00:00
2956,Bonus Wild - Triple Play Deuces Wild,IGT,Poker,$0.25,N/A,,,https://www.coushattacasinoresort.com/slot-map.php?sid=2956,https://www.coushattacasinoresort.com/slot-map.php?sid=2956,Coushatta Casino Resort,2026-10-01T17:07:55.690275+00:00
2957,Bonus Wild - Triple Play Deuces Wild,IGT,Poker,$0.50,N/A,,,https://www.coushattacasinoresort.com/slot-map.php?sid=2957,https://www.coushattacasinoresort.com/slot-map.php?sid=2957,Coushatta Casino Resort,2026-10-01T17:07:55.597822+00:00
2958,Bonus Wild - Triple Play Deuces Wild,IGT,Poker,$1.00,N/A,,,https://www.coushattacasinoresort.com/slot-map.php?sid=2958,https://www.coushattacasinoresort.com/slot-map.php?sid=2958,Coushatta Casino Resort,2026-10-01T17:07:55.630952+00:00
2953,Bonus Wild - Triple Play Deuces Wild Bonus,IGT,Poker,$0.25,N/A,,,https://www.coushattacasinoresort.com/slot-map.php?sid=2953,https://www.coushattacasinoresort.com/slot-map.php?sid=2953,Coushatta Casino Resort,2026-10-01T17:07:55.516259+00:00
2954,Bonus Wild - Triple Play Deuces Wild Bonus,IGT,Poker,$0.50,N/A,,,https://www.coushattacasinoresort.com/slot-map.php?sid=2954,https://www.coushattacasinoresort.com/slot-map.php?sid=2954,Coushatta Casino Resort,2026-10-01T17:07:55.546139+00:00
2955,Bonus Wild - Triple Play Deuces Wild Bonus,IGT,Poker,$1.00,N/A,,,https://www.coushattacasinoresort.com/slot-map.php?sid=2955,https://www.coushattacasinoresort.com/slot-map.php?sid=2955,Coushatta Casino Resort,2026-10-01T17:07:55.594121+00:00
2950,Bonus Wild - Triple Play Double Bonus Poker,IGT,Poker,$0.25,N/A,,,https://www.coushattacasinoresort.com/slot-map.php?sid=2950,https://www.coushattacasinoresort.com/slot-map.php?sid=2950,Coushatta Casino Resort,2026-10-01T17:07:55.458429+00:00
2951,Bonus Wild - Triple Play Double Bonus Poker,IGT,Poker,$0.50,N/A,,,https://www.coushattacasinoresort.com/slot-map.php?sid=2951,https://www.coushattacasinoresort.com/slot-map.php?sid=2951,Coushatta Casino Resort,2026-10-01T17:07:55.486132+00:00
2952,Bonus Wild - Triple Play Double Bonus Poker,IGT,Poker,$1.00,N/A,,,https://www.coushattacasinoresort.com/slot-map.php?sid=2952,https://www.coushattacasinoresort.com/slot-map.php?sid=2952,Coushatta Casino Resort,2026-10-01T17:07:55.498018+00:00
2947,Bonus Wild - Triple Play Double Double Bonus Poker,IGT,Poker,$0.25,N/A,,,https://www.coushattacasinoresort.com/slot-map.php?sid=2947,https://www.coushattacasinoresort.com/slot-map.php?sid=2947,Coushatta Casino Resort,2026-10-01T17:07:55.519888+00:00
2948,Bonus Wild - Triple Play Double Double Bonus Poker,IGT,Poker,$0.50,N/A,,,https://www.coushattacasinoresort.com/slot-map.php?sid=2948,https://www.coushattacasinoresort.com/slot-map.php?sid=2948,Coushatta Casino Resort,2026-10-01T17:07:55.524320+00:00
2949,Bonus Wild - Triple Play Double Double Bonus Poker,IGT,Poker,$1.00,N/A,,,https://www.coushattacasinoresort.com/slot-map.php?sid=2949,https://www.coushattacasinoresort.com/slot-map.php?sid=2949,Coushatta Casino Resort,2026-10-01T17:07:55.531364+00:00
2944,Bonus Wild - Triple Play Jacks or Better,IGT,Poker,$0.25,N/A,,,https://www.coushattacasinoresort.com/slot-map.php?sid=2944,https://www.coushattacasinoresort.com/slot-map.php?sid=2944,Coushatta Casino Resort,2026-10-01T17:07:55.390158+00:00
2945,Bonus Wild - Triple Play Jacks or Better,IGT,Poker,$0.50,N/A,,,https://www.coushattacasinoresort.com/slot-map.php?sid=2945,https://www.coushattacasinoresort.com/slot-map.php?sid=2945,Coushatta Casino Resort,2026-10-01T17:07:55.452299+00:00
2946,Bonus Wild - Triple Play Jacks or Better,IGT,Poker,$1.00,N/A,,,https://www.coushattacasinoresort.com/slot-map.php?sid=2946,https://www.coushattacasinoresort.com/slot-map.php?sid=2946,Coushatta Casino Resort,2026-10-01T17:07:55.407861+00:00
2941,Bonus Wild - Triple Play Triple Double Bonus Poker,IGT,Poker,$0.25,N/A,,,https://www.coushattacasinoresort.com/slot-map.php?sid=2941,https://www.coushattacasinoresort.com/slot-map.php?sid=2941,Coushatta Casino Resort,2026-10-01T17:07:55.353494+00:00
2942,Bonus Wild - Triple Play Triple Double Bonus Poker,IGT,Poker,$0.50,N/A,,,https://www.coushattacasinoresort.com/slot-map.php?sid=2942,https://www.coushattacasinoresort.com/slot-map.php?sid=2942,Coushatta Casino Resort,2026-10-01T17:07:55.290903+00:00
2943,Bonus Wild - Triple Play Triple Double Bonus Poker,IGT,Poker,$1.00,N/A,,,https://www.coushattacasinoresort.com/slot-map.php?sid=2943,https://www.coushattacasinoresort.com/slot-map.php?sid=2943,Coushatta Casino Resort,2026-10-01T17:07:55.394247+00:00
2938,Bonus Wild - Triple Play Triple Triple Bonus Poker,IGT,Poker,$0.25,N/A,,,https://www.coushattacasinoresort.com/slot-map.php?sid=2938,https://www.coushattacasinoresort.com/slot-map.php?sid=2938,Coushatta Casino Resort,2026-10-01T17:07:55.176918+00:00
2939,Bonus Wild - Triple Play Triple Triple Bonus Poker,IGT,Poker,$0.50,N/A,,,https://www.coushattacasinoresort.com/slot-map.php?sid=2939,https://www.coushattacasinoresort.com/slot-map.php?sid=2939,Coushatta Casino Resort,2026-10-01T17:07:55.272966+00:00
2940,Bonus Wild - Triple Play Triple Triple Bonus Poker,IGT,Poker,$1.00,N/A,,,https://www.coushattacasinoresort.com/slot-map.php?sid=2940,https://www.coushattacasinoresort.com/slot-map.php?sid=2940,Coushatta Casino Resort,2026-10-01T17:07:55.309374+00:00
1754,Boost Peacock:Fu Dai Lian Lian (P),Aristocrat,Video,$0.01,N/A,,,https://www.coushattacasinoresort.com/slot-map.php?sid=1754,https://www.coushattacasinoresort.com/slot-map.php?sid=1754,Coushatta Casino Resort,2026-10-01T17:07:23.382919+00:00
1755,Boost Peacock:Fu Dai Lian Lian (P),Aristocrat,Video,$0.02,N/A,,,https://www.coushattacasinoresort.com/slot-map.php?sid=1755,https://www.coushattacasinoresort.com/slot-map.php?sid=1755,Coushatta Casino Resort,2026-10-01T17:07:23.402869+00:00
1756,Boost Peacock:Fu Dai Lian Lian (P),Aristocrat,Video,$0.05,N/A,,,https://www.coushattacasinoresort.com/slot-map.php?sid=1756,https://www.coushattacasinoresort.com/slot-map.php?sid=1756,Coushatta Casino Resort,2026-10-01T17:07:23.413998+00:00
1757,Boost Peacock:Fu Dai Lian Lian (P),Aristocrat,Video,$0.10,N/A,,,https://www.coushattacasinoresort.com/slot-map.php?sid=1757,https://www.coushattacasinoresort.com/slot-map.php?sid=1757,Coushatta Casino Resort,2026-10-01T17:07:23.406436+00:00
1758,Boost Tiger:Fu Dai Lian Lian (Prog),Aristocrat,Video,$0.01,N/A,,,https://www.coushattacasinoresort.com/slot-map.php?sid=1758,https://www.coushattacasinoresort.com/slot-map.php?sid=1758,Coushatta Casino Resort,2026-10-01T17:07:23.410514+00:00
1759,Boost Tiger:Fu Dai Lian Lian (Prog),Aristocrat,Video,$0.02,N/A,,,https://www.coushattacasinoresort.com/slot-map.php?sid=1759,https://www.coushattacasinoresort.com/slot-map.php?sid=1759,Coushatta Casino Resort,2026-10-01T17:07:23.438790+00:00
1760,Boost Tiger:Fu Dai Lian Lian (Prog),Aristocrat,Video,$0.05,N/A,,,https://www.coushattacasinoresort.com/slot-map.php?sid=1760,https://www.coushattacasinoresort.com/slot-map.php?sid=1760,Coushatta Casino Resort,2026-10-01T17:07:23.458429+00:00
1761,Boost Tiger:Fu Dai Lian Lian (Prog),Aristocrat,Video,$0.10,N/A,,,https://www.coushattacasinoresort.com/slot-map.php?sid=1761,https://www.coushattacasinoresort.com/slot-map.php?sid=1761,Coushatta Casino Resort,2026-10-01T17:07:23.471170+00:00
858,Bubble Mania: Potion Pays ((Prog),AGS,Video,$5.00,Medium,3.0,,https://www.coushattacasinoresort.com/slot-map.php?sid=858,https://www.coushattacasinoresort.com/slot-map.php?sid=858,Coushatta Casino Resort,2026-10-01T17:07:12.656759+00:00
1488,Buffalo,Aristocrat,Video,$0.01,Medium - Low,2.0,,https://www.coushattacasinoresort.com/slot-map.php?sid=1488,https://www.coushattacasinoresort.com/slot-map.php?sid=1488,Coushatta Casino Resort,2026-10-01T17:07:20.453276+00:00
1679,Buffalo,Aristocrat,Video,$0.02,Medium - Low,2.0,,https://www.coushattacasinoresort.com/slot-map.php?sid=1679,https://www.coushattacasinoresort.com/slot-map.php?sid=1679,Coushatta Casino Resort,2026-10-01T17:07:22.283650+00:00
1682,Buffalo,Aristocrat,Video,$0.05,Medium - Low,2.0,,https://www.coushattacasinoresort.com/slot-map.php?sid=1682,https://www.coushattacasinoresort.com/slot-map.php?sid=1682,Coushatta Casino Resort,2026-10-01T17:07:22.321278+00:00
1685,Buffalo,Aristocrat,Video,$0.10,Medium - Low,2.0,,https://www.coushattacasinoresort.com/slot-map.php?sid=1685,https://www.coushattacasinoresort.com/slot-map.php?sid=1685,Coushatta Casino Resort,2026-10-01T17:07:22.370782+00:00
1688,Buffalo,Aristocrat,Video,$0.25,Medium - Low,2.0,,https://www.coushattacasinoresort.com/slot-map.php?sid=1688,https://www.coushattacasinoresort.com/slot-map.php?sid=1688,Coushatta Casino Resort,2026-10-01T17:07:22.438226+00:00
501,Buffalo Aand Friends (Md),Aristocrat,Video,$0.01,Low,2.0,,https://www.coushattacasinoresort.com/slot-map.php?sid=501,https://www.coushattacasinoresort.com/slot-map.php?sid=501,Coushatta Casino Resort,2026-10-01T17:07:07.674295+00:00
682,Buffalo Ascension (Prog),Aristocrat,Video,$0.01,Medium,3.0,,https://www.coushattacasinoresort.com/slot-map.php?sid=682,https://www.coushattacasinoresort.com/slot-map.php?sid=682,Coushatta Casino Resort,2026-10-01T17:07:10.104572+00:00
2450,Buffalo Cash Multi Coin&Denom (Pr),Aristocrat,Video,$0.05,N/A,,,https://www.coushattacasinoresort.com/slot-map.php?sid=2450,https://www.coushattacasinoresort.com/slot-map.php?sid=2450,Coushatta Casino Resort,2026-10-01T17:07:42.825014+00:00
1715,Buffalo Chief (Prog),Aristocrat,Video,$0.01,N/A,,,https://www.coushattacasinoresort.com/slot-map.php?sid=1715,https://www.coushattacasinoresort.com/slot-map.php?sid=1715,Coushatta Casino Resort,2026-10-01T17:07:22.794591+00:00
378,Buffalo Coin Trio (Mc) (Md) (Prog),Aristocrat,Video,$0.01,High,4.0,,https://www.coushattacasinoresort.com/slot-map.php?sid=378,https://www.coushattacasinoresort.com/slot-map.php?sid=378,Coushatta Casino Resort,2026-10-01T17:07:06.005144+00:00
379,Buffalo Coin Trio (Mc) (Md) (Prog),Aristocrat,Video,$0.02,High,4.0,,https://www.coushattacasinoresort.com/slot-map.php?sid=379,https://www.coushattacasinoresort.com/slot-map.php?sid=379,Coushatta Casino Resort,2026-10-01T17:07:05.996263+00:00
380,Buffalo Coin Trio (Mc) (Md) (Prog),Aristocrat,Video,$0.05,High,4.0,,https://www.coushattacasinoresort.com/slot-map.php?sid=380,https://www.coushattacasinoresort.com/slot-map.php?sid=380,Coushatta Casino Resort,2026-10-01T17:07:06.011227+00:00
833,Buffalo Dash For Cash (Md) (Prog),Aristocrat,Video,$0.01,Medium,3.0,,https://www.coushattacasinoresort.com/slot-map.php?sid=833,https://www.coushattacasinoresort.com/slot-map.php?sid=833,Coushatta Casino Resort,2026-10-01T17:07:12.297350+00:00
256,Buffalo Diamond Extreme (Md) (P),Aristocrat,Video,$0.01,High,4.0,,https://www.coushattacasinoresort.com/slot-map.php?sid=256,https://www.coushattacasinoresort.com/slot-map.php?sid=256,Coushatta Casino Resort,2026-10-01T17:07:04.935801+00:00
1695,Buffalo Eclipse (Prog),Aristocrat,Reel,$1.00,Medium - Low,2.0,,https://www.coushattacasinoresort.com/slot-map.php?sid=1695,https://www.coushattacasinoresort.com/slot-map.php?sid=1695,Coushatta Casino Resort,2026-10-01T17:07:22.535604+00:00
434,Buffalo Gold,Aristocrat,Video,$0.01,Low,2.0,,https://www.coushattacasinoresort.com/slot-map.php?sid=434,https://www.coushattacasinoresort.com/slot-map.php?sid=434,Coushatta Casino Resort,2026-10-01T17:07:06.687352+00:00
568,Buffalo Gold,Aristocrat,Video,$0.02,Low,2.0,,https://www.coushattacasinoresort.com/slot-map.php?sid=568,https://www.coushattacasinoresort.com/slot-map.php?sid=568,Coushatta Casino Resort,2026-10-01T17:07:08.494673+00:00
569,Buffalo Gold,Aristocrat,Video,$0.05,Low,2.0,,https://www.coushattacasinoresort.com/slot-map.php?sid=569,https://www.coushattacasinoresort.com/slot-map.php?sid=569,Coushatta Casino Resort,2026-10-01T17:07:08.505719+00:00
570,Buffalo Gold,Aristocrat,Video,$0.10,Low,2.0,,https://www.coushattacasinoresort.com/slot-map.php?sid=570,https://www.coushattacasinoresort.com/slot-map.php?sid=570,Coushatta Casino Resort,2026-10-01T17:07:08.482469+00:00
571,Buffalo Gold,Aristocrat,Video,$0.25,Low,2.0,,https://www.coushattacasinoresort.com/slot-map.php?sid=571,https://www.coushattacasinoresort.com/slot-map.php?sid=571,Coushatta Casino Resort,2026-10-01T17:07:08.523817+00:00
432,Buffalo Gold Collection,Aristocrat,Video,$0.01,Low,2.0,,https://www.coushattacasinoresort.com/slot-map.php?sid=432,https://www.coushattacasinoresort.com/slot-map.php?sid=432,Coushatta Casino Resort,2026-10-01T17:07:06.654505+00:00
468,Buffalo Gold Revolution (P),Aristocrat,Video,$0.01,Low,2.0,,https://www.coushattacasinoresort.com/slot-map.php?sid=468,https://www.coushattacasinoresort.com/slot-map.php?sid=468,Coushatta Casino Resort,2026-10-01T17:07:07.193858+00:00
433,Buffalo Gold Revolution (Progressive),Aristocrat,Video,$0.01,Low,2.0,,https://www.coushattacasinoresort.com/slot-map.php?sid=433,https://www.coushattacasinoresort.com/slot-map.php?sid=433,Coushatta Casino Resort,2026-10-01T17:07:06.649170+00:00
515,Buffalo Gold Revolution (Progressive),Aristocrat,Video,$0.10,Low,2.0,,https://www.coushattacasinoresort.com/slot-map.php?sid=515,https://www.coushattacasinoresort.com/slot-map.php?sid=515,Coushatta Casino Resort,2026-10-01T17:07:07.891998+00:00
1302,Buffalo Gold Wheels Of Reward (Md),Aristocrat,Video,$0.01,Medium - High,3.0,,https://www.coushattacasinoresort.com/slot-map.php?sid=1302,https://www.coushattacasinoresort.com/slot-map.php?sid=1302,Coushatta Casino Resort,2026-10-01T17:07:17.963146+00:00
297,Buffalo Grand Deluxe (Md) (Pr) Wap,Aristocrat,Video,$0.01,High,4.0,,https://www.coushattacasinoresort.com/slot-map.php?sid=297,https://www.coushattacasinoresort.com/slot-map.php?sid=297,Coushatta Casino Resort,2026-10-01T17:07:05.178187+00:00
696,Buffalo Instant Hit (Md) (Pr),Aristocrat,Reel,$0.01,Medium,3.0,,https://www.coushattacasinoresort.com/slot-map.php?sid=696,https://www.coushattacasinoresort.com/slot-map.php?sid=696,Coushatta Casino Resort,2026-10-01T17:07:10.254440+00:00
94,Buffalo Legends,Aristocrat,Video,$0.01,High,4.0,,https://www.coushattacasinoresort.com/slot-map.php?sid=94,https://www.coushattacasinoresort.com/slot-map.php?sid=94,Coushatta Casino Resort,2026-10-01T17:07:02.736274+00:00
1766,Buffalo Link Multi Coin&Denom (Pr),Aristocrat,Video,$0.01,N/A,,,https://www.coushattacasinoresort.com/slot-map.php?sid=1766,https://www.coushattacasinoresort.com/slot-map.php?sid=1766,Coushatta Casino Resort,2026-10-01T17:07:23.481901+00:00
1767,Buffalo Link Multi Coin&Denom (Pr),Aristocrat,Video,$0.02,N/A,,,https://www.coushattacasinoresort.com/slot-map.php?sid=1767,https://www.coushattacasinoresort.com/slot-map.php?sid=1767,Coushatta Casino Resort,2026-10-01T17:07:23.515116+00:00
1768,Buffalo Link Multi Coin&Denom (Pr),Aristocrat,Video,$0.05,N/A,,,https://www.coushattacasinoresort.com/slot-map.php?sid=1768,https://www.coushattacasinoresort.com/slot-map.php?sid=1768,Coushatta Casino Resort,2026-10-01T17:07:23.538823+00:00
1769,Buffalo Link Multi Coin&Denom (Pr),Aristocrat,Video,$0.10,N/A,,,https://www.coushattacasinoresort.com/slot-map.php?sid=1769,https://www.coushattacasinoresort.com/slot-map.php?sid=1769,Coushatta Casino Resort,2026-10-01T17:07:23.545039+00:00
1770,Buffalo Link Multi Coin&Denom (Pr),Aristocrat,Video,$0.25,N/A,,,https://www.coushattacasinoresort.com/slot-map.php?sid=1770,https://www.coushattacasinoresort.com/slot-map.php?sid=1770,Coushatta Casino Resort,2026-10-01T17:07:23.540501+00:00
1692,Buffalo Mega Stampede (Mc)(Md) (Pr),Aristocrat,VIdeo,$0.01,Medium - Low,2.0,,https://www.coushattacasinoresort.com/slot-map.php?sid=1692,https://www.coushattacasinoresort.com/slot-map.php?sid=1692,Coushatta Casino Resort,2026-10-01T17:07:22.465829+00:00
1438,Buffalo Mega Stampede Grand Mc Md P,Aristocrat,Video,$0.01,Medium - High,3.0,,https://www.coushattacasinoresort.com/slot-map.php?sid=1438,https://www.coushattacasinoresort.com/slot-map.php?sid=1438,Coushatta Casino Resort,2026-10-01T17:07:19.933682+00:00
88,Buffalo Strike (Prog),Aristocrat,Video,$0.01,High,4.0,,https://www.coushattacasinoresort.com/slot-map.php?sid=88,https://www.coushattacasinoresort.com/slot-map.php?sid=88,Coushatta Casino Resort,2026-10-01T17:07:02.633573+00:00
1465,Buffalo Super Rush (Md) Wap,Aristocrat,Video,$0.01,Medium - High,3.0,,https://www.coushattacasinoresort.com/slot-map.php?sid=1465,https://www.coushattacasinoresort.com/slot-map.php?sid=1465,Coushatta Casino Resort,2026-10-01T17:07:20.221282+00:00
1466,Buffalo Super Rush (Md) Wap,Aristocrat,Video,$0.02,Medium - High,3.0,,https://www.coushattacasinoresort.com/slot-map.php?sid=1466,https://www.coushattacasinoresort.com/slot-map.php?sid=1466,Coushatta Casino Resort,2026-10-01T17:07:20.204573+00:00
1467,Buffalo Super Rush (Md) Wap,Aristocrat,Video,$0.05,Medium - High,3.0,,https://www.coushattacasinoresort.com/slot-map.php?sid=1467,https://www.coushattacasinoresort.com/slot-map.php?sid=1467,Coushatta Casino Resort,2026-10-01T17:07:20.224410+00:00
1468,Buffalo Super Rush (Md) Wap,Aristocrat,Video,$0.10,Medium - High,3.0,,https://www.coushattacasinoresort.com/slot-map.php?sid=1468,https://www.coushattacasinoresort.com/slot-map.php?sid=1468,Coushatta Casino Resort,2026-10-01T17:07:20.216868+00:00
502,Buffalo Triple Power (Md) (Pr),Aristocrat,Video,$0.01,Low,2.0,,https://www.coushattacasinoresort.com/slot-map.php?sid=502,https://www.coushattacasinoresort.com/slot-map.php?sid=502,Coushatta Casino Resort,2026-10-01T17:07:07.668289+00:00
1303,Buffalo Triple Power (Md) (Prog),Aristocrat,Video,$0.01,Medium - High,3.0,,https://www.coushattacasinoresort.com/slot-map.php?sid=1303,https://www.coushattacasinoresort.com/slot-map.php?sid=1303,Coushatta Casino Resort,2026-10-01T17:07:17.993088+00:00
1201,Buffalo Ultimate Stampede (Mc)(Pr),Aristocrat,Video,$0.01,Medium,3.0,,https://www.coushattacasinoresort.com/slot-map.php?sid=1201,https://www.coushattacasinoresort.com/slot-map.php?sid=1201,Coushatta Casino Resort,2026-10-01T17:07:16.830214+00:00
416,Buffalo Wonder 4 Mc Md 4 Games,Aristocrat,Video,$0.01,High,4.0,,https://www.coushattacasinoresort.com/slot-map.php?sid=416,https://www.coushattacasinoresort.com/slot-map.php?sid=416,Coushatta Casino Resort,2026-10-01T17:07:06.407025+00:00
1776,Bull Froggin Keno,IGT,Video,$0.01,N/A,,,https://www.coushattacasinoresort.com/slot-map.php?sid=1776,https://www.coushattacasinoresort.com/slot-map.php?sid=1776,Coushatta Casino Resort,2026-10-01T17:07:23.672930+00:00
1777,Bull Froggin Keno,IGT,Video,$0.02,N/A,,,https://www.coushattacasinoresort.com/slot-map.php?sid=1777,https://www.coushattacasinoresort.com/slot-map.php?sid=1777,Coushatta Casino Resort,2026-10-01T17:07:23.666357+00:00
1778,Bull Froggin Keno,IGT,Video,$0.05,N/A,,,https://www.coushattacasinoresort.com/slot-map.php?sid=1778,https://www.coushattacasinoresort.com/slot-map.php?sid=1778,Coushatta Casino Resort,2026-10-01T17:07:23.679172+00:00
1779,Bull Froggin Keno,IGT,Video,$0.10,N/A,,,https://www.coushattacasinoresort.com/slot-map.php?sid=1779,https://www.coushattacasinoresort.com/slot-map.php?sid=1779,Coushatta Casino Resort,2026-10-01T17:07:23.667977+00:00
1648,Captain Riches (Prog),AGS,Video,$0.01,Medium - Low,2.0,,https://www.coushattacasinoresort.com/slot-map.php?sid=1648,https://www.coushattacasinoresort.com/slot-map.php?sid=1648,Coushatta Casino Resort,2026-10-01T17:07:21.859117+00:00
534,Carnival of Mystery,IGT,Video,$0.01,Low,2.0,,https://www.coushattacasinoresort.com/slot-map.php?sid=534,https://www.coushattacasinoresort.com/slot-map.php?sid=534,Coushatta Casino Resort,2026-10-01T17:07:08.143184+00:00
413,Cash Across: Savanna Lion (Prog),Aristocrat,Video,$0.01,High,4.0,,https://www.coushattacasinoresort.com/slot-map.php?sid=413,https://www.coushattacasinoresort.com/slot-map.php?sid=413,Coushatta Casino Resort,2026-10-01T17:07:06.360826+00:00
1048,Cash Eruption Plus 4 Themes Md Prog,IGT,Video,$0.01,Medium,3.0,,https://www.coushattacasinoresort.com/slot-map.php?sid=1048,https://www.coushattacasinoresort.com/slot-map.php?sid=1048,Coushatta Casino Resort,2026-10-01T17:07:15.187313+00:00
1870,Cash Falls: Pirates Trove (P) (Md),Light & Wonder,Video,$0.01,N/A,,,https://www.coushattacasinoresort.com/slot-map.php?sid=1870,https://www.coushattacasinoresort.com/slot-map.php?sid=1870,Coushatta Casino Resort,2026-10-01T17:07:25.301445+00:00
645,Cash Machine (Md),Everi,Video,$0.01,Medium,3.0,,https://www.coushattacasinoresort.com/slot-map.php?sid=645,https://www.coushattacasinoresort.com/slot-map.php?sid=645,Coushatta Casino Resort,2026-10-01T17:07:09.544199+00:00
646,Cash Machine (Md),Everi,Video,$0.02,Medium,3.0,,https://www.coushattacasinoresort.com/slot-map.php?sid=646,https://www.coushattacasinoresort.com/slot-map.php?sid=646,Coushatta Casino Resort,2026-10-01T17:07:09.553461+00:00
647,Cash Machine (Md),Everi,Video,$0.05,Medium,3.0,,https://www.coushattacasinoresort.com/slot-map.php?sid=647,https://www.coushattacasinoresort.com/slot-map.php?sid=647,Coushatta Casino Resort,2026-10-01T17:07:09.551945+00:00
648,Cash Machine (Md),Everi,Video,$0.10,Medium,3.0,,https://www.coushattacasinoresort.com/slot-map.php?sid=648,https://www.coushattacasinoresort.com/slot-map.php?sid=648,Coushatta Casino Resort,2026-10-01T17:07:09.547786+00:00
897,Cash Machine (Md),Everi,Reel,$1.00,Medium,3.0,,https://www.coushattacasinoresort.com/slot-map.php?sid=897,https://www.coushattacasinoresort.com/slot-map.php?sid=897,Coushatta Casino Resort,2026-10-01T17:07:13.211047+00:00
898,Cash Machine (Md),Everi,Reel,$2.00,Medium,3.0,,https://www.coushattacasinoresort.com/slot-map.php?sid=898,https://www.coushattacasinoresort.com/slot-map.php?sid=898,Coushatta Casino Resort,2026-10-01T17:07:13.220592+00:00
1139,Cash Machine Jackpots (Prog),Everi,Reel,$0.25,Medium,3.0,,https://www.coushattacasinoresort.com/slot-map.php?sid=1139,https://www.coushattacasinoresort.com/slot-map.php?sid=1139,Coushatta Casino Resort,2026-10-01T17:07:15.926454+00:00
1140,Cash Machine Jackpots (Prog),Everi,Reel,$0.50,Medium,3.0,,https://www.coushattacasinoresort.com/slot-map.php?sid=1140,https://www.coushattacasinoresort.com/slot-map.php?sid=1140,Coushatta Casino Resort,2026-10-01T17:07:15.954571+00:00
1141,Cash Machine Jackpots (Prog),Everi,Reel,$1.00,Medium,3.0,,https://www.coushattacasinoresort.com/slot-map.php?sid=1141,https://www.coushattacasinoresort.com/slot-map.php?sid=1141,Coushatta Casino Resort,2026-10-01T17:07:15.950752+00:00
1142,Cash Machine Jackpots (Prog),Everi,Reel,$2.00,Medium,3.0,,https://www.coushattacasinoresort.com/slot-map.php?sid=1142,https://www.coushattacasinoresort.com/slot-map.php?sid=1142,Coushatta Casino Resort,2026-10-01T17:07:15.966449+00:00
1216,Cash Master Blaster Gold Mine (Pr),Aruze,Video,$0.01,Medium,3.0,,https://www.coushattacasinoresort.com/slot-map.php?sid=1216,https://www.coushattacasinoresort.com/slot-map.php?sid=1216,Coushatta Casino Resort,2026-10-01T17:07:16.781594+00:00
1217,Cash Master Blaster Treasure Hunt P,Aruze,Video,$0.01,Medium,3.0,,https://www.coushattacasinoresort.com/slot-map.php?sid=1217,https://www.coushattacasinoresort.com/slot-map.php?sid=1217,Coushatta Casino Resort,2026-10-01T17:07:16.800155+00:00
414,Cash Wizard Magic Trio Mc Md Prog,Light & Wonder,Video,$0.01,High,4.0,,https://www.coushattacasinoresort.com/slot-map.php?sid=414,https://www.coushattacasinoresort.com/slot-map.php?sid=414,Coushatta Casino Resort,2026-10-01T17:07:06.372872+00:00
1225,Cash-Racoons Mc Md Prog,Bluberi,Video,$0.01,Medium,3.0,,https://www.coushattacasinoresort.com/slot-map.php?sid=1225,https://www.coushattacasinoresort.com/slot-map.php?sid=1225,Coushatta Casino Resort,2026-10-01T17:07:16.930571+00:00
430,Cashman Tonight:African Dusk (Prog),Aristocrat,Video,$0.01,Low,2.0,,https://www.coushattacasinoresort.com/slot-map.php?sid=430,https://www.coushattacasinoresort.com/slot-map.php?sid=430,Coushatta Casino Resort,2026-10-01T17:07:06.645069+00:00
1404,Casino Riches,Aristocrat,Video,$0.01,Medium - High,3.0,,https://www.coushattacasinoresort.com/slot-map.php?sid=1404,https://www.coushattacasinoresort.com/slot-map.php?sid=1404,Coushatta Casino Resort,2026-10-01T17:07:19.408911+00:00
1411,Casino Riches,Aristocrat,Video,$0.02,Medium - High,3.0,,https://www.coushattacasinoresort.com/slot-map.php?sid=1411,https://www.coushattacasinoresort.com/slot-map.php?sid=1411,Coushatta Casino Resort,2026-10-01T17:07:19.525432+00:00
1413,Casino Riches,Aristocrat,Video,$0.05,Medium - High,3.0,,https://www.coushattacasinoresort.com/slot-map.php?sid=1413,https://www.coushattacasinoresort.com/slot-map.php?sid=1413,Coushatta Casino Resort,2026-10-01T17:07:19.574816+00:00
1415,Casino Riches,Aristocrat,Video,$0.10,Medium - High,3.0,,https://www.coushattacasinoresort.com/slot-map.php?sid=1415,https://www.coushattacasinoresort.com/slot-map.php?sid=1415,Coushatta Casino Resort,2026-10-01T17:07:19.606823+00:00
4051,"Casino Wizard:Bj,Bacrat,Crap,Rullet",Gaming Arts,Video,$0.01,N/A,,,https://www.coushattacasinoresort.com/slot-map.php?sid=4051,https://www.coushattacasinoresort.com/slot-map.php?sid=4051,Coushatta Casino Resort,2026-10-01T17:08:02.693577+00:00
328,Catch Zone Bearly Hooked (Pr),Incredible Technologies,Video,$0.10,High,4.0,,https://www.coushattacasinoresort.com/slot-map.php?sid=328,https://www.coushattacasinoresort.com/slot-map.php?sid=328,Coushatta Casino Resort,2026-10-01T17:07:05.699563+00:00
329,Catch Zone Bearly Hooked (Pr),Incredible Technologies,Video,$0.50,High,4.0,,https://www.coushattacasinoresort.com/slot-map.php?sid=329,https://www.coushattacasinoresort.com/slot-map.php?sid=329,Coushatta Casino Resort,2026-10-01T17:07:05.652710+00:00
332,Catch Zone Fortune Flock Mc Md Pr,Incredible Technologies,Video,$0.01,High,4.0,,https://www.coushattacasinoresort.com/slot-map.php?sid=332,https://www.coushattacasinoresort.com/slot-map.php?sid=332,Coushatta Casino Resort,2026-10-01T17:07:05.656669+00:00
5,Cats,IGT,Video,$0.01,High,4.0,,https://www.coushattacasinoresort.com/slot-map.php?sid=5,https://www.coushattacasinoresort.com/slot-map.php?sid=5,Coushatta Casino Resort,2026-10-01T17:07:01.051370+00:00
131,Cats,IGT,Video,$1.00,High,4.0,,https://www.coushattacasinoresort.com/slot-map.php?sid=131,https://www.coushattacasinoresort.com/slot-map.php?sid=131,Coushatta Casino Resort,2026-10-01T17:07:03.321764+00:00
58,Cats (Md),IGT,Video,$0.01,High,4.0,,https://www.coushattacasinoresort.com/slot-map.php?sid=58,https://www.coushattacasinoresort.com/slot-map.php?sid=58,Coushatta Casino Resort,2026-10-01T17:07:02.158727+00:00
59,Cats (Md),IGT,Video,$0.02,High,4.0,,https://www.coushattacasinoresort.com/slot-map.php?sid=59,https://www.coushattacasinoresort.com/slot-map.php?sid=59,Coushatta Casino Resort,2026-10-01T17:07:02.248300+00:00
60,Cats (Md),IGT,Video,$0.05,High,4.0,,https://www.coushattacasinoresort.com/slot-map.php?sid=60,https://www.coushattacasinoresort.com/slot-map.php?sid=60,Coushatta Casino Resort,2026-10-01T17:07:02.261225+00:00
634,Caveman Keno,IGT Poker,Poker,$0.25,Medium,3.0,,https://www.coushattacasinoresort.com/slot-map.php?sid=634,https://www.coushattacasinoresort.com/slot-map.php?sid=634,Coushatta Casino Resort,2026-10-01T17:07:09.419339+00:00
665,Caveman Keno,IGT,Video,$0.25,Medium,3.0,,https://www.coushattacasinoresort.com/slot-map.php?sid=665,https://www.coushattacasinoresort.com/slot-map.php?sid=665,Coushatta Casino Resort,2026-10-01T17:07:09.850691+00:00
666,Caveman Keno,IGT,Video,$0.50,Medium,3.0,,https://www.coushattacasinoresort.com/slot-map.php?sid=666,https://www.coushattacasinoresort.com/slot-map.php?sid=666,Coushatta Casino Resort,2026-10-01T17:07:09.857949+00:00
700,Caveman Keno,IGT,Poker,$0.25,Medium,3.0,,https://www.coushattacasinoresort.com/slot-map.php?sid=700,https://www.coushattacasinoresort.com/slot-map.php?sid=700,Coushatta Casino Resort,2026-10-01T17:07:10.319300+00:00
701,Caveman Keno,IGT,Poker,$0.50,Medium,3.0,,https://www.coushattacasinoresort.com/slot-map.php?sid=701,https://www.coushattacasinoresort.com/slot-map.php?sid=701,Coushatta Casino Resort,2026-10-01T17:07:10.352188+00:00
887,Caveman Keno,IGT Poker,Poker,$0.50,Medium,3.0,,https://www.coushattacasinoresort.com/slot-map.php?sid=887,https://www.coushattacasinoresort.com/slot-map.php?sid=887,Coushatta Casino Resort,2026-10-01T17:07:13.082474+00:00
972,Caveman Keno,IGT Poker,Poker,$0.10,Medium,3.0,,https://www.coushattacasinoresort.com/slot-map.php?sid=972,https://www.coushattacasinoresort.com/slot-map.php?sid=972,Coushatta Casino Resort,2026-10-01T17:07:14.179289+00:00
885,Caveman Keno Plus,IGT Poker,Poker,$0.25,Medium,3.0,,https://www.coushattacasinoresort.com/slot-map.php?sid=885,https://www.coushattacasinoresort.com/slot-map.php?sid=885,Coushatta Casino Resort,2026-10-01T17:07:13.023611+00:00
968,Caveman Keno [4 Card],IGT Poker,Poker,$0.05,Medium,3.0,,https://www.coushattacasinoresort.com/slot-map.php?sid=968,https://www.coushattacasinoresort.com/slot-map.php?sid=968,Coushatta Casino Resort,2026-10-01T17:07:14.152518+00:00
969,Caveman Keno [4 Card],IGT Poker,Poker,$0.10,Medium,3.0,,https://www.coushattacasinoresort.com/slot-map.php?sid=969,https://www.coushattacasinoresort.com/slot-map.php?sid=969,Coushatta Casino Resort,2026-10-01T17:07:14.183459+00:00
970,Caveman Keno [4 Card],IGT Poker,Poker,$0.25,Medium,3.0,,https://www.coushattacasinoresort.com/slot-map.php?sid=970,https://www.coushattacasinoresort.com/slot-map.php?sid=970,Coushatta Casino Resort,2026-10-01T17:07:14.170310+00:00
971,Caveman Keno [4 Card],IGT Poker,Poker,$0.50,Medium,3.0,,https://www.coushattacasinoresort.com/slot-map.php?sid=971,https://www.coushattacasinoresort.com/slot-map.php?sid=971,Coushatta Casino Resort,2026-10-01T17:07:14.161819+00:00
965,Caveman Plus Keno,IGT Poker,Poker,$0.10,Medium,3.0,,https://www.coushattacasinoresort.com/slot-map.php?sid=965,https://www.coushattacasinoresort.com/slot-map.php?sid=965,Coushatta Casino Resort,2026-10-01T17:07:14.059370+00:00
966,Caveman Plus Keno,IGT Poker,Poker,$0.25,Medium,3.0,,https://www.coushattacasinoresort.com/slot-map.php?sid=966,https://www.coushattacasinoresort.com/slot-map.php?sid=966,Coushatta Casino Resort,2026-10-01T17:07:14.115548+00:00
967,Caveman Plus Keno,IGT Poker,Poker,$0.50,Medium,3.0,,https://www.coushattacasinoresort.com/slot-map.php?sid=967,https://www.coushattacasinoresort.com/slot-map.php?sid=967,Coushatta Casino Resort,2026-10-01T17:07:14.150068+00:00
722,Cha-Ching (P),Everi,Video,$0.01,Medium,3.0,,https://www.coushattacasinoresort.com/slot-map.php?sid=722,https://www.coushattacasinoresort.com/slot-map.php?sid=722,Coushatta Casino Resort,2026-10-01T17:07:10.848430+00:00
1289,Charms Full Leprechaun Blessing Pr,Konami,Video,$0.01,Medium - High,3.0,,https://www.coushattacasinoresort.com/slot-map.php?sid=1289,https://www.coushattacasinoresort.com/slot-map.php?sid=1289,Coushatta Casino Resort,2026-10-01T17:07:17.791761+00:00
1328,Chief Inferno (Mc) (Md) (Prog),Aristocrat,Video,$0.01,Medium - High,3.0,,https://www.coushattacasinoresort.com/slot-map.php?sid=1328,https://www.coushattacasinoresort.com/slot-map.php?sid=1328,Coushatta Casino Resort,2026-10-01T17:07:18.342676+00:00
1329,Chief Inferno (Mc) (Md) (Prog),Aristocrat,Video,$0.02,Medium - High,3.0,,https://www.coushattacasinoresort.com/slot-map.php?sid=1329,https://www.coushattacasinoresort.com/slot-map.php?sid=1329,Coushatta Casino Resort,2026-10-01T17:07:18.413900+00:00
1330,Chief Inferno (Mc) (Md) (Prog),Aristocrat,Video,$0.05,Medium - High,3.0,,https://www.coushattacasinoresort.com/slot-map.php?sid=1330,https://www.coushattacasinoresort.com/slot-map.php?sid=1330,Coushatta Casino Resort,2026-10-01T17:07:18.427984+00:00
1331,Chief Inferno (Mc) (Md) (Prog),Aristocrat,Video,$0.10,Medium - High,3.0,,https://www.coushattacasinoresort.com/slot-map.php?sid=1331,https://www.coushattacasinoresort.com/slot-map.php?sid=1331,Coushatta Casino Resort,2026-10-01T17:07:18.419038+00:00
296,Chief Platinum (Md)(Prog),Aristocrat,Video,$0.01,High,4.0,,https://www.coushattacasinoresort.com/slot-map.php?sid=296,https://www.coushattacasinoresort.com/slot-map.php?sid=296,Coushatta Casino Resort,2026-10-01T17:07:05.174613+00:00
834,Chili Lucha-4 Up (Mc) (Md) (Pr),Aristocrat,Video,$0.01,Medium,3.0,,https://www.coushattacasinoresort.com/slot-map.php?sid=834,https://www.coushattacasinoresort.com/slot-map.php?sid=834,Coushatta Casino Resort,2026-10-01T17:07:12.321364+00:00
6,China Shores,Konami,Video,$0.01,High,4.0,,https://www.coushattacasinoresort.com/slot-map.php?sid=6,https://www.coushattacasinoresort.com/slot-map.php?sid=6,Coushatta Casino Resort,2026-10-01T17:07:01.061710+00:00
1232,China Shores: Boosted Wins & Spins,Konami,Video,$0.01,Medium,3.0,,https://www.coushattacasinoresort.com/slot-map.php?sid=1232,https://www.coushattacasinoresort.com/slot-map.php?sid=1232,Coushatta Casino Resort,2026-10-01T17:07:17.013905+00:00
807,Choy Sun Returns,Aristocrat,Video,$0.01,Medium,3.0,,https://www.coushattacasinoresort.com/slot-map.php?sid=807,https://www.coushattacasinoresort.com/slot-map.php?sid=807,Coushatta Casino Resort,2026-10-01T17:07:11.922153+00:00
134,Cleopatra,IGT,Video,$0.25,High,4.0,,https://www.coushattacasinoresort.com/slot-map.php?sid=134,https://www.coushattacasinoresort.com/slot-map.php?sid=134,Coushatta Casino Resort,2026-10-01T17:07:03.371535+00:00
2452,Cleopatra 2,IGT,Video,$1.00,N/A,,,https://www.coushattacasinoresort.com/slot-map.php?sid=2452,https://www.coushattacasinoresort.com/slot-map.php?sid=2452,Coushatta Casino Resort,2026-10-01T17:07:42.936988+00:00
949,Cleopatra Gold,IGT,Video,$0.01,Medium,3.0,,https://www.coushattacasinoresort.com/slot-map.php?sid=949,https://www.coushattacasinoresort.com/slot-map.php?sid=949,Coushatta Casino Resort,2026-10-01T17:07:13.921392+00:00
904,Cleopatra Gold Free Games,IGT,Video,$0.01,Medium,3.0,,https://www.coushattacasinoresort.com/slot-map.php?sid=904,https://www.coushattacasinoresort.com/slot-map.php?sid=904,Coushatta Casino Resort,2026-10-01T17:07:13.301486+00:00
463,Cleopatra Keno,IGT,Video,$0.25,Low,2.0,,https://www.coushattacasinoresort.com/slot-map.php?sid=463,https://www.coushattacasinoresort.com/slot-map.php?sid=463,Coushatta Casino Resort,2026-10-01T17:07:07.147328+00:00
464,Cleopatra Keno,IGT,Video,$0.50,Low,2.0,,https://www.coushattacasinoresort.com/slot-map.php?sid=464,https://www.coushattacasinoresort.com/slot-map.php?sid=464,Coushatta Casino Resort,2026-10-01T17:07:07.184293+00:00
465,Cleopatra Keno,IGT,Video,$1.00,Low,2.0,,https://www.coushattacasinoresort.com/slot-map.php?sid=465,https://www.coushattacasinoresort.com/slot-map.php?sid=465,Coushatta Casino Resort,2026-10-01T17:07:07.179444+00:00
476,Cleopatra Keno,IGT,Poker,$0.25,Low,2.0,,https://www.coushattacasinoresort.com/slot-map.php?sid=476,https://www.coushattacasinoresort.com/slot-map.php?sid=476,Coushatta Casino Resort,2026-10-01T17:07:07.306416+00:00
477,Cleopatra Keno,IGT,Poker,$0.50,Low,2.0,,https://www.coushattacasinoresort.com/slot-map.php?sid=477,https://www.coushattacasinoresort.com/slot-map.php?sid=477,Coushatta Casino Resort,2026-10-01T17:07:07.291541+00:00
478,Cleopatra Keno,IGT,Poker,$1.00,Low,2.0,,https://www.coushattacasinoresort.com/slot-map.php?sid=478,https://www.coushattacasinoresort.com/slot-map.php?sid=478,Coushatta Casino Resort,2026-10-01T17:07:07.303857+00:00
544,Cleopatra Keno,IGT Poker,Poker,$0.10,Low,2.0,,https://www.coushattacasinoresort.com/slot-map.php?sid=544,https://www.coushattacasinoresort.com/slot-map.php?sid=544,Coushatta Casino Resort,2026-10-01T17:07:08.285446+00:00
545,Cleopatra Keno,IGT Poker,Poker,$0.25,Low,2.0,,https://www.coushattacasinoresort.com/slot-map.php?sid=545,https://www.coushattacasinoresort.com/slot-map.php?sid=545,Coushatta Casino Resort,2026-10-01T17:07:08.380831+00:00
546,Cleopatra Keno,IGT Poker,Poker,$0.50,Low,2.0,,https://www.coushattacasinoresort.com/slot-map.php?sid=546,https://www.coushattacasinoresort.com/slot-map.php?sid=546,Coushatta Casino Resort,2026-10-01T17:07:08.328616+00:00
547,Cleopatra Keno,IGT Poker,Poker,$1.00,Low,2.0,,https://www.coushattacasinoresort.com/slot-map.php?sid=547,https://www.coushattacasinoresort.com/slot-map.php?sid=547,Coushatta Casino Resort,2026-10-01T17:07:08.370800+00:00
540,Cleopatra Keno [4 Card],IGT Poker,Poker,$0.05,Low,2.0,,https://www.coushattacasinoresort.com/slot-map.php?sid=540,https://www.coushattacasinoresort.com/slot-map.php?sid=540,Coushatta Casino Resort,2026-10-01T17:07:08.217723+00:00
541,Cleopatra Keno [4 Card],IGT Poker,Poker,$0.10,Low,2.0,,https://www.coushattacasinoresort.com/slot-map.php?sid=541,https://www.coushattacasinoresort.com/slot-map.php?sid=541,Coushatta Casino Resort,2026-10-01T17:07:08.228589+00:00
542,Cleopatra Keno [4 Card],IGT Poker,Poker,$0.25,Low,2.0,,https://www.coushattacasinoresort.com/slot-map.php?sid=542,https://www.coushattacasinoresort.com/slot-map.php?sid=542,Coushatta Casino Resort,2026-10-01T17:07:08.266600+00:00
543,Cleopatra Keno [4 Card],IGT Poker,Poker,$0.50,Low,2.0,,https://www.coushattacasinoresort.com/slot-map.php?sid=543,https://www.coushattacasinoresort.com/slot-map.php?sid=543,Coushatta Casino Resort,2026-10-01T17:07:08.281272+00:00
1073,Cluck Cluck Cash (Prog),AGS,Video,$0.01,Medium,3.0,,https://www.coushattacasinoresort.com/slot-map.php?sid=1073,https://www.coushattacasinoresort.com/slot-map.php?sid=1073,Coushatta Casino Resort,2026-10-01T17:07:15.389483+00:00
1236,Cobra Hearts,Konami,Video,$0.01,Medium,3.0,,https://www.coushattacasinoresort.com/slot-map.php?sid=1236,https://www.coushattacasinoresort.com/slot-map.php?sid=1236,Coushatta Casino Resort,2026-10-01T17:07:17.121098+00:00
1012,Coin Catch Cove Mc Md (Prog),Incredible Technologies,Video,$0.01,Medium,3.0,,https://www.coushattacasinoresort.com/slot-map.php?sid=1012,https://www.coushattacasinoresort.com/slot-map.php?sid=1012,Coushatta Casino Resort,2026-10-01T17:07:14.738417+00:00
1223,Colada Ca$H (Mc) (Md) (Prog),Bluberi,Video,$0.01,Medium,3.0,,https://www.coushattacasinoresort.com/slot-map.php?sid=1223,https://www.coushattacasinoresort.com/slot-map.php?sid=1223,Coushatta Casino Resort,2026-10-01T17:07:16.897153+00:00
417,Combo Craze Five Pillars Mc Md Pr,Incredible Technologies,Video,$0.01,High,4.0,,https://www.coushattacasinoresort.com/slot-map.php?sid=417,https://www.coushattacasinoresort.com/slot-map.php?sid=417,Coushatta Casino Resort,2026-10-01T17:07:06.464644+00:00
397,Conan (Prog),Aristocrat,Video,$0.01,High,4.0,,https://www.coushattacasinoresort.com/slot-map.php?sid=397,https://www.coushattacasinoresort.com/slot-map.php?sid=397,Coushatta Casino Resort,2026-10-01T17:07:06.132650+00:00
398,Conan (Prog),Aristocrat,Video,$0.02,High,4.0,,https://www.coushattacasinoresort.com/slot-map.php?sid=398,https://www.coushattacasinoresort.com/slot-map.php?sid=398,Coushatta Casino Resort,2026-10-01T17:07:06.171467+00:00
399,Conan (Prog),Aristocrat,Video,$0.05,High,4.0,,https://www.coushattacasinoresort.com/slot-map.php?sid=399,https://www.coushattacasinoresort.com/slot-map.php?sid=399,Coushatta Casino Resort,2026-10-01T17:07:06.167602+00:00
400,Conan (Prog),Aristocrat,Video,$0.10,High,4.0,,https://www.coushattacasinoresort.com/slot-map.php?sid=400,https://www.coushattacasinoresort.com/slot-map.php?sid=400,Coushatta Casino Resort,2026-10-01T17:07:06.195749+00:00
528,Coyote Moon,IGT,Video,$0.01,Low,2.0,,https://www.coushattacasinoresort.com/slot-map.php?sid=528,https://www.coushattacasinoresort.com/slot-map.php?sid=528,Coushatta Casino Resort,2026-10-01T17:07:08.032993+00:00
536,Coyote Moon,IGT,Video,$1.00,Low,2.0,,https://www.coushattacasinoresort.com/slot-map.php?sid=536,https://www.coushattacasinoresort.com/slot-map.php?sid=536,Coushatta Casino Resort,2026-10-01T17:07:08.165882+00:00
1803,Coyote Moon 40 line,IGT,Video,$0.01,N/A,,,https://www.coushattacasinoresort.com/slot-map.php?sid=1803,https://www.coushattacasinoresort.com/slot-map.php?sid=1803,Coushatta Casino Resort,2026-10-01T17:07:24.073854+00:00
1804,Coyote Moon 40 line,IGT,Video,$0.02,N/A,,,https://www.coushattacasinoresort.com/slot-map.php?sid=1804,https://www.coushattacasinoresort.com/slot-map.php?sid=1804,Coushatta Casino Resort,2026-10-01T17:07:24.089470+00:00
4048,Coyote Moon Deset Nights Mc Md Pr,IGT,Video,$0.01,N/A,,,https://www.coushattacasinoresort.com/slot-map.php?sid=4048,https://www.coushattacasinoresort.com/slot-map.php?sid=4048,Coushatta Casino Resort,2026-10-01T17:08:02.703342+00:00
4049,Crapless Craps With Lucky Shooter,INTERBLOCK,Video,$1.00,N/A,,,https://www.coushattacasinoresort.com/slot-map.php?sid=4049,https://www.coushattacasinoresort.com/slot-map.php?sid=4049,Coushatta Casino Resort,2026-10-01T17:08:02.704832+00:00
832,Crazy Chickens (Mc (Md) (Prog),Aristocrat,Video,$0.01,Medium,3.0,,https://www.coushattacasinoresort.com/slot-map.php?sid=832,https://www.coushattacasinoresort.com/slot-map.php?sid=832,Coushatta Casino Resort,2026-10-01T17:07:12.289637+00:00
950,Crazy Chickens (Mc (Md) (Prog),Aristocrat,Video,$0.02,Medium,3.0,,https://www.coushattacasinoresort.com/slot-map.php?sid=950,https://www.coushattacasinoresort.com/slot-map.php?sid=950,Coushatta Casino Resort,2026-10-01T17:07:13.912757+00:00
951,Crazy Chickens (Mc (Md) (Prog),Aristocrat,Video,$0.05,Medium,3.0,,https://www.coushattacasinoresort.com/slot-map.php?sid=951,https://www.coushattacasinoresort.com/slot-map.php?sid=951,Coushatta Casino Resort,2026-10-01T17:07:13.948994+00:00
952,Crazy Chickens (Mc (Md) (Prog),Aristocrat,Video,$0.10,Medium,3.0,,https://www.coushattacasinoresort.com/slot-map.php?sid=952,https://www.coushattacasinoresort.com/slot-map.php?sid=952,Coushatta Casino Resort,2026-10-01T17:07:13.963072+00:00
1696,Crazy Chickens In Space Mc Md Prog,Aristocrat,Video,$0.01,Medium - Low,2.0,,https://www.coushattacasinoresort.com/slot-map.php?sid=1696,https://www.coushattacasinoresort.com/slot-map.php?sid=1696,Coushatta Casino Resort,2026-10-01T17:07:22.531470+00:00
1697,Crazy Chickens In Space Mc Md Prog,Aristocrat,Video,$0.02,Medium - Low,2.0,,https://www.coushattacasinoresort.com/slot-map.php?sid=1697,https://www.coushattacasinoresort.com/slot-map.php?sid=1697,Coushatta Casino Resort,2026-10-01T17:07:22.598494+00:00
1698,Crazy Chickens In Space Mc Md Prog,Aristocrat,Video,$0.05,Medium - Low,2.0,,https://www.coushattacasinoresort.com/slot-map.php?sid=1698,https://www.coushattacasinoresort.com/slot-map.php?sid=1698,Coushatta Casino Resort,2026-10-01T17:07:22.567442+00:00
1699,Crazy Chickens In Space Mc Md Prog,Aristocrat,Video,$0.10,Medium - Low,2.0,,https://www.coushattacasinoresort.com/slot-map.php?sid=1699,https://www.coushattacasinoresort.com/slot-map.php?sid=1699,Coushatta Casino Resort,2026-10-01T17:07:22.563711+00:00
333,Crazy Lock Mounds:King Of Bling Md,Incredible Technologies,Video,$0.01,High,4.0,,https://www.coushattacasinoresort.com/slot-map.php?sid=333,https://www.coushattacasinoresort.com/slot-map.php?sid=333,Coushatta Casino Resort,2026-10-01T17:07:05.704682+00:00
598,Crazy Money Double Deluxe (Prog),Incredible Technologies,Video,$0.01,Medium,3.0,,https://www.coushattacasinoresort.com/slot-map.php?sid=598,https://www.coushattacasinoresort.com/slot-map.php?sid=598,Coushatta Casino Resort,2026-10-01T17:07:08.846790+00:00
431,Crazy Money: Super Sky Wheel (Prog),Incredible Technologies,Video,$0.01,Low,2.0,,https://www.coushattacasinoresort.com/slot-map.php?sid=431,https://www.coushattacasinoresort.com/slot-map.php?sid=431,Coushatta Casino Resort,2026-10-01T17:07:06.681282+00:00
1710,Creature From The Black Lagoon,IGT,Video,$1.00,N/A,,,https://www.coushattacasinoresort.com/slot-map.php?sid=1710,https://www.coushattacasinoresort.com/slot-map.php?sid=1710,Coushatta Casino Resort,2026-10-01T17:07:22.723240+00:00
644,Crystal Forest,Light & Wonder,Video,$0.01,Medium,3.0,,https://www.coushattacasinoresort.com/slot-map.php?sid=644,https://www.coushattacasinoresort.com/slot-map.php?sid=644,Coushatta Casino Resort,2026-10-01T17:07:09.541074+00:00
2449,Crystal Star (Prog),Everi,Reel,$1.00,N/A,,,https://www.coushattacasinoresort.com/slot-map.php?sid=2449,https://www.coushattacasinoresort.com/slot-map.php?sid=2449,Coushatta Casino Resort,2026-10-01T17:07:42.806613+00:00
123,Crystal Star Deluxe (Prog),Everi,Reel,$1.00,High,4.0,,https://www.coushattacasinoresort.com/slot-map.php?sid=123,https://www.coushattacasinoresort.com/slot-map.php?sid=123,Coushatta Casino Resort,2026-10-01T17:07:03.202304+00:00
862,Crystal Star Platinum Sig (Md)(Pr),Everi,Reel,$1.00,Medium,3.0,,https://www.coushattacasinoresort.com/slot-map.php?sid=862,https://www.coushattacasinoresort.com/slot-map.php?sid=862,Coushatta Casino Resort,2026-10-01T17:07:12.726849+00:00
1780,Da Vinci Diamond Keno,IGT,Video,$0.01,N/A,,,https://www.coushattacasinoresort.com/slot-map.php?sid=1780,https://www.coushattacasinoresort.com/slot-map.php?sid=1780,Coushatta Casino Resort,2026-10-01T17:07:23.698358+00:00
1781,Da Vinci Diamond Keno,IGT,Video,$0.02,N/A,,,https://www.coushattacasinoresort.com/slot-map.php?sid=1781,https://www.coushattacasinoresort.com/slot-map.php?sid=1781,Coushatta Casino Resort,2026-10-01T17:07:23.726137+00:00
1782,Da Vinci Diamond Keno,IGT,Video,$0.05,N/A,,,https://www.coushattacasinoresort.com/slot-map.php?sid=1782,https://www.coushattacasinoresort.com/slot-map.php?sid=1782,Coushatta Casino Resort,2026-10-01T17:07:23.708836+00:00
1783,Da Vinci Diamond Keno,IGT,Video,$0.10,N/A,,,https://www.coushattacasinoresort.com/slot-map.php?sid=1783,https://www.coushattacasinoresort.com/slot-map.php?sid=1783,Coushatta Casino Resort,2026-10-01T17:07:23.794897+00:00
1493,Dancing Drums (Prog),Light & Wonder,Video,$0.01,Medium - Low,2.0,,https://www.coushattacasinoresort.com/slot-map.php?sid=1493,https://www.coushattacasinoresort.com/slot-map.php?sid=1493,Coushatta Casino Resort,2026-10-01T17:07:20.526555+00:00
762,Dancing Drums Dragon Mc Md Wap Pr,Light & Wonder,Video,$0.01,Medium,3.0,,https://www.coushattacasinoresort.com/slot-map.php?sid=762,https://www.coushattacasinoresort.com/slot-map.php?sid=762,Coushatta Casino Resort,2026-10-01T17:07:11.245093+00:00
1070,Dancing Drums Golden Drums Mc Md Pr,Light & Wonder,Video,$0.01,Medium,3.0,,https://www.coushattacasinoresort.com/slot-map.php?sid=1070,https://www.coushattacasinoresort.com/slot-map.php?sid=1070,Coushatta Casino Resort,2026-10-01T17:07:15.343361+00:00
730,Dancing Drums Link Fortune Mc Md Pr,Light & Wonder,Video,$0.01,Medium,3.0,,https://www.coushattacasinoresort.com/slot-map.php?sid=730,https://www.coushattacasinoresort.com/slot-map.php?sid=730,Coushatta Casino Resort,2026-10-01T17:07:10.761289+00:00
733,Dancing Drums Link Fortune Mc Md Pr,Light & Wonder,Video,$0.02,Medium,3.0,,https://www.coushattacasinoresort.com/slot-map.php?sid=733,https://www.coushattacasinoresort.com/slot-map.php?sid=733,Coushatta Casino Resort,2026-10-01T17:07:10.862627+00:00
734,Dancing Drums Link Fortune Mc Md Pr,Light & Wonder,Video,$0.05,Medium,3.0,,https://www.coushattacasinoresort.com/slot-map.php?sid=734,https://www.coushattacasinoresort.com/slot-map.php?sid=734,Coushatta Casino Resort,2026-10-01T17:07:10.868891+00:00
735,Dancing Drums Link Fortune Mc Md Pr,Light & Wonder,Video,$0.10,Medium,3.0,,https://www.coushattacasinoresort.com/slot-map.php?sid=735,https://www.coushattacasinoresort.com/slot-map.php?sid=735,Coushatta Casino Resort,2026-10-01T17:07:10.881069+00:00
736,Dancing Drums Link Fortune Mc Md Pr,Light & Wonder,Video,$1.00,Medium,3.0,,https://www.coushattacasinoresort.com/slot-map.php?sid=736,https://www.coushattacasinoresort.com/slot-map.php?sid=736,Coushatta Casino Resort,2026-10-01T17:07:10.879408+00:00
737,Dancing Drums Link Fortune Mc Md Pr,Light & Wonder,Video,$2.00,Medium,3.0,,https://www.coushattacasinoresort.com/slot-map.php?sid=737,https://www.coushattacasinoresort.com/slot-map.php?sid=737,Coushatta Casino Resort,2026-10-01T17:07:10.901809+00:00
731,Dancing Drums Link Treasure Mc Md P,Light & Wonder,Video,$0.01,Medium,3.0,,https://www.coushattacasinoresort.com/slot-map.php?sid=731,https://www.coushattacasinoresort.com/slot-map.php?sid=731,Coushatta Casino Resort,2026-10-01T17:07:10.808179+00:00
739,Dancing Drums Link Treasure Mc Md P,Light & Wonder,Video,$0.02,Medium,3.0,,https://www.coushattacasinoresort.com/slot-map.php?sid=739,https://www.coushattacasinoresort.com/slot-map.php?sid=739,Coushatta Casino Resort,2026-10-01T17:07:10.911455+00:00
740,Dancing Drums Link Treasure Mc Md P,Light & Wonder,Video,$0.05,Medium,3.0,,https://www.coushattacasinoresort.com/slot-map.php?sid=740,https://www.coushattacasinoresort.com/slot-map.php?sid=740,Coushatta Casino Resort,2026-10-01T17:07:10.943940+00:00
741,Dancing Drums Link Treasure Mc Md P,Light & Wonder,Video,$0.10,Medium,3.0,,https://www.coushattacasinoresort.com/slot-map.php?sid=741,https://www.coushattacasinoresort.com/slot-map.php?sid=741,Coushatta Casino Resort,2026-10-01T17:07:10.949933+00:00
742,Dancing Drums Link Treasure Mc Md P,Light & Wonder,Video,$1.00,Medium,3.0,,https://www.coushattacasinoresort.com/slot-map.php?sid=742,https://www.coushattacasinoresort.com/slot-map.php?sid=742,Coushatta Casino Resort,2026-10-01T17:07:10.965818+00:00
743,Dancing Drums Link Treasure Mc Md P,Light & Wonder,Video,$2.00,Medium,3.0,,https://www.coushattacasinoresort.com/slot-map.php?sid=743,https://www.coushattacasinoresort.com/slot-map.php?sid=743,Coushatta Casino Resort,2026-10-01T17:07:10.971893+00:00
1721,Dancing Drums Prosperity (Prog),Light & Wonder,Video,$0.01,N/A,,,https://www.coushattacasinoresort.com/slot-map.php?sid=1721,https://www.coushattacasinoresort.com/slot-map.php?sid=1721,Coushatta Casino Resort,2026-10-01T17:07:22.878330+00:00
1439,Dancing Drums Revolution Md Pr Wap,Light & Wonder,Video,$0.01,Medium - High,3.0,,https://www.coushattacasinoresort.com/slot-map.php?sid=1439,https://www.coushattacasinoresort.com/slot-map.php?sid=1439,Coushatta Casino Resort,2026-10-01T17:07:19.947246+00:00
1440,Dancing Drums Revolution Md Pr Wap,Light & Wonder,Video,$0.02,Medium - High,3.0,,https://www.coushattacasinoresort.com/slot-map.php?sid=1440,https://www.coushattacasinoresort.com/slot-map.php?sid=1440,Coushatta Casino Resort,2026-10-01T17:07:19.966925+00:00
1441,Dancing Drums Revolution Md Pr Wap,Light & Wonder,Video,$0.05,Medium - High,3.0,,https://www.coushattacasinoresort.com/slot-map.php?sid=1441,https://www.coushattacasinoresort.com/slot-map.php?sid=1441,Coushatta Casino Resort,2026-10-01T17:07:19.977083+00:00
1442,Dancing Drums Revolution Md Pr Wap,Light & Wonder,Video,$0.10,Medium - High,3.0,,https://www.coushattacasinoresort.com/slot-map.php?sid=1442,https://www.coushattacasinoresort.com/slot-map.php?sid=1442,Coushatta Casino Resort,2026-10-01T17:07:19.989213+00:00
1443,Dancing Drums Revolution Md Pr Wap,Light & Wonder,Video,$1.00,Medium - High,3.0,,https://www.coushattacasinoresort.com/slot-map.php?sid=1443,https://www.coushattacasinoresort.com/slot-map.php?sid=1443,Coushatta Casino Resort,2026-10-01T17:07:20.014333+00:00
1444,Dancing Drums Revolution Md Pr Wap,Light & Wonder,Video,$2.00,Medium - High,3.0,,https://www.coushattacasinoresort.com/slot-map.php?sid=1444,https://www.coushattacasinoresort.com/slot-map.php?sid=1444,Coushatta Casino Resort,2026-10-01T17:07:20.053068+00:00
1664,Dancing Foo,Aristocrat,Video,$0.01,Medium - Low,2.0,,https://www.coushattacasinoresort.com/slot-map.php?sid=1664,https://www.coushattacasinoresort.com/slot-map.php?sid=1664,Coushatta Casino Resort,2026-10-01T17:07:22.092782+00:00
1667,Dancing Foo,Aristocrat,Video,$0.02,Medium - Low,2.0,,https://www.coushattacasinoresort.com/slot-map.php?sid=1667,https://www.coushattacasinoresort.com/slot-map.php?sid=1667,Coushatta Casino Resort,2026-10-01T17:07:22.134664+00:00
522,Day Of The Dead,IGT,Video,$1.00,Low,2.0,,https://www.coushattacasinoresort.com/slot-map.php?sid=522,https://www.coushattacasinoresort.com/slot-map.php?sid=522,Coushatta Casino Resort,2026-10-01T17:07:08.045186+00:00
982,Der Rakin Bacon Hogger Lager Md Pr,AGS,VIdeo,$0.25,Medium,3.0,,https://www.coushattacasinoresort.com/slot-map.php?sid=982,https://www.coushattacasinoresort.com/slot-map.php?sid=982,Coushatta Casino Resort,2026-10-01T17:07:14.303705+00:00
983,Der Rakin Bacon Hogtoberfest Md Pr,AGS,VIdeo,$0.25,Medium,3.0,,https://www.coushattacasinoresort.com/slot-map.php?sid=983,https://www.coushattacasinoresort.com/slot-map.php?sid=983,Coushatta Casino Resort,2026-10-01T17:07:14.319797+00:00
2422,Deuces Wild,IGT,Poker,$0.25,N/A,,,https://www.coushattacasinoresort.com/slot-map.php?sid=2422,https://www.coushattacasinoresort.com/slot-map.php?sid=2422,Coushatta Casino Resort,2026-10-01T17:07:41.982162+00:00
2423,Deuces Wild,IGT,Poker,$0.50,N/A,,,https://www.coushattacasinoresort.com/slot-map.php?sid=2423,https://www.coushattacasinoresort.com/slot-map.php?sid=2423,Coushatta Casino Resort,2026-10-01T17:07:41.972901+00:00
2424,Deuces Wild,IGT,Poker,$1.00,N/A,,,https://www.coushattacasinoresort.com/slot-map.php?sid=2424,https://www.coushattacasinoresort.com/slot-map.php?sid=2424,Coushatta Casino Resort,2026-10-01T17:07:42.074245+00:00
2425,Deuces Wild,IGT,Poker,$2.00,N/A,,,https://www.coushattacasinoresort.com/slot-map.php?sid=2425,https://www.coushattacasinoresort.com/slot-map.php?sid=2425,Coushatta Casino Resort,2026-10-01T17:07:42.078433+00:00
2480,Deuces Wild,IGT,Poker,$5.00,N/A,,,https://www.coushattacasinoresort.com/slot-map.php?sid=2480,https://www.coushattacasinoresort.com/slot-map.php?sid=2480,Coushatta Casino Resort,2026-10-01T17:07:43.740396+00:00
2481,Deuces Wild,IGT,Poker,$10.00,N/A,,,https://www.coushattacasinoresort.com/slot-map.php?sid=2481,https://www.coushattacasinoresort.com/slot-map.php?sid=2481,Coushatta Casino Resort,2026-10-01T17:07:43.809283+00:00
2482,Deuces Wild,IGT,Poker,$25.00,N/A,,,https://www.coushattacasinoresort.com/slot-map.php?sid=2482,https://www.coushattacasinoresort.com/slot-map.php?sid=2482,Coushatta Casino Resort,2026-10-01T17:07:43.926066+00:00
3267,Deuces Wild,IGT Poker,Poker,$0.10,N/A,,,https://www.coushattacasinoresort.com/slot-map.php?sid=3267,https://www.coushattacasinoresort.com/slot-map.php?sid=3267,Coushatta Casino Resort,2026-10-01T17:08:00.254469+00:00
3268,Deuces Wild,IGT Poker,Poker,$0.25,N/A,,,https://www.coushattacasinoresort.com/slot-map.php?sid=3268,https://www.coushattacasinoresort.com/slot-map.php?sid=3268,Coushatta Casino Resort,2026-10-01T17:08:00.286179+00:00
3269,Deuces Wild,IGT Poker,Poker,$0.50,N/A,,,https://www.coushattacasinoresort.com/slot-map.php?sid=3269,https://www.coushattacasinoresort.com/slot-map.php?sid=3269,Coushatta Casino Resort,2026-10-01T17:08:00.271883+00:00
3270,Deuces Wild,IGT Poker,Poker,$1.00,N/A,,,https://www.coushattacasinoresort.com/slot-map.php?sid=3270,https://www.coushattacasinoresort.com/slot-map.php?sid=3270,Coushatta Casino Resort,2026-10-01T17:08:00.290317+00:00
1731,Deuces Wild Bonus Poker,IGT Poker,Poker,$0.25,N/A,,,https://www.coushattacasinoresort.com/slot-map.php?sid=1731,https://www.coushattacasinoresort.com/slot-map.php?sid=1731,Coushatta Casino Resort,2026-10-01T17:07:23.024773+00:00
2418,Deuces Wild Double Double Bonus Poker,IGT,Poker,$0.25,N/A,,,https://www.coushattacasinoresort.com/slot-map.php?sid=2418,https://www.coushattacasinoresort.com/slot-map.php?sid=2418,Coushatta Casino Resort,2026-10-01T17:07:41.831794+00:00
2419,Deuces Wild Double Double Bonus Poker,IGT,Poker,$0.50,N/A,,,https://www.coushattacasinoresort.com/slot-map.php?sid=2419,https://www.coushattacasinoresort.com/slot-map.php?sid=2419,Coushatta Casino Resort,2026-10-01T17:07:41.857372+00:00
2420,Deuces Wild Double Double Bonus Poker,IGT,Poker,$1.00,N/A,,,https://www.coushattacasinoresort.com/slot-map.php?sid=2420,https://www.coushattacasinoresort.com/slot-map.php?sid=2420,Coushatta Casino Resort,2026-10-01T17:07:41.906342+00:00
2421,Deuces Wild Double Double Bonus Poker,IGT,Poker,$2.00,N/A,,,https://www.coushattacasinoresort.com/slot-map.php?sid=2421,https://www.coushattacasinoresort.com/slot-map.php?sid=2421,Coushatta Casino Resort,2026-10-01T17:07:41.976428+00:00
1730,Deuces Wild Poker,IGT Poker,Poker,$0.25,N/A,,,https://www.coushattacasinoresort.com/slot-map.php?sid=1730,https://www.coushattacasinoresort.com/slot-map.php?sid=1730,Coushatta Casino Resort,2026-10-01T17:07:22.994655+00:00
2574,Deuces Wild Poker,IGT Poker,Poker,$0.50,N/A,,,https://www.coushattacasinoresort.com/slot-map.php?sid=2574,https://www.coushattacasinoresort.com/slot-map.php?sid=2574,Coushatta Casino Resort,2026-10-01T17:07:45.317672+00:00
2575,Deuces Wild Poker,IGT Poker,Poker,$1.00,N/A,,,https://www.coushattacasinoresort.com/slot-map.php?sid=2575,https://www.coushattacasinoresort.com/slot-map.php?sid=2575,Coushatta Casino Resort,2026-10-01T17:07:45.457774+00:00
2576,Deuces Wild Poker,IGT Poker,Poker,$2.00,N/A,,,https://www.coushattacasinoresort.com/slot-map.php?sid=2576,https://www.coushattacasinoresort.com/slot-map.php?sid=2576,Coushatta Casino Resort,2026-10-01T17:07:45.434269+00:00
2577,Deuces Wild Poker,IGT Poker,Poker,$5.00,N/A,,,https://www.coushattacasinoresort.com/slot-map.php?sid=2577,https://www.coushattacasinoresort.com/slot-map.php?sid=2577,Coushatta Casino Resort,2026-10-01T17:07:45.461355+00:00
4009,Deuces Wild Poker,IGT Poker,Poker,$0.10,N/A,,,https://www.coushattacasinoresort.com/slot-map.php?sid=4009,https://www.coushattacasinoresort.com/slot-map.php?sid=4009,Coushatta Casino Resort,2026-10-01T17:08:01.947602+00:00
1740,Deuces Wild Poker: Five Play,IGT Poker,Poker,$0.25,N/A,,,https://www.coushattacasinoresort.com/slot-map.php?sid=1740,https://www.coushattacasinoresort.com/slot-map.php?sid=1740,Coushatta Casino Resort,2026-10-01T17:07:23.157867+00:00
1739,Deuces Wild Poker: Triple Play,IGT Poker,Poker,$0.25,N/A,,,https://www.coushattacasinoresort.com/slot-map.php?sid=1739,https://www.coushattacasinoresort.com/slot-map.php?sid=1739,Coushatta Casino Resort,2026-10-01T17:07:23.174446+00:00
3263,Deuces Wild: Double Bonus,IGT Poker,Poker,$0.10,N/A,,,https://www.coushattacasinoresort.com/slot-map.php?sid=3263,https://www.coushattacasinoresort.com/slot-map.php?sid=3263,Coushatta Casino Resort,2026-10-01T17:08:00.208027+00:00
3264,Deuces Wild: Double Bonus,IGT Poker,Poker,$0.25,N/A,,,https://www.coushattacasinoresort.com/slot-map.php?sid=3264,https://www.coushattacasinoresort.com/slot-map.php?sid=3264,Coushatta Casino Resort,2026-10-01T17:08:00.203816+00:00
3265,Deuces Wild: Double Bonus,IGT Poker,Poker,$0.50,N/A,,,https://www.coushattacasinoresort.com/slot-map.php?sid=3265,https://www.coushattacasinoresort.com/slot-map.php?sid=3265,Coushatta Casino Resort,2026-10-01T17:08:00.183164+00:00
3266,Deuces Wild: Double Bonus,IGT Poker,Poker,$1.00,N/A,,,https://www.coushattacasinoresort.com/slot-map.php?sid=3266,https://www.coushattacasinoresort.com/slot-map.php?sid=3266,Coushatta Casino Resort,2026-10-01T17:08:00.189115+00:00
4005,Deuces Wild: Double Bonus Poker,IGT Poker,Poker,$0.10,N/A,,,https://www.coushattacasinoresort.com/slot-map.php?sid=4005,https://www.coushattacasinoresort.com/slot-map.php?sid=4005,Coushatta Casino Resort,2026-10-01T17:08:01.797596+00:00
4006,Deuces Wild: Double Bonus Poker,IGT Poker,Poker,$0.25,N/A,,,https://www.coushattacasinoresort.com/slot-map.php?sid=4006,https://www.coushattacasinoresort.com/slot-map.php?sid=4006,Coushatta Casino Resort,2026-10-01T17:08:01.822235+00:00
4007,Deuces Wild: Double Bonus Poker,IGT Poker,Poker,$0.50,N/A,,,https://www.coushattacasinoresort.com/slot-map.php?sid=4007,https://www.coushattacasinoresort.com/slot-map.php?sid=4007,Coushatta Casino Resort,2026-10-01T17:08:01.858169+00:00
4008,Deuces Wild: Double Bonus Poker,IGT Poker,Poker,$1.00,N/A,,,https://www.coushattacasinoresort.com/slot-map.php?sid=4008,https://www.coushattacasinoresort.com/slot-map.php?sid=4008,Coushatta Casino Resort,2026-10-01T17:08:02.034793+00:00
3259,Deuces Wild: Double Double Bonus,IGT Poker,Poker,$0.10,N/A,,,https://www.coushattacasinoresort.com/slot-map.php?sid=3259,https://www.coushattacasinoresort.com/slot-map.php?sid=3259,Coushatta Casino Resort,2026-10-01T17:08:00.145189+00:00
3260,Deuces Wild: Double Double Bonus,IGT Poker,Poker,$0.25,N/A,,,https://www.coushattacasinoresort.com/slot-map.php?sid=3260,https://www.coushattacasinoresort.com/slot-map.php?sid=3260,Coushatta Casino Resort,2026-10-01T17:08:00.154321+00:00
3261,Deuces Wild: Double Double Bonus,IGT Poker,Poker,$0.50,N/A,,,https://www.coushattacasinoresort.com/slot-map.php?sid=3261,https://www.coushattacasinoresort.com/slot-map.php?sid=3261,Coushatta Casino Resort,2026-10-01T17:08:00.162339+00:00
3262,Deuces Wild: Double Double Bonus,IGT Poker,Poker,$1.00,N/A,,,https://www.coushattacasinoresort.com/slot-map.php?sid=3262,https://www.coushattacasinoresort.com/slot-map.php?sid=3262,Coushatta Casino Resort,2026-10-01T17:08:00.166295+00:00
4001,Deuces Wild: Double Double Bonus Poker,IGT Poker,Poker,$0.10,N/A,,,https://www.coushattacasinoresort.com/slot-map.php?sid=4001,https://www.coushattacasinoresort.com/slot-map.php?sid=4001,Coushatta Casino Resort,2026-10-01T17:08:01.728245+00:00
4002,Deuces Wild: Double Double Bonus Poker,IGT Poker,Poker,$0.25,N/A,,,https://www.coushattacasinoresort.com/slot-map.php?sid=4002,https://www.coushattacasinoresort.com/slot-map.php?sid=4002,Coushatta Casino Resort,2026-10-01T17:08:01.749205+00:00
4003,Deuces Wild: Double Double Bonus Poker,IGT Poker,Poker,$0.50,N/A,,,https://www.coushattacasinoresort.com/slot-map.php?sid=4003,https://www.coushattacasinoresort.com/slot-map.php?sid=4003,Coushatta Casino Resort,2026-10-01T17:08:01.741195+00:00
4004,Deuces Wild: Double Double Bonus Poker,IGT Poker,Poker,$1.00,N/A,,,https://www.coushattacasinoresort.com/slot-map.php?sid=4004,https://www.coushattacasinoresort.com/slot-map.php?sid=4004,Coushatta Casino Resort,2026-10-01T17:08:01.829622+00:00
1347,Devil Lucky Looters (Mc) (Md),Aristocrat,Video,$0.01,Medium - High,3.0,,https://www.coushattacasinoresort.com/slot-map.php?sid=1347,https://www.coushattacasinoresort.com/slot-map.php?sid=1347,Coushatta Casino Resort,2026-10-01T17:07:18.641705+00:00
1170,Devil Panda (Md) (Prog),Aruze,Video,$0.01,Medium,3.0,,https://www.coushattacasinoresort.com/slot-map.php?sid=1170,https://www.coushattacasinoresort.com/slot-map.php?sid=1170,Coushatta Casino Resort,2026-10-01T17:07:16.354679+00:00
1700,Diamond Fiesta Spicy Fortunes Md Pr,Aristocrat,Video,$0.01,Medium - Low,2.0,,https://www.coushattacasinoresort.com/slot-map.php?sid=1700,https://www.coushattacasinoresort.com/slot-map.php?sid=1700,Coushatta Casino Resort,2026-10-01T17:07:22.571315+00:00
1104,Diamond Lock Ruby (Md) (Prog),IGT,Reel,$0.25,Medium,3.0,,https://www.coushattacasinoresort.com/slot-map.php?sid=1104,https://www.coushattacasinoresort.com/slot-map.php?sid=1104,Coushatta Casino Resort,2026-10-01T17:07:15.544302+00:00
1105,Diamond Lock Ruby (Md) (Prog),IGT,Reel,$0.50,Medium,3.0,,https://www.coushattacasinoresort.com/slot-map.php?sid=1105,https://www.coushattacasinoresort.com/slot-map.php?sid=1105,Coushatta Casino Resort,2026-10-01T17:07:15.698500+00:00
1106,Diamond Lock Ruby (Md) (Prog),IGT,Reel,$1.00,Medium,3.0,,https://www.coushattacasinoresort.com/slot-map.php?sid=1106,https://www.coushattacasinoresort.com/slot-map.php?sid=1106,Coushatta Casino Resort,2026-10-01T17:07:15.596548+00:00
4044,Diamond Lock Sapphire (Md) (Prog),Everi,Reel,$0.25,N/A,,,https://www.coushattacasinoresort.com/slot-map.php?sid=4044,https://www.coushattacasinoresort.com/slot-map.php?sid=4044,Coushatta Casino Resort,2026-10-01T17:08:02.576839+00:00
565,Diamond Nudge Md Prog,AGS,Reel,$0.25,Low,2.0,,https://www.coushattacasinoresort.com/slot-map.php?sid=565,https://www.coushattacasinoresort.com/slot-map.php?sid=565,Coushatta Casino Resort,2026-10-01T17:07:08.444762+00:00
1167,Diamond Point: China Mystery (Prog),Konami,Video,$0.01,Medium,3.0,,https://www.coushattacasinoresort.com/slot-map.php?sid=1167,https://www.coushattacasinoresort.com/slot-map.php?sid=1167,Coushatta Casino Resort,2026-10-01T17:07:16.338871+00:00
1165,Diamond Point: China Shores Boost(P,Konami,Video,$0.01,Medium,3.0,,https://www.coushattacasinoresort.com/slot-map.php?sid=1165,https://www.coushattacasinoresort.com/slot-map.php?sid=1165,Coushatta Casino Resort,2026-10-01T17:07:16.320824+00:00
1166,Diamond Point: Lago Di Amore (Prog),Konami,Video,$0.01,Medium,3.0,,https://www.coushattacasinoresort.com/slot-map.php?sid=1166,https://www.coushattacasinoresort.com/slot-map.php?sid=1166,Coushatta Casino Resort,2026-10-01T17:07:16.305855+00:00
1168,Diamond Point: Roman Tribune (Prog),Konami,Video,$0.01,Medium,3.0,,https://www.coushattacasinoresort.com/slot-map.php?sid=1168,https://www.coushattacasinoresort.com/slot-map.php?sid=1168,Coushatta Casino Resort,2026-10-01T17:07:16.351074+00:00
195,Diamond Power Grand (Prog),Everi,Reel,$1.00,High,4.0,,https://www.coushattacasinoresort.com/slot-map.php?sid=195,https://www.coushattacasinoresort.com/slot-map.php?sid=195,Coushatta Casino Resort,2026-10-01T17:07:04.114762+00:00
262,Diamond Reels Md Prog,AGS,Reel,$1.00,High,4.0,,https://www.coushattacasinoresort.com/slot-map.php?sid=262,https://www.coushattacasinoresort.com/slot-map.php?sid=262,Coushatta Casino Resort,2026-10-01T17:07:05.051804+00:00
318,Diamond Reels Md Prog,AGS,Reel,$0.25,High,4.0,,https://www.coushattacasinoresort.com/slot-map.php?sid=318,https://www.coushattacasinoresort.com/slot-map.php?sid=318,Coushatta Casino Resort,2026-10-01T17:07:05.530027+00:00
3255,Dice Fever: Bonus Poker,IGT Poker,Poker,$0.10,N/A,,,https://www.coushattacasinoresort.com/slot-map.php?sid=3255,https://www.coushattacasinoresort.com/slot-map.php?sid=3255,Coushatta Casino Resort,2026-10-01T17:08:00.044632+00:00
3256,Dice Fever: Bonus Poker,IGT Poker,Poker,$0.25,N/A,,,https://www.coushattacasinoresort.com/slot-map.php?sid=3256,https://www.coushattacasinoresort.com/slot-map.php?sid=3256,Coushatta Casino Resort,2026-10-01T17:08:00.039377+00:00
3257,Dice Fever: Bonus Poker,IGT Poker,Poker,$0.50,N/A,,,https://www.coushattacasinoresort.com/slot-map.php?sid=3257,https://www.coushattacasinoresort.com/slot-map.php?sid=3257,Coushatta Casino Resort,2026-10-01T17:08:00.053453+00:00
3258,Dice Fever: Bonus Poker,IGT Poker,Poker,$1.00,N/A,,,https://www.coushattacasinoresort.com/slot-map.php?sid=3258,https://www.coushattacasinoresort.com/slot-map.php?sid=3258,Coushatta Casino Resort,2026-10-01T17:08:00.088090+00:00
3251,Dice Fever: Double Double Bonus,IGT Poker,Poker,$0.10,N/A,,,https://www.coushattacasinoresort.com/slot-map.php?sid=3251,https://www.coushattacasinoresort.com/slot-map.php?sid=3251,Coushatta Casino Resort,2026-10-01T17:08:00.027529+00:00
3252,Dice Fever: Double Double Bonus,IGT Poker,Poker,$0.25,N/A,,,https://www.coushattacasinoresort.com/slot-map.php?sid=3252,https://www.coushattacasinoresort.com/slot-map.php?sid=3252,Coushatta Casino Resort,2026-10-01T17:08:00.035180+00:00
3253,Dice Fever: Double Double Bonus,IGT Poker,Poker,$0.50,N/A,,,https://www.coushattacasinoresort.com/slot-map.php?sid=3253,https://www.coushattacasinoresort.com/slot-map.php?sid=3253,Coushatta Casino Resort,2026-10-01T17:08:00.046896+00:00
3254,Dice Fever: Double Double Bonus,IGT Poker,Poker,$1.00,N/A,,,https://www.coushattacasinoresort.com/slot-map.php?sid=3254,https://www.coushattacasinoresort.com/slot-map.php?sid=3254,Coushatta Casino Resort,2026-10-01T17:08:00.023768+00:00
3993,Dice Fever: Double Double Bonus Poker,IGT Poker,Poker,$0.10,N/A,,,https://www.coushattacasinoresort.com/slot-map.php?sid=3993,https://www.coushattacasinoresort.com/slot-map.php?sid=3993,Coushatta Casino Resort,2026-10-01T17:08:01.591364+00:00
3994,Dice Fever: Double Double Bonus Poker,IGT Poker,Poker,$0.25,N/A,,,https://www.coushattacasinoresort.com/slot-map.php?sid=3994,https://www.coushattacasinoresort.com/slot-map.php?sid=3994,Coushatta Casino Resort,2026-10-01T17:08:01.598150+00:00
3995,Dice Fever: Double Double Bonus Poker,IGT Poker,Poker,$0.50,N/A,,,https://www.coushattacasinoresort.com/slot-map.php?sid=3995,https://www.coushattacasinoresort.com/slot-map.php?sid=3995,Coushatta Casino Resort,2026-10-01T17:08:01.654814+00:00
3996,Dice Fever: Double Double Bonus Poker,IGT Poker,Poker,$1.00,N/A,,,https://www.coushattacasinoresort.com/slot-map.php?sid=3996,https://www.coushattacasinoresort.com/slot-map.php?sid=3996,Coushatta Casino Resort,2026-10-01T17:08:01.705597+00:00
3247,Dice Fever: Triple Double Bonus,IGT Poker,Poker,$0.10,N/A,,,https://www.coushattacasinoresort.com/slot-map.php?sid=3247,https://www.coushattacasinoresort.com/slot-map.php?sid=3247,Coushatta Casino Resort,2026-10-01T17:07:59.919852+00:00
3248,Dice Fever: Triple Double Bonus,IGT Poker,Poker,$0.25,N/A,,,https://www.coushattacasinoresort.com/slot-map.php?sid=3248,https://www.coushattacasinoresort.com/slot-map.php?sid=3248,Coushatta Casino Resort,2026-10-01T17:07:59.924540+00:00
3249,Dice Fever: Triple Double Bonus,IGT Poker,Poker,$0.50,N/A,,,https://www.coushattacasinoresort.com/slot-map.php?sid=3249,https://www.coushattacasinoresort.com/slot-map.php?sid=3249,Coushatta Casino Resort,2026-10-01T17:07:59.947431+00:00
3250,Dice Fever: Triple Double Bonus,IGT Poker,Poker,$1.00,N/A,,,https://www.coushattacasinoresort.com/slot-map.php?sid=3250,https://www.coushattacasinoresort.com/slot-map.php?sid=3250,Coushatta Casino Resort,2026-10-01T17:07:59.988622+00:00
3989,Dice Fever: Triple Double Bonus Poker,IGT Poker,Poker,$0.10,N/A,,,https://www.coushattacasinoresort.com/slot-map.php?sid=3989,https://www.coushattacasinoresort.com/slot-map.php?sid=3989,Coushatta Casino Resort,2026-10-01T17:08:01.531502+00:00
3990,Dice Fever: Triple Double Bonus Poker,IGT Poker,Poker,$0.25,N/A,,,https://www.coushattacasinoresort.com/slot-map.php?sid=3990,https://www.coushattacasinoresort.com/slot-map.php?sid=3990,Coushatta Casino Resort,2026-10-01T17:08:01.527733+00:00
3991,Dice Fever: Triple Double Bonus Poker,IGT Poker,Poker,$0.50,N/A,,,https://www.coushattacasinoresort.com/slot-map.php?sid=3991,https://www.coushattacasinoresort.com/slot-map.php?sid=3991,Coushatta Casino Resort,2026-10-01T17:08:01.491706+00:00
3992,Dice Fever: Triple Double Bonus Poker,IGT Poker,Poker,$1.00,N/A,,,https://www.coushattacasinoresort.com/slot-map.php?sid=3992,https://www.coushattacasinoresort.com/slot-map.php?sid=3992,Coushatta Casino Resort,2026-10-01T17:08:01.615949+00:00
1102,Dollar Storm: Buccaneer (Mc)(Md) Pr,Aristocrat,Video,$0.01,Medium,3.0,,https://www.coushattacasinoresort.com/slot-map.php?sid=1102,https://www.coushattacasinoresort.com/slot-map.php?sid=1102,Coushatta Casino Resort,2026-10-01T17:07:15.484878+00:00
784,Dollar Storm: Caribbean Gold(P)(Md),Aristocrat,Video,$0.01,Medium,3.0,,https://www.coushattacasinoresort.com/slot-map.php?sid=784,https://www.coushattacasinoresort.com/slot-map.php?sid=784,Coushatta Casino Resort,2026-10-01T17:07:11.577172+00:00
785,Dollar Storm: Caribbean Gold(P)(Md),Aristocrat,Video,$0.02,Medium,3.0,,https://www.coushattacasinoresort.com/slot-map.php?sid=785,https://www.coushattacasinoresort.com/slot-map.php?sid=785,Coushatta Casino Resort,2026-10-01T17:07:11.652095+00:00
786,Dollar Storm: Caribbean Gold(P)(Md),Aristocrat,Video,$0.05,Medium,3.0,,https://www.coushattacasinoresort.com/slot-map.php?sid=786,https://www.coushattacasinoresort.com/slot-map.php?sid=786,Coushatta Casino Resort,2026-10-01T17:07:11.642699+00:00
787,Dollar Storm: Caribbean Gold(P)(Md),Aristocrat,Video,$0.10,Medium,3.0,,https://www.coushattacasinoresort.com/slot-map.php?sid=787,https://www.coushattacasinoresort.com/slot-map.php?sid=787,Coushatta Casino Resort,2026-10-01T17:07:11.665565+00:00
788,Dollar Storm: Caribbean Gold(P)(Md),Aristocrat,Video,$0.25,Medium,3.0,,https://www.coushattacasinoresort.com/slot-map.php?sid=788,https://www.coushattacasinoresort.com/slot-map.php?sid=788,Coushatta Casino Resort,2026-10-01T17:07:11.653617+00:00
789,Dollar Storm: Caribbean Gold(P)(Md),Aristocrat,Video,$1.00,Medium,3.0,,https://www.coushattacasinoresort.com/slot-map.php?sid=789,https://www.coushattacasinoresort.com/slot-map.php?sid=789,Coushatta Casino Resort,2026-10-01T17:07:11.676694+00:00
790,Dollar Storm: Caribbean Gold(P)(Md),Aristocrat,Video,$2.00,Medium,3.0,,https://www.coushattacasinoresort.com/slot-map.php?sid=790,https://www.coushattacasinoresort.com/slot-map.php?sid=790,Coushatta Casino Resort,2026-10-01T17:07:11.697144+00:00
791,Dollar Storm: Caribbean Gold(P)(Md),Aristocrat,Video,$5.00,Medium,3.0,,https://www.coushattacasinoresort.com/slot-map.php?sid=791,https://www.coushattacasinoresort.com/slot-map.php?sid=791,Coushatta Casino Resort,2026-10-01T17:07:11.701290+00:00
25,Dollar Storm: Egyptian Jewels,Aristocrat,Video,$0.01,High,4.0,,https://www.coushattacasinoresort.com/slot-map.php?sid=25,https://www.coushattacasinoresort.com/slot-map.php?sid=25,Coushatta Casino Resort,2026-10-01T17:07:01.524585+00:00
26,Dollar Storm: Egyptian Jewels,Aristocrat,Video,$0.02,High,4.0,,https://www.coushattacasinoresort.com/slot-map.php?sid=26,https://www.coushattacasinoresort.com/slot-map.php?sid=26,Coushatta Casino Resort,2026-10-01T17:07:01.741965+00:00
27,Dollar Storm: Egyptian Jewels,Aristocrat,Video,$0.05,High,4.0,,https://www.coushattacasinoresort.com/slot-map.php?sid=27,https://www.coushattacasinoresort.com/slot-map.php?sid=27,Coushatta Casino Resort,2026-10-01T17:07:01.677187+00:00
28,Dollar Storm: Egyptian Jewels,Aristocrat,Video,$0.10,High,4.0,,https://www.coushattacasinoresort.com/slot-map.php?sid=28,https://www.coushattacasinoresort.com/slot-map.php?sid=28,Coushatta Casino Resort,2026-10-01T17:07:01.738641+00:00
29,Dollar Storm: Egyptian Jewels,Aristocrat,Video,$0.25,High,4.0,,https://www.coushattacasinoresort.com/slot-map.php?sid=29,https://www.coushattacasinoresort.com/slot-map.php?sid=29,Coushatta Casino Resort,2026-10-01T17:07:01.647631+00:00
30,Dollar Storm: Egyptian Jewels,Aristocrat,Video,$1.00,High,4.0,,https://www.coushattacasinoresort.com/slot-map.php?sid=30,https://www.coushattacasinoresort.com/slot-map.php?sid=30,Coushatta Casino Resort,2026-10-01T17:07:01.668903+00:00
31,Dollar Storm: Egyptian Jewels,Aristocrat,Video,$2.00,High,4.0,,https://www.coushattacasinoresort.com/slot-map.php?sid=31,https://www.coushattacasinoresort.com/slot-map.php?sid=31,Coushatta Casino Resort,2026-10-01T17:07:01.686913+00:00
32,Dollar Storm: Egyptian Jewels,Aristocrat,Video,$5.00,High,4.0,,https://www.coushattacasinoresort.com/slot-map.php?sid=32,https://www.coushattacasinoresort.com/slot-map.php?sid=32,Coushatta Casino Resort,2026-10-01T17:07:01.717540+00:00
17,Dollar Storm: Emperor'S Treasure,Aristocrat,Video,$0.01,High,4.0,,https://www.coushattacasinoresort.com/slot-map.php?sid=17,https://www.coushattacasinoresort.com/slot-map.php?sid=17,Coushatta Casino Resort,2026-10-01T17:07:01.368568+00:00
18,Dollar Storm: Emperor'S Treasure,Aristocrat,Video,$0.02,High,4.0,,https://www.coushattacasinoresort.com/slot-map.php?sid=18,https://www.coushattacasinoresort.com/slot-map.php?sid=18,Coushatta Casino Resort,2026-10-01T17:07:01.338018+00:00
19,Dollar Storm: Emperor'S Treasure,Aristocrat,Video,$0.05,High,4.0,,https://www.coushattacasinoresort.com/slot-map.php?sid=19,https://www.coushattacasinoresort.com/slot-map.php?sid=19,Coushatta Casino Resort,2026-10-01T17:07:01.415238+00:00
20,Dollar Storm: Emperor'S Treasure,Aristocrat,Video,$0.10,High,4.0,,https://www.coushattacasinoresort.com/slot-map.php?sid=20,https://www.coushattacasinoresort.com/slot-map.php?sid=20,Coushatta Casino Resort,2026-10-01T17:07:01.408196+00:00
21,Dollar Storm: Emperor'S Treasure,Aristocrat,Video,$0.25,High,4.0,,https://www.coushattacasinoresort.com/slot-map.php?sid=21,https://www.coushattacasinoresort.com/slot-map.php?sid=21,Coushatta Casino Resort,2026-10-01T17:07:01.405256+00:00
22,Dollar Storm: Emperor'S Treasure,Aristocrat,Video,$1.00,High,4.0,,https://www.coushattacasinoresort.com/slot-map.php?sid=22,https://www.coushattacasinoresort.com/slot-map.php?sid=22,Coushatta Casino Resort,2026-10-01T17:07:01.401235+00:00
23,Dollar Storm: Emperor'S Treasure,Aristocrat,Video,$2.00,High,4.0,,https://www.coushattacasinoresort.com/slot-map.php?sid=23,https://www.coushattacasinoresort.com/slot-map.php?sid=23,Coushatta Casino Resort,2026-10-01T17:07:01.427009+00:00
24,Dollar Storm: Emperor'S Treasure,Aristocrat,Video,$5.00,High,4.0,,https://www.coushattacasinoresort.com/slot-map.php?sid=24,https://www.coushattacasinoresort.com/slot-map.php?sid=24,Coushatta Casino Resort,2026-10-01T17:07:01.464023+00:00
606,Dollar Storm: Ninja Moon (P) (Md),Aristocrat,Video,$0.01,Medium,3.0,,https://www.coushattacasinoresort.com/slot-map.php?sid=606,https://www.coushattacasinoresort.com/slot-map.php?sid=606,Coushatta Casino Resort,2026-10-01T17:07:08.975255+00:00
607,Dollar Storm: Ninja Moon (P) (Md),Aristocrat,Video,$0.02,Medium,3.0,,https://www.coushattacasinoresort.com/slot-map.php?sid=607,https://www.coushattacasinoresort.com/slot-map.php?sid=607,Coushatta Casino Resort,2026-10-01T17:07:09.017083+00:00
608,Dollar Storm: Ninja Moon (P) (Md),Aristocrat,Video,$0.05,Medium,3.0,,https://www.coushattacasinoresort.com/slot-map.php?sid=608,https://www.coushattacasinoresort.com/slot-map.php?sid=608,Coushatta Casino Resort,2026-10-01T17:07:08.991875+00:00
609,Dollar Storm: Ninja Moon (P) (Md),Aristocrat,Video,$0.10,Medium,3.0,,https://www.coushattacasinoresort.com/slot-map.php?sid=609,https://www.coushattacasinoresort.com/slot-map.php?sid=609,Coushatta Casino Resort,2026-10-01T17:07:09.090431+00:00
610,Dollar Storm: Ninja Moon (P) (Md),Aristocrat,Video,$0.25,Medium,3.0,,https://www.coushattacasinoresort.com/slot-map.php?sid=610,https://www.coushattacasinoresort.com/slot-map.php?sid=610,Coushatta Casino Resort,2026-10-01T17:07:09.084802+00:00
611,Dollar Storm: Ninja Moon (P) (Md),Aristocrat,Video,$1.00,Medium,3.0,,https://www.coushattacasinoresort.com/slot-map.php?sid=611,https://www.coushattacasinoresort.com/slot-map.php?sid=611,Coushatta Casino Resort,2026-10-01T17:07:09.130780+00:00
612,Dollar Storm: Ninja Moon (P) (Md),Aristocrat,Video,$2.00,Medium,3.0,,https://www.coushattacasinoresort.com/slot-map.php?sid=612,https://www.coushattacasinoresort.com/slot-map.php?sid=612,Coushatta Casino Resort,2026-10-01T17:07:09.113396+00:00
613,Dollar Storm: Ninja Moon (P) (Md),Aristocrat,Video,$5.00,Medium,3.0,,https://www.coushattacasinoresort.com/slot-map.php?sid=613,https://www.coushattacasinoresort.com/slot-map.php?sid=613,Coushatta Casino Resort,2026-10-01T17:07:09.133447+00:00
1393,Dollar Storm:Dollar Boomer Mc Md Pr,Aristocrat,Video,$0.01,Medium - High,3.0,,https://www.coushattacasinoresort.com/slot-map.php?sid=1393,https://www.coushattacasinoresort.com/slot-map.php?sid=1393,Coushatta Casino Resort,2026-10-01T17:07:19.375092+00:00
1394,Dollar Storm:Trojan Beauty Mc Md Pr,Aristocrat,Video,$0.01,Medium - High,3.0,,https://www.coushattacasinoresort.com/slot-map.php?sid=1394,https://www.coushattacasinoresort.com/slot-map.php?sid=1394,Coushatta Casino Resort,2026-10-01T17:07:19.371497+00:00
1395,Dollar Storm:Wild Ninja (Mc)(Md) Pr,Aristocrat,Video,$0.01,Medium - High,3.0,,https://www.coushattacasinoresort.com/slot-map.php?sid=1395,https://www.coushattacasinoresort.com/slot-map.php?sid=1395,Coushatta Casino Resort,2026-10-01T17:07:19.399252+00:00
709,Dolphin Treasur Ultimate Fast Cash,Aristocrat,Video,$0.01,Medium,3.0,,https://www.coushattacasinoresort.com/slot-map.php?sid=709,https://www.coushattacasinoresort.com/slot-map.php?sid=709,Coushatta Casino Resort,2026-10-01T17:07:10.482165+00:00
589,"Double 3,4,5 Times Diamond",IGT,Reel,$0.25,Medium,3.0,,https://www.coushattacasinoresort.com/slot-map.php?sid=589,https://www.coushattacasinoresort.com/slot-map.php?sid=589,Coushatta Casino Resort,2026-10-01T17:07:08.735703+00:00
874,"Double 3,4,5 Times Diamond (Md)",IGT,Reel,$0.25,Medium,3.0,,https://www.coushattacasinoresort.com/slot-map.php?sid=874,https://www.coushattacasinoresort.com/slot-map.php?sid=874,Coushatta Casino Resort,2026-10-01T17:07:12.873749+00:00
875,"Double 3,4,5 Times Diamond (Md)",IGT,Reel,$0.50,Medium,3.0,,https://www.coushattacasinoresort.com/slot-map.php?sid=875,https://www.coushattacasinoresort.com/slot-map.php?sid=875,Coushatta Casino Resort,2026-10-01T17:07:12.882110+00:00
876,"Double 3,4,5 Times Diamond (Md)",IGT,Reel,$1.00,Medium,3.0,,https://www.coushattacasinoresort.com/slot-map.php?sid=876,https://www.coushattacasinoresort.com/slot-map.php?sid=876,Coushatta Casino Resort,2026-10-01T17:07:12.886123+00:00
877,"Double 3,4,5 Times Diamond (Md)",IGT,Reel,$2.00,Medium,3.0,,https://www.coushattacasinoresort.com/slot-map.php?sid=877,https://www.coushattacasinoresort.com/slot-map.php?sid=877,Coushatta Casino Resort,2026-10-01T17:07:13.057677+00:00
892,"Double 3,4,5 Times Pay (Md)",IGT,Reel,$1.00,Medium,3.0,,https://www.coushattacasinoresort.com/slot-map.php?sid=892,https://www.coushattacasinoresort.com/slot-map.php?sid=892,Coushatta Casino Resort,2026-10-01T17:07:13.171403+00:00
911,"Double 3,4,5 Times Pay (Multi)",IGT,Reel,$1.00,Medium,3.0,,https://www.coushattacasinoresort.com/slot-map.php?sid=911,https://www.coushattacasinoresort.com/slot-map.php?sid=911,Coushatta Casino Resort,2026-10-01T17:07:13.386372+00:00
912,"Double 3,4,5 Times Pay (Multi)",IGT,Reel,$2.00,Medium,3.0,,https://www.coushattacasinoresort.com/slot-map.php?sid=912,https://www.coushattacasinoresort.com/slot-map.php?sid=912,Coushatta Casino Resort,2026-10-01T17:07:13.423021+00:00
913,"Double 3,4,5 Times Pay (Multi)",IGT,Reel,$5.00,Medium,3.0,,https://www.coushattacasinoresort.com/slot-map.php?sid=913,https://www.coushattacasinoresort.com/slot-map.php?sid=913,Coushatta Casino Resort,2026-10-01T17:07:13.407983+00:00
845,Double 345X Pay Double Wheel Prog,IGT,Reel,$1.00,Medium,3.0,,https://www.coushattacasinoresort.com/slot-map.php?sid=845,https://www.coushattacasinoresort.com/slot-map.php?sid=845,Coushatta Casino Resort,2026-10-01T17:07:12.515589+00:00
2414,Double Aces and Faces Poker,IGT,Poker,$0.25,N/A,,,https://www.coushattacasinoresort.com/slot-map.php?sid=2414,https://www.coushattacasinoresort.com/slot-map.php?sid=2414,Coushatta Casino Resort,2026-10-01T17:07:41.767780+00:00
2415,Double Aces and Faces Poker,IGT,Poker,$0.50,N/A,,,https://www.coushattacasinoresort.com/slot-map.php?sid=2415,https://www.coushattacasinoresort.com/slot-map.php?sid=2415,Coushatta Casino Resort,2026-10-01T17:07:41.755028+00:00
2416,Double Aces and Faces Poker,IGT,Poker,$1.00,N/A,,,https://www.coushattacasinoresort.com/slot-map.php?sid=2416,https://www.coushattacasinoresort.com/slot-map.php?sid=2416,Coushatta Casino Resort,2026-10-01T17:07:41.837094+00:00
2417,Double Aces and Faces Poker,IGT,Poker,$2.00,N/A,,,https://www.coushattacasinoresort.com/slot-map.php?sid=2417,https://www.coushattacasinoresort.com/slot-map.php?sid=2417,Coushatta Casino Resort,2026-10-01T17:07:41.830248+00:00
2477,Double Aces and Faces Poker,IGT,Poker,$5.00,N/A,,,https://www.coushattacasinoresort.com/slot-map.php?sid=2477,https://www.coushattacasinoresort.com/slot-map.php?sid=2477,Coushatta Casino Resort,2026-10-01T17:07:43.651073+00:00
2478,Double Aces and Faces Poker,IGT,Poker,$10.00,N/A,,,https://www.coushattacasinoresort.com/slot-map.php?sid=2478,https://www.coushattacasinoresort.com/slot-map.php?sid=2478,Coushatta Casino Resort,2026-10-01T17:07:43.654487+00:00
2479,Double Aces and Faces Poker,IGT,Poker,$25.00,N/A,,,https://www.coushattacasinoresort.com/slot-map.php?sid=2479,https://www.coushattacasinoresort.com/slot-map.php?sid=2479,Coushatta Casino Resort,2026-10-01T17:07:43.715990+00:00
2936,Double Big Wheel - Five Play Bonus Poker,IGT,Poker,$0.10,N/A,,,https://www.coushattacasinoresort.com/slot-map.php?sid=2936,https://www.coushattacasinoresort.com/slot-map.php?sid=2936,Coushatta Casino Resort,2026-10-01T17:07:55.153848+00:00
2937,Double Big Wheel - Five Play Bonus Poker,IGT,Poker,$0.25,N/A,,,https://www.coushattacasinoresort.com/slot-map.php?sid=2937,https://www.coushattacasinoresort.com/slot-map.php?sid=2937,Coushatta Casino Resort,2026-10-01T17:07:55.145945+00:00
2934,Double Big Wheel - Five Play Bonus Poker Deluxe,IGT,Poker,$0.10,N/A,,,https://www.coushattacasinoresort.com/slot-map.php?sid=2934,https://www.coushattacasinoresort.com/slot-map.php?sid=2934,Coushatta Casino Resort,2026-10-01T17:07:55.070805+00:00
2935,Double Big Wheel - Five Play Bonus Poker Deluxe,IGT,Poker,$0.25,N/A,,,https://www.coushattacasinoresort.com/slot-map.php?sid=2935,https://www.coushattacasinoresort.com/slot-map.php?sid=2935,Coushatta Casino Resort,2026-10-01T17:07:55.150324+00:00
2932,Double Big Wheel - Five Play Deuces Wild,IGT,Poker,$0.10,N/A,,,https://www.coushattacasinoresort.com/slot-map.php?sid=2932,https://www.coushattacasinoresort.com/slot-map.php?sid=2932,Coushatta Casino Resort,2026-10-01T17:07:55.080391+00:00
2933,Double Big Wheel - Five Play Deuces Wild,IGT,Poker,$0.25,N/A,,,https://www.coushattacasinoresort.com/slot-map.php?sid=2933,https://www.coushattacasinoresort.com/slot-map.php?sid=2933,Coushatta Casino Resort,2026-10-01T17:07:55.076854+00:00
2930,Double Big Wheel - Five Play Deuces Wild Bonus Poker,IGT,Poker,$0.10,N/A,,,https://www.coushattacasinoresort.com/slot-map.php?sid=2930,https://www.coushattacasinoresort.com/slot-map.php?sid=2930,Coushatta Casino Resort,2026-10-01T17:07:54.963458+00:00
2931,Double Big Wheel - Five Play Deuces Wild Bonus Poker,IGT,Poker,$0.25,N/A,,,https://www.coushattacasinoresort.com/slot-map.php?sid=2931,https://www.coushattacasinoresort.com/slot-map.php?sid=2931,Coushatta Casino Resort,2026-10-01T17:07:55.048180+00:00
2928,Double Big Wheel - Five Play Double Bonus Poker,IGT,Poker,$0.10,N/A,,,https://www.coushattacasinoresort.com/slot-map.php?sid=2928,https://www.coushattacasinoresort.com/slot-map.php?sid=2928,Coushatta Casino Resort,2026-10-01T17:07:54.932298+00:00
2929,Double Big Wheel - Five Play Double Bonus Poker,IGT,Poker,$0.25,N/A,,,https://www.coushattacasinoresort.com/slot-map.php?sid=2929,https://www.coushattacasinoresort.com/slot-map.php?sid=2929,Coushatta Casino Resort,2026-10-01T17:07:54.927911+00:00
2926,Double Big Wheel - Five Play Double Double Bonus Poker,IGT,Poker,$0.10,N/A,,,https://www.coushattacasinoresort.com/slot-map.php?sid=2926,https://www.coushattacasinoresort.com/slot-map.php?sid=2926,Coushatta Casino Resort,2026-10-01T17:07:54.900964+00:00
2927,Double Big Wheel - Five Play Double Double Bonus Poker,IGT,Poker,$0.25,N/A,,,https://www.coushattacasinoresort.com/slot-map.php?sid=2927,https://www.coushattacasinoresort.com/slot-map.php?sid=2927,Coushatta Casino Resort,2026-10-01T17:07:54.868045+00:00
2924,Double Big Wheel - Five Play Jacks or Better,IGT,Poker,$0.10,N/A,,,https://www.coushattacasinoresort.com/slot-map.php?sid=2924,https://www.coushattacasinoresort.com/slot-map.php?sid=2924,Coushatta Casino Resort,2026-10-01T17:07:54.843575+00:00
2925,Double Big Wheel - Five Play Jacks or Better,IGT,Poker,$0.25,N/A,,,https://www.coushattacasinoresort.com/slot-map.php?sid=2925,https://www.coushattacasinoresort.com/slot-map.php?sid=2925,Coushatta Casino Resort,2026-10-01T17:07:54.854893+00:00
2922,Double Big Wheel - Five Play Triple Double Bonus Poker,IGT,Poker,$0.10,N/A,,,https://www.coushattacasinoresort.com/slot-map.php?sid=2922,https://www.coushattacasinoresort.com/slot-map.php?sid=2922,Coushatta Casino Resort,2026-10-01T17:07:54.738251+00:00
2923,Double Big Wheel - Five Play Triple Double Bonus Poker,IGT,Poker,$0.25,N/A,,,https://www.coushattacasinoresort.com/slot-map.php?sid=2923,https://www.coushattacasinoresort.com/slot-map.php?sid=2923,Coushatta Casino Resort,2026-10-01T17:07:54.767359+00:00
2920,Double Big Wheel - Five Play Triple Triple Bonus Poker,IGT,Poker,$0.10,N/A,,,https://www.coushattacasinoresort.com/slot-map.php?sid=2920,https://www.coushattacasinoresort.com/slot-map.php?sid=2920,Coushatta Casino Resort,2026-10-01T17:07:54.687392+00:00
2921,Double Big Wheel - Five Play Triple Triple Bonus Poker,IGT,Poker,$0.25,N/A,,,https://www.coushattacasinoresort.com/slot-map.php?sid=2921,https://www.coushattacasinoresort.com/slot-map.php?sid=2921,Coushatta Casino Resort,2026-10-01T17:07:54.694313+00:00
2918,Double Big Wheel - Ten Play Bonus Poker,IGT,Poker,$0.05,N/A,,,https://www.coushattacasinoresort.com/slot-map.php?sid=2918,https://www.coushattacasinoresort.com/slot-map.php?sid=2918,Coushatta Casino Resort,2026-10-01T17:07:54.655406+00:00
2919,Double Big Wheel - Ten Play Bonus Poker,IGT,Poker,$0.10,N/A,,,https://www.coushattacasinoresort.com/slot-map.php?sid=2919,https://www.coushattacasinoresort.com/slot-map.php?sid=2919,Coushatta Casino Resort,2026-10-01T17:07:54.639950+00:00
2916,Double Big Wheel - Ten Play Bonus Poker Deluxe,IGT,Poker,$0.05,N/A,,,https://www.coushattacasinoresort.com/slot-map.php?sid=2916,https://www.coushattacasinoresort.com/slot-map.php?sid=2916,Coushatta Casino Resort,2026-10-01T17:07:54.613604+00:00
2917,Double Big Wheel - Ten Play Bonus Poker Deluxe,IGT,Poker,$0.10,N/A,,,https://www.coushattacasinoresort.com/slot-map.php?sid=2917,https://www.coushattacasinoresort.com/slot-map.php?sid=2917,Coushatta Casino Resort,2026-10-01T17:07:54.659696+00:00
2914,Double Big Wheel - Ten Play Decues Wild Bonus,IGT,Poker,$0.05,N/A,,,https://www.coushattacasinoresort.com/slot-map.php?sid=2914,https://www.coushattacasinoresort.com/slot-map.php?sid=2914,Coushatta Casino Resort,2026-10-01T17:07:54.517942+00:00
2915,Double Big Wheel - Ten Play Decues Wild Bonus,IGT,Poker,$0.10,N/A,,,https://www.coushattacasinoresort.com/slot-map.php?sid=2915,https://www.coushattacasinoresort.com/slot-map.php?sid=2915,Coushatta Casino Resort,2026-10-01T17:07:54.561859+00:00
2912,Double Big Wheel - Ten Play Deuces Wild,IGT,Poker,$0.05,N/A,,,https://www.coushattacasinoresort.com/slot-map.php?sid=2912,https://www.coushattacasinoresort.com/slot-map.php?sid=2912,Coushatta Casino Resort,2026-10-01T17:07:54.463324+00:00
2913,Double Big Wheel - Ten Play Deuces Wild,IGT,Poker,$0.10,N/A,,,https://www.coushattacasinoresort.com/slot-map.php?sid=2913,https://www.coushattacasinoresort.com/slot-map.php?sid=2913,Coushatta Casino Resort,2026-10-01T17:07:54.469428+00:00
2910,Double Big Wheel - Ten Play Double Bonus Poker,IGT,Poker,$0.05,N/A,,,https://www.coushattacasinoresort.com/slot-map.php?sid=2910,https://www.coushattacasinoresort.com/slot-map.php?sid=2910,Coushatta Casino Resort,2026-10-01T17:07:54.400651+00:00
2911,Double Big Wheel - Ten Play Double Bonus Poker,IGT,Poker,$0.10,N/A,,,https://www.coushattacasinoresort.com/slot-map.php?sid=2911,https://www.coushattacasinoresort.com/slot-map.php?sid=2911,Coushatta Casino Resort,2026-10-01T17:07:54.434906+00:00
2908,Double Big Wheel - Ten Play Double Double Bonus Poker,IGT,Poker,$0.05,N/A,,,https://www.coushattacasinoresort.com/slot-map.php?sid=2908,https://www.coushattacasinoresort.com/slot-map.php?sid=2908,Coushatta Casino Resort,2026-10-01T17:07:54.332589+00:00
2909,Double Big Wheel - Ten Play Double Double Bonus Poker,IGT,Poker,$0.10,N/A,,,https://www.coushattacasinoresort.com/slot-map.php?sid=2909,https://www.coushattacasinoresort.com/slot-map.php?sid=2909,Coushatta Casino Resort,2026-10-01T17:07:54.369722+00:00
2906,Double Big Wheel - Ten Play Jacks or Better,IGT,Poker,$0.05,N/A,,,https://www.coushattacasinoresort.com/slot-map.php?sid=2906,https://www.coushattacasinoresort.com/slot-map.php?sid=2906,Coushatta Casino Resort,2026-10-01T17:07:54.231532+00:00
2907,Double Big Wheel - Ten Play Jacks or Better,IGT,Poker,$0.10,N/A,,,https://www.coushattacasinoresort.com/slot-map.php?sid=2907,https://www.coushattacasinoresort.com/slot-map.php?sid=2907,Coushatta Casino Resort,2026-10-01T17:07:54.385139+00:00
2904,Double Big Wheel - Ten Play Triple Double Bonus Poker,IGT,Poker,$0.05,N/A,,,https://www.coushattacasinoresort.com/slot-map.php?sid=2904,https://www.coushattacasinoresort.com/slot-map.php?sid=2904,Coushatta Casino Resort,2026-10-01T17:07:54.247232+00:00
2905,Double Big Wheel - Ten Play Triple Double Bonus Poker,IGT,Poker,$0.10,N/A,,,https://www.coushattacasinoresort.com/slot-map.php?sid=2905,https://www.coushattacasinoresort.com/slot-map.php?sid=2905,Coushatta Casino Resort,2026-10-01T17:07:54.253710+00:00
2902,Double Big Wheel - Ten Play Triple Triple Bonus Poker,IGT,Poker,$0.05,N/A,,,https://www.coushattacasinoresort.com/slot-map.php?sid=2902,https://www.coushattacasinoresort.com/slot-map.php?sid=2902,Coushatta Casino Resort,2026-10-01T17:07:54.197611+00:00
2903,Double Big Wheel - Ten Play Triple Triple Bonus Poker,IGT,Poker,$0.10,N/A,,,https://www.coushattacasinoresort.com/slot-map.php?sid=2903,https://www.coushattacasinoresort.com/slot-map.php?sid=2903,Coushatta Casino Resort,2026-10-01T17:07:54.193733+00:00
2900,Double Big Wheel - Triple Play Bonus Poker,IGT,Poker,$0.25,N/A,,,https://www.coushattacasinoresort.com/slot-map.php?sid=2900,https://www.coushattacasinoresort.com/slot-map.php?sid=2900,Coushatta Casino Resort,2026-10-01T17:07:54.115312+00:00
2901,Double Big Wheel - Triple Play Bonus Poker,IGT,Poker,$0.50,N/A,,,https://www.coushattacasinoresort.com/slot-map.php?sid=2901,https://www.coushattacasinoresort.com/slot-map.php?sid=2901,Coushatta Casino Resort,2026-10-01T17:07:54.086407+00:00
2898,Double Big Wheel - Triple Play Bonus Poker Deluxe,IGT,Poker,$0.25,N/A,,,https://www.coushattacasinoresort.com/slot-map.php?sid=2898,https://www.coushattacasinoresort.com/slot-map.php?sid=2898,Coushatta Casino Resort,2026-10-01T17:07:54.015564+00:00
2899,Double Big Wheel - Triple Play Bonus Poker Deluxe,IGT,Poker,$0.50,N/A,,,https://www.coushattacasinoresort.com/slot-map.php?sid=2899,https://www.coushattacasinoresort.com/slot-map.php?sid=2899,Coushatta Casino Resort,2026-10-01T17:07:54.072823+00:00
2896,Double Big Wheel - Triple Play Deuces Wild,IGT,Poker,$0.25,N/A,,,https://www.coushattacasinoresort.com/slot-map.php?sid=2896,https://www.coushattacasinoresort.com/slot-map.php?sid=2896,Coushatta Casino Resort,2026-10-01T17:07:54.024208+00:00
2897,Double Big Wheel - Triple Play Deuces Wild,IGT,Poker,$0.50,N/A,,,https://www.coushattacasinoresort.com/slot-map.php?sid=2897,https://www.coushattacasinoresort.com/slot-map.php?sid=2897,Coushatta Casino Resort,2026-10-01T17:07:54.012636+00:00
2894,Double Big Wheel - Triple Play Deuces Wild Bonus Poker,IGT,Poker,$0.25,N/A,,,https://www.coushattacasinoresort.com/slot-map.php?sid=2894,https://www.coushattacasinoresort.com/slot-map.php?sid=2894,Coushatta Casino Resort,2026-10-01T17:07:53.966898+00:00
2895,Double Big Wheel - Triple Play Deuces Wild Bonus Poker,IGT,Poker,$0.50,N/A,,,https://www.coushattacasinoresort.com/slot-map.php?sid=2895,https://www.coushattacasinoresort.com/slot-map.php?sid=2895,Coushatta Casino Resort,2026-10-01T17:07:53.954274+00:00
2892,Double Big Wheel - Triple Play Double Bonus Poker,IGT,Poker,$0.25,N/A,,,https://www.coushattacasinoresort.com/slot-map.php?sid=2892,https://www.coushattacasinoresort.com/slot-map.php?sid=2892,Coushatta Casino Resort,2026-10-01T17:07:53.877685+00:00
2893,Double Big Wheel - Triple Play Double Bonus Poker,IGT,Poker,$0.50,N/A,,,https://www.coushattacasinoresort.com/slot-map.php?sid=2893,https://www.coushattacasinoresort.com/slot-map.php?sid=2893,Coushatta Casino Resort,2026-10-01T17:07:53.887427+00:00
2890,Double Big Wheel - Triple Play Double Double Bonus Poker,IGT,Poker,$0.25,N/A,,,https://www.coushattacasinoresort.com/slot-map.php?sid=2890,https://www.coushattacasinoresort.com/slot-map.php?sid=2890,Coushatta Casino Resort,2026-10-01T17:07:53.800236+00:00
2891,Double Big Wheel - Triple Play Double Double Bonus Poker,IGT,Poker,$0.50,N/A,,,https://www.coushattacasinoresort.com/slot-map.php?sid=2891,https://www.coushattacasinoresort.com/slot-map.php?sid=2891,Coushatta Casino Resort,2026-10-01T17:07:53.828985+00:00
2888,Double Big Wheel - Triple Play Jacks or Better,IGT,Poker,$0.25,N/A,,,https://www.coushattacasinoresort.com/slot-map.php?sid=2888,https://www.coushattacasinoresort.com/slot-map.php?sid=2888,Coushatta Casino Resort,2026-10-01T17:07:53.712360+00:00
2889,Double Big Wheel - Triple Play Jacks or Better,IGT,Poker,$0.50,N/A,,,https://www.coushattacasinoresort.com/slot-map.php?sid=2889,https://www.coushattacasinoresort.com/slot-map.php?sid=2889,Coushatta Casino Resort,2026-10-01T17:07:53.785697+00:00
2886,Double Big Wheel - Triple Play Triple Double Bonus Poker,IGT,Poker,$0.25,N/A,,,https://www.coushattacasinoresort.com/slot-map.php?sid=2886,https://www.coushattacasinoresort.com/slot-map.php?sid=2886,Coushatta Casino Resort,2026-10-01T17:07:53.755691+00:00
2887,Double Big Wheel - Triple Play Triple Double Bonus Poker,IGT,Poker,$0.50,N/A,,,https://www.coushattacasinoresort.com/slot-map.php?sid=2887,https://www.coushattacasinoresort.com/slot-map.php?sid=2887,Coushatta Casino Resort,2026-10-01T17:07:53.794839+00:00
2884,Double Big Wheel - Triple Play Triple Triple Bonus Poker,IGT,Poker,$0.25,N/A,,,https://www.coushattacasinoresort.com/slot-map.php?sid=2884,https://www.coushattacasinoresort.com/slot-map.php?sid=2884,Coushatta Casino Resort,2026-10-01T17:07:53.619787+00:00
2885,Double Big Wheel - Triple Play Triple Triple Bonus Poker,IGT,Poker,$0.50,N/A,,,https://www.coushattacasinoresort.com/slot-map.php?sid=2885,https://www.coushattacasinoresort.com/slot-map.php?sid=2885,Coushatta Casino Resort,2026-10-01T17:07:53.628796+00:00
2448,Double Black Diamond (Prog),Everi,Reel,$1.00,N/A,,,https://www.coushattacasinoresort.com/slot-map.php?sid=2448,https://www.coushattacasinoresort.com/slot-map.php?sid=2448,Coushatta Casino Resort,2026-10-01T17:07:42.757533+00:00
298,Double Black Diamond(Md) (Prog),Everi,Reel,$0.25,High,4.0,,https://www.coushattacasinoresort.com/slot-map.php?sid=298,https://www.coushattacasinoresort.com/slot-map.php?sid=298,Coushatta Casino Resort,2026-10-01T17:07:05.210925+00:00
1729,Double Bonus Poker,IGT Poker,Poker,$0.25,N/A,,,https://www.coushattacasinoresort.com/slot-map.php?sid=1729,https://www.coushattacasinoresort.com/slot-map.php?sid=1729,Coushatta Casino Resort,2026-10-01T17:07:22.999154+00:00
2569,Double Bonus Poker,IGT Poker,Poker,$0.50,N/A,,,https://www.coushattacasinoresort.com/slot-map.php?sid=2569,https://www.coushattacasinoresort.com/slot-map.php?sid=2569,Coushatta Casino Resort,2026-10-01T17:07:45.196651+00:00
2570,Double Bonus Poker,IGT Poker,Poker,$1.00,N/A,,,https://www.coushattacasinoresort.com/slot-map.php?sid=2570,https://www.coushattacasinoresort.com/slot-map.php?sid=2570,Coushatta Casino Resort,2026-10-01T17:07:45.214140+00:00
2571,Double Bonus Poker,IGT Poker,Poker,$2.00,N/A,,,https://www.coushattacasinoresort.com/slot-map.php?sid=2571,https://www.coushattacasinoresort.com/slot-map.php?sid=2571,Coushatta Casino Resort,2026-10-01T17:07:45.226936+00:00
2572,Double Bonus Poker,IGT Poker,Poker,$5.00,N/A,,,https://www.coushattacasinoresort.com/slot-map.php?sid=2572,https://www.coushattacasinoresort.com/slot-map.php?sid=2572,Coushatta Casino Resort,2026-10-01T17:07:45.309509+00:00
1315,Double Bucks,IGT,Video,$1.00,Medium - High,3.0,,https://www.coushattacasinoresort.com/slot-map.php?sid=1315,https://www.coushattacasinoresort.com/slot-map.php?sid=1315,Coushatta Casino Resort,2026-10-01T17:07:18.189070+00:00
1316,Double Bucks,IGT,Video,$2.00,Medium - High,3.0,,https://www.coushattacasinoresort.com/slot-map.php?sid=1316,https://www.coushattacasinoresort.com/slot-map.php?sid=1316,Coushatta Casino Resort,2026-10-01T17:07:18.169770+00:00
860,Double Chili Mania (Mc) (Md) (Pr),IGT,Reel,$0.05,Medium,3.0,,https://www.coushattacasinoresort.com/slot-map.php?sid=860,https://www.coushattacasinoresort.com/slot-map.php?sid=860,Coushatta Casino Resort,2026-10-01T17:07:12.689995+00:00
861,Double Chili Mania (Mc) (Md) (Pr),IGT,Reel,$2.00,Medium,3.0,,https://www.coushattacasinoresort.com/slot-map.php?sid=861,https://www.coushattacasinoresort.com/slot-map.php?sid=861,Coushatta Casino Resort,2026-10-01T17:07:12.716931+00:00
947,Double Chili Mania Extremo Md Prog,IGT,Reel,$1.00,Medium,3.0,,https://www.coushattacasinoresort.com/slot-map.php?sid=947,https://www.coushattacasinoresort.com/slot-map.php?sid=947,Coushatta Casino Resort,2026-10-01T17:07:13.906745+00:00
948,Double Chili Mania Extremo Md Prog,IGT,Reel,$0.25,Medium,3.0,,https://www.coushattacasinoresort.com/slot-map.php?sid=948,https://www.coushattacasinoresort.com/slot-map.php?sid=948,Coushatta Casino Resort,2026-10-01T17:07:13.897270+00:00
933,Double Chili Mania Respin (Prog),IGT,Reel,$0.01,Medium,3.0,,https://www.coushattacasinoresort.com/slot-map.php?sid=933,https://www.coushattacasinoresort.com/slot-map.php?sid=933,Coushatta Casino Resort,2026-10-01T17:07:13.646821+00:00
580,Double Diamond,IGT,Reel,$5.00,Medium,3.0,,https://www.coushattacasinoresort.com/slot-map.php?sid=580,https://www.coushattacasinoresort.com/slot-map.php?sid=580,Coushatta Casino Resort,2026-10-01T17:07:08.624508+00:00
579,Double Diamond 2000,IGT,Video,$1.00,Medium,3.0,,https://www.coushattacasinoresort.com/slot-map.php?sid=579,https://www.coushattacasinoresort.com/slot-map.php?sid=579,Coushatta Casino Resort,2026-10-01T17:07:08.594145+00:00
586,Double Diamond Deluxe,IGT,Reel,$5.00,Medium,3.0,,https://www.coushattacasinoresort.com/slot-map.php?sid=586,https://www.coushattacasinoresort.com/slot-map.php?sid=586,Coushatta Casino Resort,2026-10-01T17:07:08.686474+00:00
916,Double Diamond Deluxe,IGT,Reel,$1.00,Medium,3.0,,https://www.coushattacasinoresort.com/slot-map.php?sid=916,https://www.coushattacasinoresort.com/slot-map.php?sid=916,Coushatta Casino Resort,2026-10-01T17:07:13.457800+00:00
136,Double Diamond Double Top Dollar 1,IGT,Reel,$25.00,High,4.0,,https://www.coushattacasinoresort.com/slot-map.php?sid=136,https://www.coushattacasinoresort.com/slot-map.php?sid=136,Coushatta Casino Resort,2026-10-01T17:07:03.403099+00:00
137,Double Diamond Double Top Dollar 1,IGT,Reel,$10.00,High,4.0,,https://www.coushattacasinoresort.com/slot-map.php?sid=137,https://www.coushattacasinoresort.com/slot-map.php?sid=137,Coushatta Casino Resort,2026-10-01T17:07:03.399834+00:00
138,Double Diamond Double Top Dollar 1,IGT,Reel,$50.00,High,4.0,,https://www.coushattacasinoresort.com/slot-map.php?sid=138,https://www.coushattacasinoresort.com/slot-map.php?sid=138,Coushatta Casino Resort,2026-10-01T17:07:03.436049+00:00
139,Double Diamond Double Top Dollar 1,IGT,Reel,$100.00,High,4.0,,https://www.coushattacasinoresort.com/slot-map.php?sid=139,https://www.coushattacasinoresort.com/slot-map.php?sid=139,Coushatta Casino Resort,2026-10-01T17:07:03.440293+00:00
305,Double Diamond Double Top Dollar 1,IGT,Reel,$0.25,High,4.0,,https://www.coushattacasinoresort.com/slot-map.php?sid=305,https://www.coushattacasinoresort.com/slot-map.php?sid=305,Coushatta Casino Resort,2026-10-01T17:07:05.303339+00:00
306,Double Diamond Double Top Dollar 1,IGT,Reel,$0.50,High,4.0,,https://www.coushattacasinoresort.com/slot-map.php?sid=306,https://www.coushattacasinoresort.com/slot-map.php?sid=306,Coushatta Casino Resort,2026-10-01T17:07:05.332198+00:00
572,Double Diamond Pennies,IGT,Reel,$0.01,Low,2.0,,https://www.coushattacasinoresort.com/slot-map.php?sid=572,https://www.coushattacasinoresort.com/slot-map.php?sid=572,Coushatta Casino Resort,2026-10-01T17:07:08.519482+00:00
159,Double Diamond Strike (Md),IGT,Reel,$0.25,High,4.0,,https://www.coushattacasinoresort.com/slot-map.php?sid=159,https://www.coushattacasinoresort.com/slot-map.php?sid=159,Coushatta Casino Resort,2026-10-01T17:07:03.714618+00:00
160,Double Diamond Strike (Md),IGT,Reel,$0.50,High,4.0,,https://www.coushattacasinoresort.com/slot-map.php?sid=160,https://www.coushattacasinoresort.com/slot-map.php?sid=160,Coushatta Casino Resort,2026-10-01T17:07:03.725891+00:00
161,Double Diamond Strike (Md),IGT,Reel,$1.00,High,4.0,,https://www.coushattacasinoresort.com/slot-map.php?sid=161,https://www.coushattacasinoresort.com/slot-map.php?sid=161,Coushatta Casino Resort,2026-10-01T17:07:03.710645+00:00
162,Double Diamond Strike (Md),IGT,Reel,$2.00,High,4.0,,https://www.coushattacasinoresort.com/slot-map.php?sid=162,https://www.coushattacasinoresort.com/slot-map.php?sid=162,Coushatta Casino Resort,2026-10-01T17:07:03.786433+00:00
43,Double Diamond Top Dollar 2,IGT,Reel,$1.00,High,4.0,,https://www.coushattacasinoresort.com/slot-map.php?sid=43,https://www.coushattacasinoresort.com/slot-map.php?sid=43,Coushatta Casino Resort,2026-10-01T17:07:01.864307+00:00
44,Double Diamond Top Dollar 2,IGT,Reel,$2.00,High,4.0,,https://www.coushattacasinoresort.com/slot-map.php?sid=44,https://www.coushattacasinoresort.com/slot-map.php?sid=44,Coushatta Casino Resort,2026-10-01T17:07:01.899768+00:00
107,Double Diamond Top Dollar 2 (Md),IGT,Reel,$1.00,High,4.0,,https://www.coushattacasinoresort.com/slot-map.php?sid=107,https://www.coushattacasinoresort.com/slot-map.php?sid=107,Coushatta Casino Resort,2026-10-01T17:07:02.935047+00:00
108,Double Diamond Top Dollar 2 (Md),IGT,Reel,$2.00,High,4.0,,https://www.coushattacasinoresort.com/slot-map.php?sid=108,https://www.coushattacasinoresort.com/slot-map.php?sid=108,Coushatta Casino Resort,2026-10-01T17:07:02.952176+00:00
503,Double Dollars,IGT,Reel,$0.01,Low,2.0,,https://www.coushattacasinoresort.com/slot-map.php?sid=503,https://www.coushattacasinoresort.com/slot-map.php?sid=503,Coushatta Casino Resort,2026-10-01T17:07:07.695669+00:00
3244,Double Double Aces & Faces,IGT Poker,Poker,$0.10,N/A,,,https://www.coushattacasinoresort.com/slot-map.php?sid=3244,https://www.coushattacasinoresort.com/slot-map.php?sid=3244,Coushatta Casino Resort,2026-10-01T17:07:59.900846+00:00
3245,Double Double Aces & Faces,IGT Poker,Poker,$0.50,N/A,,,https://www.coushattacasinoresort.com/slot-map.php?sid=3245,https://www.coushattacasinoresort.com/slot-map.php?sid=3245,Coushatta Casino Resort,2026-10-01T17:07:59.897942+00:00
3246,Double Double Aces & Faces,IGT Poker,Poker,$1.00,N/A,,,https://www.coushattacasinoresort.com/slot-map.php?sid=3246,https://www.coushattacasinoresort.com/slot-map.php?sid=3246,Coushatta Casino Resort,2026-10-01T17:07:59.914730+00:00
3986,Double Double Aces & Faces Poker,IGT Poker,Poker,$0.10,N/A,,,https://www.coushattacasinoresort.com/slot-map.php?sid=3986,https://www.coushattacasinoresort.com/slot-map.php?sid=3986,Coushatta Casino Resort,2026-10-01T17:08:01.354787+00:00
3987,Double Double Aces & Faces Poker,IGT Poker,Poker,$0.50,N/A,,,https://www.coushattacasinoresort.com/slot-map.php?sid=3987,https://www.coushattacasinoresort.com/slot-map.php?sid=3987,Coushatta Casino Resort,2026-10-01T17:08:01.443492+00:00
3988,Double Double Aces & Faces Poker,IGT Poker,Poker,$1.00,N/A,,,https://www.coushattacasinoresort.com/slot-map.php?sid=3988,https://www.coushattacasinoresort.com/slot-map.php?sid=3988,Coushatta Casino Resort,2026-10-01T17:08:01.392652+00:00
3985,Double Double Aces & Faces Poker (Progressive),IGT Poker,Poker,$0.25,N/A,,,https://www.coushattacasinoresort.com/slot-map.php?sid=3985,https://www.coushattacasinoresort.com/slot-map.php?sid=3985,Coushatta Casino Resort,2026-10-01T17:08:01.350845+00:00
3243,Double Double Aces & Faces Prog,IGT Poker,Poker,$0.25,N/A,,,https://www.coushattacasinoresort.com/slot-map.php?sid=3243,https://www.coushattacasinoresort.com/slot-map.php?sid=3243,Coushatta Casino Resort,2026-10-01T17:07:59.881617+00:00
2474,Double Double Aces and Faces Pokere,IGT,Poker,$5.00,N/A,,,https://www.coushattacasinoresort.com/slot-map.php?sid=2474,https://www.coushattacasinoresort.com/slot-map.php?sid=2474,Coushatta Casino Resort,2026-10-01T17:07:43.566892+00:00
2475,Double Double Aces and Faces Pokere,IGT,Poker,$10.00,N/A,,,https://www.coushattacasinoresort.com/slot-map.php?sid=2475,https://www.coushattacasinoresort.com/slot-map.php?sid=2475,Coushatta Casino Resort,2026-10-01T17:07:43.571657+00:00
2476,Double Double Aces and Faces Pokere,IGT,Poker,$25.00,N/A,,,https://www.coushattacasinoresort.com/slot-map.php?sid=2476,https://www.coushattacasinoresort.com/slot-map.php?sid=2476,Coushatta Casino Resort,2026-10-01T17:07:43.576978+00:00
3240,Double Double Bonus,IGT Poker,Poker,$0.10,N/A,,,https://www.coushattacasinoresort.com/slot-map.php?sid=3240,https://www.coushattacasinoresort.com/slot-map.php?sid=3240,Coushatta Casino Resort,2026-10-01T17:07:59.812454+00:00
3241,Double Double Bonus,IGT Poker,Poker,$0.50,N/A,,,https://www.coushattacasinoresort.com/slot-map.php?sid=3241,https://www.coushattacasinoresort.com/slot-map.php?sid=3241,Coushatta Casino Resort,2026-10-01T17:07:59.886005+00:00
3242,Double Double Bonus,IGT Poker,Poker,$1.00,N/A,,,https://www.coushattacasinoresort.com/slot-map.php?sid=3242,https://www.coushattacasinoresort.com/slot-map.php?sid=3242,Coushatta Casino Resort,2026-10-01T17:07:59.852823+00:00
3236,Double Double Bonus Plus,IGT Poker,Poker,$0.10,N/A,,,https://www.coushattacasinoresort.com/slot-map.php?sid=3236,https://www.coushattacasinoresort.com/slot-map.php?sid=3236,Coushatta Casino Resort,2026-10-01T17:07:59.791419+00:00
3237,Double Double Bonus Plus,IGT Poker,Poker,$0.25,N/A,,,https://www.coushattacasinoresort.com/slot-map.php?sid=3237,https://www.coushattacasinoresort.com/slot-map.php?sid=3237,Coushatta Casino Resort,2026-10-01T17:07:59.784170+00:00
3238,Double Double Bonus Plus,IGT Poker,Poker,$0.50,N/A,,,https://www.coushattacasinoresort.com/slot-map.php?sid=3238,https://www.coushattacasinoresort.com/slot-map.php?sid=3238,Coushatta Casino Resort,2026-10-01T17:07:59.787646+00:00
3239,Double Double Bonus Plus,IGT Poker,Poker,$1.00,N/A,,,https://www.coushattacasinoresort.com/slot-map.php?sid=3239,https://www.coushattacasinoresort.com/slot-map.php?sid=3239,Coushatta Casino Resort,2026-10-01T17:07:59.818912+00:00
1728,Double Double Bonus Poker,IGT Poker,Poker,$0.25,N/A,,,https://www.coushattacasinoresort.com/slot-map.php?sid=1728,https://www.coushattacasinoresort.com/slot-map.php?sid=1728,Coushatta Casino Resort,2026-10-01T17:07:23.002734+00:00
2410,Double Double Bonus Poker,IGT,Poker,$0.25,N/A,,,https://www.coushattacasinoresort.com/slot-map.php?sid=2410,https://www.coushattacasinoresort.com/slot-map.php?sid=2410,Coushatta Casino Resort,2026-10-01T17:07:41.609187+00:00
2411,Double Double Bonus Poker,IGT,Poker,$0.50,N/A,,,https://www.coushattacasinoresort.com/slot-map.php?sid=2411,https://www.coushattacasinoresort.com/slot-map.php?sid=2411,Coushatta Casino Resort,2026-10-01T17:07:41.632559+00:00
2412,Double Double Bonus Poker,IGT,Poker,$1.00,N/A,,,https://www.coushattacasinoresort.com/slot-map.php?sid=2412,https://www.coushattacasinoresort.com/slot-map.php?sid=2412,Coushatta Casino Resort,2026-10-01T17:07:41.697474+00:00
2413,Double Double Bonus Poker,IGT,Poker,$2.00,N/A,,,https://www.coushattacasinoresort.com/slot-map.php?sid=2413,https://www.coushattacasinoresort.com/slot-map.php?sid=2413,Coushatta Casino Resort,2026-10-01T17:07:41.748549+00:00
2564,Double Double Bonus Poker,IGT Poker,Poker,$0.50,N/A,,,https://www.coushattacasinoresort.com/slot-map.php?sid=2564,https://www.coushattacasinoresort.com/slot-map.php?sid=2564,Coushatta Casino Resort,2026-10-01T17:07:45.100751+00:00
2565,Double Double Bonus Poker,IGT Poker,Poker,$1.00,N/A,,,https://www.coushattacasinoresort.com/slot-map.php?sid=2565,https://www.coushattacasinoresort.com/slot-map.php?sid=2565,Coushatta Casino Resort,2026-10-01T17:07:45.222689+00:00
2566,Double Double Bonus Poker,IGT Poker,Poker,$2.00,N/A,,,https://www.coushattacasinoresort.com/slot-map.php?sid=2566,https://www.coushattacasinoresort.com/slot-map.php?sid=2566,Coushatta Casino Resort,2026-10-01T17:07:45.218977+00:00
2567,Double Double Bonus Poker,IGT Poker,Poker,$5.00,N/A,,,https://www.coushattacasinoresort.com/slot-map.php?sid=2567,https://www.coushattacasinoresort.com/slot-map.php?sid=2567,Coushatta Casino Resort,2026-10-01T17:07:45.177943+00:00
3982,Double Double Bonus Poker,IGT Poker,Poker,$0.10,N/A,,,https://www.coushattacasinoresort.com/slot-map.php?sid=3982,https://www.coushattacasinoresort.com/slot-map.php?sid=3982,Coushatta Casino Resort,2026-10-01T17:08:01.329487+00:00
3981,Double Double Bonus Poker (Progressive),IGT Poker,Poker,$0.25,N/A,,,https://www.coushattacasinoresort.com/slot-map.php?sid=3981,https://www.coushattacasinoresort.com/slot-map.php?sid=3981,Coushatta Casino Resort,2026-10-01T17:08:01.254802+00:00
2558,Double Double Bonus Poker Plus,IGT Poker,Poker,$0.25,N/A,,,https://www.coushattacasinoresort.com/slot-map.php?sid=2558,https://www.coushattacasinoresort.com/slot-map.php?sid=2558,Coushatta Casino Resort,2026-10-01T17:07:44.959459+00:00
2559,Double Double Bonus Poker Plus,IGT Poker,Poker,$0.50,N/A,,,https://www.coushattacasinoresort.com/slot-map.php?sid=2559,https://www.coushattacasinoresort.com/slot-map.php?sid=2559,Coushatta Casino Resort,2026-10-01T17:07:44.972598+00:00
2560,Double Double Bonus Poker Plus,IGT Poker,Poker,$1.00,N/A,,,https://www.coushattacasinoresort.com/slot-map.php?sid=2560,https://www.coushattacasinoresort.com/slot-map.php?sid=2560,Coushatta Casino Resort,2026-10-01T17:07:44.983817+00:00
2561,Double Double Bonus Poker Plus,IGT Poker,Poker,$2.00,N/A,,,https://www.coushattacasinoresort.com/slot-map.php?sid=2561,https://www.coushattacasinoresort.com/slot-map.php?sid=2561,Coushatta Casino Resort,2026-10-01T17:07:44.987655+00:00
2562,Double Double Bonus Poker Plus,IGT Poker,Poker,$5.00,N/A,,,https://www.coushattacasinoresort.com/slot-map.php?sid=2562,https://www.coushattacasinoresort.com/slot-map.php?sid=2562,Coushatta Casino Resort,2026-10-01T17:07:45.032027+00:00
3977,Double Double Bonus Poker Plus,IGT Poker,Poker,$0.10,N/A,,,https://www.coushattacasinoresort.com/slot-map.php?sid=3977,https://www.coushattacasinoresort.com/slot-map.php?sid=3977,Coushatta Casino Resort,2026-10-01T17:08:01.258469+00:00
1738,Double Double Bonus Poker: Five Play,IGT Poker,Poker,$0.25,N/A,,,https://www.coushattacasinoresort.com/slot-map.php?sid=1738,https://www.coushattacasinoresort.com/slot-map.php?sid=1738,Coushatta Casino Resort,2026-10-01T17:07:23.115009+00:00
1737,Double Double Bonus Poker: Triple Play,IGT Poker,Poker,$0.25,N/A,,,https://www.coushattacasinoresort.com/slot-map.php?sid=1737,https://www.coushattacasinoresort.com/slot-map.php?sid=1737,Coushatta Casino Resort,2026-10-01T17:07:23.111546+00:00
3235,Double Double Bonus Prog,IGT Poker,Poker,$0.25,N/A,,,https://www.coushattacasinoresort.com/slot-map.php?sid=3235,https://www.coushattacasinoresort.com/slot-map.php?sid=3235,Coushatta Casino Resort,2026-10-01T17:07:59.776466+00:00
115,Double Double Diamond,IGT,Reel,$100.00,High,4.0,,https://www.coushattacasinoresort.com/slot-map.php?sid=115,https://www.coushattacasinoresort.com/slot-map.php?sid=115,Coushatta Casino Resort,2026-10-01T17:07:03.044457+00:00
1169,Double Firestorm Wolf (Prog),Aruze,Video,$0.01,Medium,3.0,,https://www.coushattacasinoresort.com/slot-map.php?sid=1169,https://www.coushattacasinoresort.com/slot-map.php?sid=1169,Coushatta Casino Resort,2026-10-01T17:07:16.347353+00:00
196,Double Fortune(Md) (Prog),Everi,Reel,$1.00,High,4.0,,https://www.coushattacasinoresort.com/slot-map.php?sid=196,https://www.coushattacasinoresort.com/slot-map.php?sid=196,Coushatta Casino Resort,2026-10-01T17:07:04.156389+00:00
299,Double Fortune(Md) (Prog),Everi,Reel,$0.25,High,4.0,,https://www.coushattacasinoresort.com/slot-map.php?sid=299,https://www.coushattacasinoresort.com/slot-map.php?sid=299,Coushatta Casino Resort,2026-10-01T17:07:05.235738+00:00
396,Double Four Times Pay,IGT,Reel,$0.01,High,4.0,,https://www.coushattacasinoresort.com/slot-map.php?sid=396,https://www.coushattacasinoresort.com/slot-map.php?sid=396,Coushatta Casino Resort,2026-10-01T17:07:06.126927+00:00
4,Double Gold,IGT,Reel,$5.00,High,4.0,,https://www.coushattacasinoresort.com/slot-map.php?sid=4,https://www.coushattacasinoresort.com/slot-map.php?sid=4,Coushatta Casino Resort,2026-10-01T17:07:01.065092+00:00
33,Double Gold,IGT,Reel,$1.00,High,4.0,,https://www.coushattacasinoresort.com/slot-map.php?sid=33,https://www.coushattacasinoresort.com/slot-map.php?sid=33,Coushatta Casino Resort,2026-10-01T17:07:01.748110+00:00
113,Double Gold,IGT,Reel,$100.00,High,4.0,,https://www.coushattacasinoresort.com/slot-map.php?sid=113,https://www.coushattacasinoresort.com/slot-map.php?sid=113,Coushatta Casino Resort,2026-10-01T17:07:03.140935+00:00
109,Double Gold (Md),IGT,Reel,$5.00,High,4.0,,https://www.coushattacasinoresort.com/slot-map.php?sid=109,https://www.coushattacasinoresort.com/slot-map.php?sid=109,Coushatta Casino Resort,2026-10-01T17:07:03.189398+00:00
110,Double Gold (Md),IGT,Reel,$10.00,High,4.0,,https://www.coushattacasinoresort.com/slot-map.php?sid=110,https://www.coushattacasinoresort.com/slot-map.php?sid=110,Coushatta Casino Resort,2026-10-01T17:07:03.027601+00:00
155,Double Gold (Md),IGT,Reel,$0.25,High,4.0,,https://www.coushattacasinoresort.com/slot-map.php?sid=155,https://www.coushattacasinoresort.com/slot-map.php?sid=155,Coushatta Casino Resort,2026-10-01T17:07:03.720516+00:00
156,Double Gold (Md),IGT,Reel,$0.50,High,4.0,,https://www.coushattacasinoresort.com/slot-map.php?sid=156,https://www.coushattacasinoresort.com/slot-map.php?sid=156,Coushatta Casino Resort,2026-10-01T17:07:03.704255+00:00
157,Double Gold (Md),IGT,Reel,$1.00,High,4.0,,https://www.coushattacasinoresort.com/slot-map.php?sid=157,https://www.coushattacasinoresort.com/slot-map.php?sid=157,Coushatta Casino Resort,2026-10-01T17:07:03.687609+00:00
158,Double Gold (Md),IGT,Reel,$2.00,High,4.0,,https://www.coushattacasinoresort.com/slot-map.php?sid=158,https://www.coushattacasinoresort.com/slot-map.php?sid=158,Coushatta Casino Resort,2026-10-01T17:07:03.695976+00:00
843,Double Gold (Md) (Prog),IGT,Reel,$1.00,Medium,3.0,,https://www.coushattacasinoresort.com/slot-map.php?sid=843,https://www.coushattacasinoresort.com/slot-map.php?sid=843,Coushatta Casino Resort,2026-10-01T17:07:12.421819+00:00
1160,Double Gold (Md) (Prog),IGT,Reel,$0.25,Medium,3.0,,https://www.coushattacasinoresort.com/slot-map.php?sid=1160,https://www.coushattacasinoresort.com/slot-map.php?sid=1160,Coushatta Casino Resort,2026-10-01T17:07:16.235009+00:00
1637,Double Jackpot Gems (Prog),Everi,Reel,$1.00,Medium - Low,2.0,,https://www.coushattacasinoresort.com/slot-map.php?sid=1637,https://www.coushattacasinoresort.com/slot-map.php?sid=1637,Coushatta Casino Resort,2026-10-01T17:07:21.723243+00:00
445,Double Jackpot Sevens,IGT,Video,$0.01,Low,2.0,,https://www.coushattacasinoresort.com/slot-map.php?sid=445,https://www.coushattacasinoresort.com/slot-map.php?sid=445,Coushatta Casino Resort,2026-10-01T17:07:06.903351+00:00
796,Double Jackpot Triple Blazing 7 Pr,Light & Wonder,Reel,$1.00,Medium,3.0,,https://www.coushattacasinoresort.com/slot-map.php?sid=796,https://www.coushattacasinoresort.com/slot-map.php?sid=796,Coushatta Casino Resort,2026-10-01T17:07:11.780795+00:00
2620,Double Jackpot Trp Blazin 7(Md)(Pr),Light & Wonder,Reel,$1.00,N/A,,,https://www.coushattacasinoresort.com/slot-map.php?sid=2620,https://www.coushattacasinoresort.com/slot-map.php?sid=2620,Coushatta Casino Resort,2026-10-01T17:07:45.704717+00:00
2621,Double Jackpot Trp Blazin 7(Md)(Pr),Light & Wonder,Reel,$2.00,N/A,,,https://www.coushattacasinoresort.com/slot-map.php?sid=2621,https://www.coushattacasinoresort.com/slot-map.php?sid=2621,Coushatta Casino Resort,2026-10-01T17:07:45.718911+00:00
2622,Double Jackpot Trp Blazin 7(Md)(Pr),Light & Wonder,Reel,$5.00,N/A,,,https://www.coushattacasinoresort.com/slot-map.php?sid=2622,https://www.coushattacasinoresort.com/slot-map.php?sid=2622,Coushatta Casino Resort,2026-10-01T17:07:45.774016+00:00
888,Double Jackpot Wolf (P),Everi,Video,$0.25,Medium,3.0,,https://www.coushattacasinoresort.com/slot-map.php?sid=888,https://www.coushattacasinoresort.com/slot-map.php?sid=888,Coushatta Casino Resort,2026-10-01T17:07:13.086177+00:00
1724,Double Luck Wild Leprecoins (Md) P,Aristocrat,Video,$0.01,N/A,,,https://www.coushattacasinoresort.com/slot-map.php?sid=1724,https://www.coushattacasinoresort.com/slot-map.php?sid=1724,Coushatta Casino Resort,2026-10-01T17:07:22.942792+00:00
119,Double Lucky Strike,IGT,Reel,$1.00,High,4.0,,https://www.coushattacasinoresort.com/slot-map.php?sid=119,https://www.coushattacasinoresort.com/slot-map.php?sid=119,Coushatta Casino Resort,2026-10-01T17:07:03.102475+00:00
1025,Double Neko (Md) (Prog),Light & Wonder,Video,$0.01,Medium,3.0,,https://www.coushattacasinoresort.com/slot-map.php?sid=1025,https://www.coushattacasinoresort.com/slot-map.php?sid=1025,Coushatta Casino Resort,2026-10-01T17:07:14.904794+00:00
1026,Double Neko (Md) (Prog),Light & Wonder,Video,$0.02,Medium,3.0,,https://www.coushattacasinoresort.com/slot-map.php?sid=1026,https://www.coushattacasinoresort.com/slot-map.php?sid=1026,Coushatta Casino Resort,2026-10-01T17:07:14.923107+00:00
1027,Double Neko (Md) (Prog),Light & Wonder,Video,$0.05,Medium,3.0,,https://www.coushattacasinoresort.com/slot-map.php?sid=1027,https://www.coushattacasinoresort.com/slot-map.php?sid=1027,Coushatta Casino Resort,2026-10-01T17:07:14.952162+00:00
1028,Double Neko (Md) (Prog),Light & Wonder,Video,$0.10,Medium,3.0,,https://www.coushattacasinoresort.com/slot-map.php?sid=1028,https://www.coushattacasinoresort.com/slot-map.php?sid=1028,Coushatta Casino Resort,2026-10-01T17:07:14.955713+00:00
1029,Double Neko (Md) (Prog),Light & Wonder,Video,$1.00,Medium,3.0,,https://www.coushattacasinoresort.com/slot-map.php?sid=1029,https://www.coushattacasinoresort.com/slot-map.php?sid=1029,Coushatta Casino Resort,2026-10-01T17:07:14.973110+00:00
1030,Double Neko (Md) (Prog),Light & Wonder,Video,$2.00,Medium,3.0,,https://www.coushattacasinoresort.com/slot-map.php?sid=1030,https://www.coushattacasinoresort.com/slot-map.php?sid=1030,Coushatta Casino Resort,2026-10-01T17:07:14.977976+00:00
584,Double Red White & Blue,IGT,Reel,$5.00,Medium,3.0,,https://www.coushattacasinoresort.com/slot-map.php?sid=584,https://www.coushattacasinoresort.com/slot-map.php?sid=584,Coushatta Casino Resort,2026-10-01T17:07:08.711821+00:00
853,Double Red White & Blue,IGT,Reel,$100.00,Medium,3.0,,https://www.coushattacasinoresort.com/slot-map.php?sid=853,https://www.coushattacasinoresort.com/slot-map.php?sid=853,Coushatta Casino Resort,2026-10-01T17:07:12.623885+00:00
124,Double Silver Fire 777 Mc Md (Pr),IGT,Reel,$1.00,High,4.0,,https://www.coushattacasinoresort.com/slot-map.php?sid=124,https://www.coushattacasinoresort.com/slot-map.php?sid=124,Coushatta Casino Resort,2026-10-01T17:07:03.227573+00:00
125,Double Silver Fire 777 Mc Md (Pr),IGT,Reel,$2.00,High,4.0,,https://www.coushattacasinoresort.com/slot-map.php?sid=125,https://www.coushattacasinoresort.com/slot-map.php?sid=125,Coushatta Casino Resort,2026-10-01T17:07:03.265177+00:00
126,Double Silver Fire 777 Mc Md (Pr),IGT,Reel,$5.00,High,4.0,,https://www.coushattacasinoresort.com/slot-map.php?sid=126,https://www.coushattacasinoresort.com/slot-map.php?sid=126,Coushatta Casino Resort,2026-10-01T17:07:03.257815+00:00
127,Double Silver Fire 777 Mc Md (Pr),IGT,Reel,$10.00,High,4.0,,https://www.coushattacasinoresort.com/slot-map.php?sid=127,https://www.coushattacasinoresort.com/slot-map.php?sid=127,Coushatta Casino Resort,2026-10-01T17:07:03.279031+00:00
1472,Double Stack Up Pays Island Riches,Incredible Technologies,Video,$0.01,Medium - High,3.0,,https://www.coushattacasinoresort.com/slot-map.php?sid=1472,https://www.coushattacasinoresort.com/slot-map.php?sid=1472,Coushatta Casino Resort,2026-10-01T17:07:20.282914+00:00
2389,Double Super Times Pay - Five Play Bonus Poker,IGT,Poker,$0.05,N/A,,,https://www.coushattacasinoresort.com/slot-map.php?sid=2389,https://www.coushattacasinoresort.com/slot-map.php?sid=2389,Coushatta Casino Resort,2026-10-01T17:07:40.966841+00:00
2390,Double Super Times Pay - Five Play Bonus Poker,IGT,Poker,$0.10,N/A,,,https://www.coushattacasinoresort.com/slot-map.php?sid=2390,https://www.coushattacasinoresort.com/slot-map.php?sid=2390,Coushatta Casino Resort,2026-10-01T17:07:41.014525+00:00
2387,Double Super Times Pay - Five Play Bonus Poker Deluxe,IGT,Poker,$0.05,N/A,,,https://www.coushattacasinoresort.com/slot-map.php?sid=2387,https://www.coushattacasinoresort.com/slot-map.php?sid=2387,Coushatta Casino Resort,2026-10-01T17:07:40.904227+00:00
2388,Double Super Times Pay - Five Play Bonus Poker Deluxe,IGT,Poker,$0.10,N/A,,,https://www.coushattacasinoresort.com/slot-map.php?sid=2388,https://www.coushattacasinoresort.com/slot-map.php?sid=2388,Coushatta Casino Resort,2026-10-01T17:07:40.927750+00:00
2385,Double Super Times Pay - Five Play Deuces Wild Bonus,IGT,Poker,$0.05,N/A,,,https://www.coushattacasinoresort.com/slot-map.php?sid=2385,https://www.coushattacasinoresort.com/slot-map.php?sid=2385,Coushatta Casino Resort,2026-10-01T17:07:40.832074+00:00
2386,Double Super Times Pay - Five Play Deuces Wild Bonus,IGT,Poker,$0.10,N/A,,,https://www.coushattacasinoresort.com/slot-map.php?sid=2386,https://www.coushattacasinoresort.com/slot-map.php?sid=2386,Coushatta Casino Resort,2026-10-01T17:07:40.931764+00:00
2383,Double Super Times Pay - Five Play Deuces Wild Poker,IGT,Poker,$0.05,N/A,,,https://www.coushattacasinoresort.com/slot-map.php?sid=2383,https://www.coushattacasinoresort.com/slot-map.php?sid=2383,Coushatta Casino Resort,2026-10-01T17:07:40.792886+00:00
2384,Double Super Times Pay - Five Play Deuces Wild Poker,IGT,Poker,$0.10,N/A,,,https://www.coushattacasinoresort.com/slot-map.php?sid=2384,https://www.coushattacasinoresort.com/slot-map.php?sid=2384,Coushatta Casino Resort,2026-10-01T17:07:40.819035+00:00
2381,Double Super Times Pay - Five Play Double Bonus Poker,IGT,Poker,$0.05,N/A,,,https://www.coushattacasinoresort.com/slot-map.php?sid=2381,https://www.coushattacasinoresort.com/slot-map.php?sid=2381,Coushatta Casino Resort,2026-10-01T17:07:40.760082+00:00
2382,Double Super Times Pay - Five Play Double Bonus Poker,IGT,Poker,$0.10,N/A,,,https://www.coushattacasinoresort.com/slot-map.php?sid=2382,https://www.coushattacasinoresort.com/slot-map.php?sid=2382,Coushatta Casino Resort,2026-10-01T17:07:40.828267+00:00
2379,Double Super Times Pay - Five Play Double Double Bonus Poker,IGT,Poker,$0.05,N/A,,,https://www.coushattacasinoresort.com/slot-map.php?sid=2379,https://www.coushattacasinoresort.com/slot-map.php?sid=2379,Coushatta Casino Resort,2026-10-01T17:07:40.671843+00:00
2380,Double Super Times Pay - Five Play Double Double Bonus Poker,IGT,Poker,$0.10,N/A,,,https://www.coushattacasinoresort.com/slot-map.php?sid=2380,https://www.coushattacasinoresort.com/slot-map.php?sid=2380,Coushatta Casino Resort,2026-10-01T17:07:40.719404+00:00
2377,Double Super Times Pay - Five Play Jacks or Better Poker,IGT,Poker,$0.05,N/A,,,https://www.coushattacasinoresort.com/slot-map.php?sid=2377,https://www.coushattacasinoresort.com/slot-map.php?sid=2377,Coushatta Casino Resort,2026-10-01T17:07:40.621998+00:00
2378,Double Super Times Pay - Five Play Jacks or Better Poker,IGT,Poker,$0.10,N/A,,,https://www.coushattacasinoresort.com/slot-map.php?sid=2378,https://www.coushattacasinoresort.com/slot-map.php?sid=2378,Coushatta Casino Resort,2026-10-01T17:07:40.669510+00:00
2375,Double Super Times Pay - Five Play Joker Poker,IGT,Poker,$0.05,N/A,,,https://www.coushattacasinoresort.com/slot-map.php?sid=2375,https://www.coushattacasinoresort.com/slot-map.php?sid=2375,Coushatta Casino Resort,2026-10-01T17:07:40.564643+00:00
2376,Double Super Times Pay - Five Play Joker Poker,IGT,Poker,$0.10,N/A,,,https://www.coushattacasinoresort.com/slot-map.php?sid=2376,https://www.coushattacasinoresort.com/slot-map.php?sid=2376,Coushatta Casino Resort,2026-10-01T17:07:40.578267+00:00
2373,Double Super Times Pay - Five Play Triple Double Bonus Poker,IGT,Poker,$0.05,N/A,,,https://www.coushattacasinoresort.com/slot-map.php?sid=2373,https://www.coushattacasinoresort.com/slot-map.php?sid=2373,Coushatta Casino Resort,2026-10-01T17:07:40.467977+00:00
2374,Double Super Times Pay - Five Play Triple Double Bonus Poker,IGT,Poker,$0.10,N/A,,,https://www.coushattacasinoresort.com/slot-map.php?sid=2374,https://www.coushattacasinoresort.com/slot-map.php?sid=2374,Coushatta Casino Resort,2026-10-01T17:07:40.458019+00:00
2371,Double Super Times Pay - Ten Play Bonus Poker,IGT,Poker,$0.05,N/A,,,https://www.coushattacasinoresort.com/slot-map.php?sid=2371,https://www.coushattacasinoresort.com/slot-map.php?sid=2371,Coushatta Casino Resort,2026-10-01T17:07:40.428878+00:00
2372,Double Super Times Pay - Ten Play Bonus Poker,IGT,Poker,$0.10,N/A,,,https://www.coushattacasinoresort.com/slot-map.php?sid=2372,https://www.coushattacasinoresort.com/slot-map.php?sid=2372,Coushatta Casino Resort,2026-10-01T17:07:40.589474+00:00
2369,Double Super Times Pay - Ten Play Bonus Poker Deluxe,IGT,Poker,$0.05,N/A,,,https://www.coushattacasinoresort.com/slot-map.php?sid=2369,https://www.coushattacasinoresort.com/slot-map.php?sid=2369,Coushatta Casino Resort,2026-10-01T17:07:40.328655+00:00
2370,Double Super Times Pay - Ten Play Bonus Poker Deluxe,IGT,Poker,$0.10,N/A,,,https://www.coushattacasinoresort.com/slot-map.php?sid=2370,https://www.coushattacasinoresort.com/slot-map.php?sid=2370,Coushatta Casino Resort,2026-10-01T17:07:40.393571+00:00
2367,Double Super Times Pay - Ten Play Deuces Wild Bonus,IGT,Poker,$0.05,N/A,,,https://www.coushattacasinoresort.com/slot-map.php?sid=2367,https://www.coushattacasinoresort.com/slot-map.php?sid=2367,Coushatta Casino Resort,2026-10-01T17:07:40.370273+00:00
2368,Double Super Times Pay - Ten Play Deuces Wild Bonus,IGT,Poker,$0.10,N/A,,,https://www.coushattacasinoresort.com/slot-map.php?sid=2368,https://www.coushattacasinoresort.com/slot-map.php?sid=2368,Coushatta Casino Resort,2026-10-01T17:07:40.437511+00:00
2365,Double Super Times Pay - Ten Play Deuces Wild Poker,IGT,Poker,$0.05,N/A,,,https://www.coushattacasinoresort.com/slot-map.php?sid=2365,https://www.coushattacasinoresort.com/slot-map.php?sid=2365,Coushatta Casino Resort,2026-10-01T17:07:40.231532+00:00
2366,Double Super Times Pay - Ten Play Deuces Wild Poker,IGT,Poker,$0.10,N/A,,,https://www.coushattacasinoresort.com/slot-map.php?sid=2366,https://www.coushattacasinoresort.com/slot-map.php?sid=2366,Coushatta Casino Resort,2026-10-01T17:07:40.246445+00:00
2363,Double Super Times Pay - Ten Play Double Bonus Poker,IGT,Poker,$0.05,N/A,,,https://www.coushattacasinoresort.com/slot-map.php?sid=2363,https://www.coushattacasinoresort.com/slot-map.php?sid=2363,Coushatta Casino Resort,2026-10-01T17:07:40.168464+00:00
2364,Double Super Times Pay - Ten Play Double Bonus Poker,IGT,Poker,$0.10,N/A,,,https://www.coushattacasinoresort.com/slot-map.php?sid=2364,https://www.coushattacasinoresort.com/slot-map.php?sid=2364,Coushatta Casino Resort,2026-10-01T17:07:40.171288+00:00
2361,Double Super Times Pay - Ten Play Double Double Bonus Poker,IGT,Poker,$0.05,N/A,,,https://www.coushattacasinoresort.com/slot-map.php?sid=2361,https://www.coushattacasinoresort.com/slot-map.php?sid=2361,Coushatta Casino Resort,2026-10-01T17:07:40.188588+00:00
2362,Double Super Times Pay - Ten Play Double Double Bonus Poker,IGT,Poker,$0.10,N/A,,,https://www.coushattacasinoresort.com/slot-map.php?sid=2362,https://www.coushattacasinoresort.com/slot-map.php?sid=2362,Coushatta Casino Resort,2026-10-01T17:07:40.071031+00:00
2359,Double Super Times Pay - Ten Play Jacks or Better Poker,IGT,Poker,$0.05,N/A,,,https://www.coushattacasinoresort.com/slot-map.php?sid=2359,https://www.coushattacasinoresort.com/slot-map.php?sid=2359,Coushatta Casino Resort,2026-10-01T17:07:40.037141+00:00
2360,Double Super Times Pay - Ten Play Jacks or Better Poker,IGT,Poker,$0.10,N/A,,,https://www.coushattacasinoresort.com/slot-map.php?sid=2360,https://www.coushattacasinoresort.com/slot-map.php?sid=2360,Coushatta Casino Resort,2026-10-01T17:07:40.111893+00:00
2357,Double Super Times Pay - Ten Play Joker Poker,IGT,Poker,$0.05,N/A,,,https://www.coushattacasinoresort.com/slot-map.php?sid=2357,https://www.coushattacasinoresort.com/slot-map.php?sid=2357,Coushatta Casino Resort,2026-10-01T17:07:39.992176+00:00
2358,Double Super Times Pay - Ten Play Joker Poker,IGT,Poker,$0.10,N/A,,,https://www.coushattacasinoresort.com/slot-map.php?sid=2358,https://www.coushattacasinoresort.com/slot-map.php?sid=2358,Coushatta Casino Resort,2026-10-01T17:07:40.091552+00:00
2355,Double Super Times Pay - Ten Play Triple Double Bonus Poker,IGT,Poker,$0.05,N/A,,,https://www.coushattacasinoresort.com/slot-map.php?sid=2355,https://www.coushattacasinoresort.com/slot-map.php?sid=2355,Coushatta Casino Resort,2026-10-01T17:07:39.954955+00:00
2356,Double Super Times Pay - Ten Play Triple Double Bonus Poker,IGT,Poker,$0.10,N/A,,,https://www.coushattacasinoresort.com/slot-map.php?sid=2356,https://www.coushattacasinoresort.com/slot-map.php?sid=2356,Coushatta Casino Resort,2026-10-01T17:07:39.961411+00:00
2354,Double Super Times Pay - Triple Play Bonus Poker,IGT,Poker,$0.25,N/A,,,https://www.coushattacasinoresort.com/slot-map.php?sid=2354,https://www.coushattacasinoresort.com/slot-map.php?sid=2354,Coushatta Casino Resort,2026-10-01T17:07:39.847354+00:00
2353,Double Super Times Pay - Triple Play Bonus Poker Deluxe,IGT,Poker,$0.25,N/A,,,https://www.coushattacasinoresort.com/slot-map.php?sid=2353,https://www.coushattacasinoresort.com/slot-map.php?sid=2353,Coushatta Casino Resort,2026-10-01T17:07:39.834795+00:00
2352,Double Super Times Pay - Triple Play Deuces Wild Bonus,IGT,Poker,$0.25,N/A,,,https://www.coushattacasinoresort.com/slot-map.php?sid=2352,https://www.coushattacasinoresort.com/slot-map.php?sid=2352,Coushatta Casino Resort,2026-10-01T17:07:39.749693+00:00
2351,Double Super Times Pay - Triple Play Deuces Wild Poker,IGT,Poker,$0.25,N/A,,,https://www.coushattacasinoresort.com/slot-map.php?sid=2351,https://www.coushattacasinoresort.com/slot-map.php?sid=2351,Coushatta Casino Resort,2026-10-01T17:07:39.754920+00:00
2350,Double Super Times Pay - Triple Play Double Bonus Poker,IGT,Poker,$0.25,N/A,,,https://www.coushattacasinoresort.com/slot-map.php?sid=2350,https://www.coushattacasinoresort.com/slot-map.php?sid=2350,Coushatta Casino Resort,2026-10-01T17:07:39.730189+00:00
2349,Double Super Times Pay - Triple Play Double Double Bonus Poker,IGT,Poker,$0.25,N/A,,,https://www.coushattacasinoresort.com/slot-map.php?sid=2349,https://www.coushattacasinoresort.com/slot-map.php?sid=2349,Coushatta Casino Resort,2026-10-01T17:07:39.741774+00:00
2348,Double Super Times Pay - Triple Play Jacks or Better Poker,IGT,Poker,$0.25,N/A,,,https://www.coushattacasinoresort.com/slot-map.php?sid=2348,https://www.coushattacasinoresort.com/slot-map.php?sid=2348,Coushatta Casino Resort,2026-10-01T17:07:39.745588+00:00
2347,Double Super Times Pay - Triple Play Joker Poker,IGT,Poker,$0.25,N/A,,,https://www.coushattacasinoresort.com/slot-map.php?sid=2347,https://www.coushattacasinoresort.com/slot-map.php?sid=2347,Coushatta Casino Resort,2026-10-01T17:07:39.678417+00:00
2346,Double Super Times Pay - Triple Play Triple Double Bonus Poker,IGT,Poker,$0.25,N/A,,,https://www.coushattacasinoresort.com/slot-map.php?sid=2346,https://www.coushattacasinoresort.com/slot-map.php?sid=2346,Coushatta Casino Resort,2026-10-01T17:07:39.623653+00:00
1268,Double Ten Times Pay,IGT,Reel,$1.00,Medium,3.0,,https://www.coushattacasinoresort.com/slot-map.php?sid=1268,https://www.coushattacasinoresort.com/slot-map.php?sid=1268,Coushatta Casino Resort,2026-10-01T17:07:17.493419+00:00
868,Double Top Dollar,IGT,Reel,$1.00,Medium,3.0,,https://www.coushattacasinoresort.com/slot-map.php?sid=868,https://www.coushattacasinoresort.com/slot-map.php?sid=868,Coushatta Casino Resort,2026-10-01T17:07:12.810359+00:00
635,Double Top Dollar (Md),IGT,Reel,$0.25,Medium,3.0,,https://www.coushattacasinoresort.com/slot-map.php?sid=635,https://www.coushattacasinoresort.com/slot-map.php?sid=635,Coushatta Casino Resort,2026-10-01T17:07:09.406770+00:00
636,Double Top Dollar (Md),IGT,Reel,$0.50,Medium,3.0,,https://www.coushattacasinoresort.com/slot-map.php?sid=636,https://www.coushattacasinoresort.com/slot-map.php?sid=636,Coushatta Casino Resort,2026-10-01T17:07:09.440776+00:00
637,Double Top Dollar (Md),IGT,Reel,$1.00,Medium,3.0,,https://www.coushattacasinoresort.com/slot-map.php?sid=637,https://www.coushattacasinoresort.com/slot-map.php?sid=637,Coushatta Casino Resort,2026-10-01T17:07:09.463759+00:00
638,Double Top Dollar (Md),IGT,Reel,$2.00,Medium,3.0,,https://www.coushattacasinoresort.com/slot-map.php?sid=638,https://www.coushattacasinoresort.com/slot-map.php?sid=638,Coushatta Casino Resort,2026-10-01T17:07:09.457919+00:00
1489,Double Top Dollar 2: Double Diamond,IGT,Reel,$5.00,Medium - Low,2.0,,https://www.coushattacasinoresort.com/slot-map.php?sid=1489,https://www.coushattacasinoresort.com/slot-map.php?sid=1489,Coushatta Casino Resort,2026-10-01T17:07:20.465098+00:00
895,Double Wild Cherry Jackpots (Pr),IGT,Reel,$1.00,Medium,3.0,,https://www.coushattacasinoresort.com/slot-map.php?sid=895,https://www.coushattacasinoresort.com/slot-map.php?sid=895,Coushatta Casino Resort,2026-10-01T17:07:13.192965+00:00
990,Dragon Bowl (Md) (Prog),IGT,Video,$0.01,Medium,3.0,,https://www.coushattacasinoresort.com/slot-map.php?sid=990,https://www.coushattacasinoresort.com/slot-map.php?sid=990,Coushatta Casino Resort,2026-10-01T17:07:14.431909+00:00
1617,Dragon Cash: Autumn Moon (Pr) (Md),Aristocrat,Video,$0.01,Medium - Low,2.0,,https://www.coushattacasinoresort.com/slot-map.php?sid=1617,https://www.coushattacasinoresort.com/slot-map.php?sid=1617,Coushatta Casino Resort,2026-10-01T17:07:21.468693+00:00
1618,Dragon Cash: Autumn Moon (Pr) (Md),Aristocrat,Video,$0.02,Medium - Low,2.0,,https://www.coushattacasinoresort.com/slot-map.php?sid=1618,https://www.coushattacasinoresort.com/slot-map.php?sid=1618,Coushatta Casino Resort,2026-10-01T17:07:21.459524+00:00
1619,Dragon Cash: Autumn Moon (Pr) (Md),Aristocrat,Video,$0.05,Medium - Low,2.0,,https://www.coushattacasinoresort.com/slot-map.php?sid=1619,https://www.coushattacasinoresort.com/slot-map.php?sid=1619,Coushatta Casino Resort,2026-10-01T17:07:21.454891+00:00
1620,Dragon Cash: Autumn Moon (Pr) (Md),Aristocrat,Video,$0.10,Medium - Low,2.0,,https://www.coushattacasinoresort.com/slot-map.php?sid=1620,https://www.coushattacasinoresort.com/slot-map.php?sid=1620,Coushatta Casino Resort,2026-10-01T17:07:21.489865+00:00
1621,Dragon Cash: Autumn Moon (Pr) (Md),Aristocrat,Video,$1.00,Medium - Low,2.0,,https://www.coushattacasinoresort.com/slot-map.php?sid=1621,https://www.coushattacasinoresort.com/slot-map.php?sid=1621,Coushatta Casino Resort,2026-10-01T17:07:21.472343+00:00
1622,Dragon Cash: Autumn Moon (Pr) (Md),Aristocrat,Video,$2.00,Medium - Low,2.0,,https://www.coushattacasinoresort.com/slot-map.php?sid=1622,https://www.coushattacasinoresort.com/slot-map.php?sid=1622,Coushatta Casino Resort,2026-10-01T17:07:21.502136+00:00
1635,Dragon Cash: Autumn Moon (Pr) (Md),Aristocrat,Video,$0.25,Medium - Low,2.0,,https://www.coushattacasinoresort.com/slot-map.php?sid=1635,https://www.coushattacasinoresort.com/slot-map.php?sid=1635,Coushatta Casino Resort,2026-10-01T17:07:21.702140+00:00
1636,Dragon Cash: Autumn Moon (Pr) (Md),Aristocrat,Video,$0.50,Medium - Low,2.0,,https://www.coushattacasinoresort.com/slot-map.php?sid=1636,https://www.coushattacasinoresort.com/slot-map.php?sid=1636,Coushatta Casino Resort,2026-10-01T17:07:21.727046+00:00
1653,Dragon Cash: Genghis Khan Mc Md Pr,Aristocrat,Video,$0.01,Medium - Low,2.0,,https://www.coushattacasinoresort.com/slot-map.php?sid=1653,https://www.coushattacasinoresort.com/slot-map.php?sid=1653,Coushatta Casino Resort,2026-10-01T17:07:21.938578+00:00
1654,Dragon Cash: Genghis Khan Mc Md Pr,Aristocrat,Video,$0.02,Medium - Low,2.0,,https://www.coushattacasinoresort.com/slot-map.php?sid=1654,https://www.coushattacasinoresort.com/slot-map.php?sid=1654,Coushatta Casino Resort,2026-10-01T17:07:21.974467+00:00
1655,Dragon Cash: Genghis Khan Mc Md Pr,Aristocrat,Video,$0.05,Medium - Low,2.0,,https://www.coushattacasinoresort.com/slot-map.php?sid=1655,https://www.coushattacasinoresort.com/slot-map.php?sid=1655,Coushatta Casino Resort,2026-10-01T17:07:21.978035+00:00
1656,Dragon Cash: Genghis Khan Mc Md Pr,Aristocrat,Video,$0.10,Medium - Low,2.0,,https://www.coushattacasinoresort.com/slot-map.php?sid=1656,https://www.coushattacasinoresort.com/slot-map.php?sid=1656,Coushatta Casino Resort,2026-10-01T17:07:22.057797+00:00
1657,Dragon Cash: Genghis Khan Mc Md Pr,Aristocrat,Video,$1.00,Medium - Low,2.0,,https://www.coushattacasinoresort.com/slot-map.php?sid=1657,https://www.coushattacasinoresort.com/slot-map.php?sid=1657,Coushatta Casino Resort,2026-10-01T17:07:21.968608+00:00
1658,Dragon Cash: Genghis Khan Mc Md Pr,Aristocrat,Video,$2.00,Medium - Low,2.0,,https://www.coushattacasinoresort.com/slot-map.php?sid=1658,https://www.coushattacasinoresort.com/slot-map.php?sid=1658,Coushatta Casino Resort,2026-10-01T17:07:21.996838+00:00
1630,Dragon Cash: Golden Century Md Pr,Aristocrat,Video,$0.10,Medium - Low,2.0,,https://www.coushattacasinoresort.com/slot-map.php?sid=1630,https://www.coushattacasinoresort.com/slot-map.php?sid=1630,Coushatta Casino Resort,2026-10-01T17:07:21.600019+00:00
1631,Dragon Cash: Golden Century Md Pr,Aristocrat,Video,$0.25,Medium - Low,2.0,,https://www.coushattacasinoresort.com/slot-map.php?sid=1631,https://www.coushattacasinoresort.com/slot-map.php?sid=1631,Coushatta Casino Resort,2026-10-01T17:07:21.634299+00:00
1632,Dragon Cash: Golden Century Md Pr,Aristocrat,Video,$0.50,Medium - Low,2.0,,https://www.coushattacasinoresort.com/slot-map.php?sid=1632,https://www.coushattacasinoresort.com/slot-map.php?sid=1632,Coushatta Casino Resort,2026-10-01T17:07:21.647224+00:00
1633,Dragon Cash: Golden Century Md Pr,Aristocrat,Video,$1.00,Medium - Low,2.0,,https://www.coushattacasinoresort.com/slot-map.php?sid=1633,https://www.coushattacasinoresort.com/slot-map.php?sid=1633,Coushatta Casino Resort,2026-10-01T17:07:21.665434+00:00
1634,Dragon Cash: Golden Century Md Pr,Aristocrat,Video,$2.00,Medium - Low,2.0,,https://www.coushattacasinoresort.com/slot-map.php?sid=1634,https://www.coushattacasinoresort.com/slot-map.php?sid=1634,Coushatta Casino Resort,2026-10-01T17:07:21.706036+00:00
1625,Dragon Cash: Happy And Prosperous P,Aristocrat,Video,$0.10,Medium - Low,2.0,,https://www.coushattacasinoresort.com/slot-map.php?sid=1625,https://www.coushattacasinoresort.com/slot-map.php?sid=1625,Coushatta Casino Resort,2026-10-01T17:07:21.604510+00:00
1626,Dragon Cash: Happy And Prosperous P,Aristocrat,Video,$0.25,Medium - Low,2.0,,https://www.coushattacasinoresort.com/slot-map.php?sid=1626,https://www.coushattacasinoresort.com/slot-map.php?sid=1626,Coushatta Casino Resort,2026-10-01T17:07:21.582041+00:00
1627,Dragon Cash: Happy And Prosperous P,Aristocrat,Video,$0.50,Medium - Low,2.0,,https://www.coushattacasinoresort.com/slot-map.php?sid=1627,https://www.coushattacasinoresort.com/slot-map.php?sid=1627,Coushatta Casino Resort,2026-10-01T17:07:21.573014+00:00
1628,Dragon Cash: Happy And Prosperous P,Aristocrat,Video,$1.00,Medium - Low,2.0,,https://www.coushattacasinoresort.com/slot-map.php?sid=1628,https://www.coushattacasinoresort.com/slot-map.php?sid=1628,Coushatta Casino Resort,2026-10-01T17:07:21.585513+00:00
1629,Dragon Cash: Happy And Prosperous P,Aristocrat,Video,$2.00,Medium - Low,2.0,,https://www.coushattacasinoresort.com/slot-map.php?sid=1629,https://www.coushattacasinoresort.com/slot-map.php?sid=1629,Coushatta Casino Resort,2026-10-01T17:07:21.609187+00:00
708,Dragon Emperor Ultimate Fast Cash P,Aristocrat,Video,$0.01,Medium,3.0,,https://www.coushattacasinoresort.com/slot-map.php?sid=708,https://www.coushattacasinoresort.com/slot-map.php?sid=708,Coushatta Casino Resort,2026-10-01T17:07:10.413407+00:00
331,Dragon Legacy Metal (Mc) (Md) (Pr),Ainsworth,Video,$0.01,High,4.0,,https://www.coushattacasinoresort.com/slot-map.php?sid=331,https://www.coushattacasinoresort.com/slot-map.php?sid=331,Coushatta Casino Resort,2026-10-01T17:07:05.672292+00:00
330,Dragon Legacy Wood (Mc) (Md) (Pr),Ainsworth,Video,$0.01,High,4.0,,https://www.coushattacasinoresort.com/slot-map.php?sid=330,https://www.coushattacasinoresort.com/slot-map.php?sid=330,Coushatta Casino Resort,2026-10-01T17:07:05.649048+00:00
1509,Dragon Link: Autumn Moon (Pr) (Md),Aristocrat,Video,$0.01,Medium - Low,2.0,,https://www.coushattacasinoresort.com/slot-map.php?sid=1509,https://www.coushattacasinoresort.com/slot-map.php?sid=1509,Coushatta Casino Resort,2026-10-01T17:07:20.810879+00:00
1510,Dragon Link: Autumn Moon (Pr) (Md),Aristocrat,Video,$0.02,Medium - Low,2.0,,https://www.coushattacasinoresort.com/slot-map.php?sid=1510,https://www.coushattacasinoresort.com/slot-map.php?sid=1510,Coushatta Casino Resort,2026-10-01T17:07:20.802810+00:00
1511,Dragon Link: Autumn Moon (Pr) (Md),Aristocrat,Video,$0.05,Medium - Low,2.0,,https://www.coushattacasinoresort.com/slot-map.php?sid=1511,https://www.coushattacasinoresort.com/slot-map.php?sid=1511,Coushatta Casino Resort,2026-10-01T17:07:20.807284+00:00
1512,Dragon Link: Autumn Moon (Pr) (Md),Aristocrat,Video,$0.10,Medium - Low,2.0,,https://www.coushattacasinoresort.com/slot-map.php?sid=1512,https://www.coushattacasinoresort.com/slot-map.php?sid=1512,Coushatta Casino Resort,2026-10-01T17:07:20.834568+00:00
1513,Dragon Link: Autumn Moon (Pr) (Md),Aristocrat,Video,$1.00,Medium - Low,2.0,,https://www.coushattacasinoresort.com/slot-map.php?sid=1513,https://www.coushattacasinoresort.com/slot-map.php?sid=1513,Coushatta Casino Resort,2026-10-01T17:07:20.827933+00:00
1514,Dragon Link: Autumn Moon (Pr) (Md),Aristocrat,Video,$2.00,Medium - Low,2.0,,https://www.coushattacasinoresort.com/slot-map.php?sid=1514,https://www.coushattacasinoresort.com/slot-map.php?sid=1514,Coushatta Casino Resort,2026-10-01T17:07:20.844354+00:00
1503,Dragon Link: Genghis Khan (Md) (P),Aristocrat,Video,$0.01,Medium - Low,2.0,,https://www.coushattacasinoresort.com/slot-map.php?sid=1503,https://www.coushattacasinoresort.com/slot-map.php?sid=1503,Coushatta Casino Resort,2026-10-01T17:07:20.689282+00:00
1504,Dragon Link: Genghis Khan (Md) (P),Aristocrat,Video,$0.02,Medium - Low,2.0,,https://www.coushattacasinoresort.com/slot-map.php?sid=1504,https://www.coushattacasinoresort.com/slot-map.php?sid=1504,Coushatta Casino Resort,2026-10-01T17:07:20.699930+00:00
1505,Dragon Link: Genghis Khan (Md) (P),Aristocrat,Video,$0.05,Medium - Low,2.0,,https://www.coushattacasinoresort.com/slot-map.php?sid=1505,https://www.coushattacasinoresort.com/slot-map.php?sid=1505,Coushatta Casino Resort,2026-10-01T17:07:20.742022+00:00
1506,Dragon Link: Genghis Khan (Md) (P),Aristocrat,Video,$0.10,Medium - Low,2.0,,https://www.coushattacasinoresort.com/slot-map.php?sid=1506,https://www.coushattacasinoresort.com/slot-map.php?sid=1506,Coushatta Casino Resort,2026-10-01T17:07:20.718203+00:00
1507,Dragon Link: Genghis Khan (Md) (P),Aristocrat,Video,$1.00,Medium - Low,2.0,,https://www.coushattacasinoresort.com/slot-map.php?sid=1507,https://www.coushattacasinoresort.com/slot-map.php?sid=1507,Coushatta Casino Resort,2026-10-01T17:07:20.727685+00:00
1508,Dragon Link: Genghis Khan (Md) (P),Aristocrat,Video,$2.00,Medium - Low,2.0,,https://www.coushattacasinoresort.com/slot-map.php?sid=1508,https://www.coushattacasinoresort.com/slot-map.php?sid=1508,Coushatta Casino Resort,2026-10-01T17:07:20.812626+00:00
1527,Dragon Link: Golden Century (P)(Md),Aristocrat,Video,$0.01,Medium - Low,2.0,,https://www.coushattacasinoresort.com/slot-map.php?sid=1527,https://www.coushattacasinoresort.com/slot-map.php?sid=1527,Coushatta Casino Resort,2026-10-01T17:07:21.084718+00:00
1528,Dragon Link: Golden Century (P)(Md),Aristocrat,Video,$0.02,Medium - Low,2.0,,https://www.coushattacasinoresort.com/slot-map.php?sid=1528,https://www.coushattacasinoresort.com/slot-map.php?sid=1528,Coushatta Casino Resort,2026-10-01T17:07:21.096755+00:00
1529,Dragon Link: Golden Century (P)(Md),Aristocrat,Video,$0.05,Medium - Low,2.0,,https://www.coushattacasinoresort.com/slot-map.php?sid=1529,https://www.coushattacasinoresort.com/slot-map.php?sid=1529,Coushatta Casino Resort,2026-10-01T17:07:21.080049+00:00
1530,Dragon Link: Golden Century (P)(Md),Aristocrat,Video,$0.10,Medium - Low,2.0,,https://www.coushattacasinoresort.com/slot-map.php?sid=1530,https://www.coushattacasinoresort.com/slot-map.php?sid=1530,Coushatta Casino Resort,2026-10-01T17:07:21.092421+00:00
1531,Dragon Link: Golden Century (P)(Md),Aristocrat,Video,$1.00,Medium - Low,2.0,,https://www.coushattacasinoresort.com/slot-map.php?sid=1531,https://www.coushattacasinoresort.com/slot-map.php?sid=1531,Coushatta Casino Resort,2026-10-01T17:07:21.123828+00:00
1532,Dragon Link: Golden Century (P)(Md),Aristocrat,Video,$2.00,Medium - Low,2.0,,https://www.coushattacasinoresort.com/slot-map.php?sid=1532,https://www.coushattacasinoresort.com/slot-map.php?sid=1532,Coushatta Casino Resort,2026-10-01T17:07:21.184983+00:00
1521,Dragon Link: Happy & Prosper(P)(Md),Aristocrat,Video,$0.01,Medium - Low,2.0,,https://www.coushattacasinoresort.com/slot-map.php?sid=1521,https://www.coushattacasinoresort.com/slot-map.php?sid=1521,Coushatta Casino Resort,2026-10-01T17:07:20.970408+00:00
1522,Dragon Link: Happy & Prosper(P)(Md),Aristocrat,Video,$0.02,Medium - Low,2.0,,https://www.coushattacasinoresort.com/slot-map.php?sid=1522,https://www.coushattacasinoresort.com/slot-map.php?sid=1522,Coushatta Casino Resort,2026-10-01T17:07:20.980213+00:00
1523,Dragon Link: Happy & Prosper(P)(Md),Aristocrat,Video,$0.05,Medium - Low,2.0,,https://www.coushattacasinoresort.com/slot-map.php?sid=1523,https://www.coushattacasinoresort.com/slot-map.php?sid=1523,Coushatta Casino Resort,2026-10-01T17:07:21.074790+00:00
1524,Dragon Link: Happy & Prosper(P)(Md),Aristocrat,Video,$0.10,Medium - Low,2.0,,https://www.coushattacasinoresort.com/slot-map.php?sid=1524,https://www.coushattacasinoresort.com/slot-map.php?sid=1524,Coushatta Casino Resort,2026-10-01T17:07:21.029355+00:00
1525,Dragon Link: Happy & Prosper(P)(Md),Aristocrat,Video,$1.00,Medium - Low,2.0,,https://www.coushattacasinoresort.com/slot-map.php?sid=1525,https://www.coushattacasinoresort.com/slot-map.php?sid=1525,Coushatta Casino Resort,2026-10-01T17:07:21.049104+00:00
1526,Dragon Link: Happy & Prosper(P)(Md),Aristocrat,Video,$2.00,Medium - Low,2.0,,https://www.coushattacasinoresort.com/slot-map.php?sid=1526,https://www.coushattacasinoresort.com/slot-map.php?sid=1526,Coushatta Casino Resort,2026-10-01T17:07:21.053091+00:00
1497,Dragon Link: Panda Magic (Pr) (Md),Aristocrat,Video,$0.01,Medium - Low,2.0,,https://www.coushattacasinoresort.com/slot-map.php?sid=1497,https://www.coushattacasinoresort.com/slot-map.php?sid=1497,Coushatta Casino Resort,2026-10-01T17:07:20.581295+00:00
1498,Dragon Link: Panda Magic (Pr) (Md),Aristocrat,Video,$0.02,Medium - Low,2.0,,https://www.coushattacasinoresort.com/slot-map.php?sid=1498,https://www.coushattacasinoresort.com/slot-map.php?sid=1498,Coushatta Casino Resort,2026-10-01T17:07:20.595147+00:00
1499,Dragon Link: Panda Magic (Pr) (Md),Aristocrat,Video,$0.05,Medium - Low,2.0,,https://www.coushattacasinoresort.com/slot-map.php?sid=1499,https://www.coushattacasinoresort.com/slot-map.php?sid=1499,Coushatta Casino Resort,2026-10-01T17:07:20.607521+00:00
1500,Dragon Link: Panda Magic (Pr) (Md),Aristocrat,Video,$0.10,Medium - Low,2.0,,https://www.coushattacasinoresort.com/slot-map.php?sid=1500,https://www.coushattacasinoresort.com/slot-map.php?sid=1500,Coushatta Casino Resort,2026-10-01T17:07:20.613406+00:00
1501,Dragon Link: Panda Magic (Pr) (Md),Aristocrat,Video,$1.00,Medium - Low,2.0,,https://www.coushattacasinoresort.com/slot-map.php?sid=1501,https://www.coushattacasinoresort.com/slot-map.php?sid=1501,Coushatta Casino Resort,2026-10-01T17:07:20.632522+00:00
1502,Dragon Link: Panda Magic (Pr) (Md),Aristocrat,Video,$2.00,Medium - Low,2.0,,https://www.coushattacasinoresort.com/slot-map.php?sid=1502,https://www.coushattacasinoresort.com/slot-map.php?sid=1502,Coushatta Casino Resort,2026-10-01T17:07:20.671211+00:00
1597,Dragon Link: Peacock Princess Md Pr,Aristocrat,Video,$0.01,Medium - Low,2.0,,https://www.coushattacasinoresort.com/slot-map.php?sid=1597,https://www.coushattacasinoresort.com/slot-map.php?sid=1597,Coushatta Casino Resort,2026-10-01T17:07:21.308939+00:00
1515,Dragon Link:Peace & Long Life (M P),Aristocrat,Video,$0.01,Medium - Low,2.0,,https://www.coushattacasinoresort.com/slot-map.php?sid=1515,https://www.coushattacasinoresort.com/slot-map.php?sid=1515,Coushatta Casino Resort,2026-10-01T17:07:20.855709+00:00
1516,Dragon Link:Peace & Long Life (M P),Aristocrat,Video,$0.02,Medium - Low,2.0,,https://www.coushattacasinoresort.com/slot-map.php?sid=1516,https://www.coushattacasinoresort.com/slot-map.php?sid=1516,Coushatta Casino Resort,2026-10-01T17:07:20.923384+00:00
1517,Dragon Link:Peace & Long Life (M P),Aristocrat,Video,$0.05,Medium - Low,2.0,,https://www.coushattacasinoresort.com/slot-map.php?sid=1517,https://www.coushattacasinoresort.com/slot-map.php?sid=1517,Coushatta Casino Resort,2026-10-01T17:07:20.933579+00:00
1518,Dragon Link:Peace & Long Life (M P),Aristocrat,Video,$0.10,Medium - Low,2.0,,https://www.coushattacasinoresort.com/slot-map.php?sid=1518,https://www.coushattacasinoresort.com/slot-map.php?sid=1518,Coushatta Casino Resort,2026-10-01T17:07:20.932092+00:00
1519,Dragon Link:Peace & Long Life (M P),Aristocrat,Video,$1.00,Medium - Low,2.0,,https://www.coushattacasinoresort.com/slot-map.php?sid=1519,https://www.coushattacasinoresort.com/slot-map.php?sid=1519,Coushatta Casino Resort,2026-10-01T17:07:20.943678+00:00
1520,Dragon Link:Peace & Long Life (M P),Aristocrat,Video,$2.00,Medium - Low,2.0,,https://www.coushattacasinoresort.com/slot-map.php?sid=1520,https://www.coushattacasinoresort.com/slot-map.php?sid=1520,Coushatta Casino Resort,2026-10-01T17:07:20.947120+00:00
656,Dragon Sphere Free Games{Car}{Md}{P,IGT,Video,$0.01,Medium,3.0,,https://www.coushattacasinoresort.com/slot-map.php?sid=656,https://www.coushattacasinoresort.com/slot-map.php?sid=656,Coushatta Casino Resort,2026-10-01T17:07:09.704665+00:00
657,Dragon Sphere Free Games{Car}{Md}{P,IGT,Video,$0.02,Medium,3.0,,https://www.coushattacasinoresort.com/slot-map.php?sid=657,https://www.coushattacasinoresort.com/slot-map.php?sid=657,Coushatta Casino Resort,2026-10-01T17:07:09.714801+00:00
658,Dragon Sphere Free Games{Car}{Md}{P,IGT,Video,$0.05,Medium,3.0,,https://www.coushattacasinoresort.com/slot-map.php?sid=658,https://www.coushattacasinoresort.com/slot-map.php?sid=658,Coushatta Casino Resort,2026-10-01T17:07:09.701050+00:00
766,Dragon Spin Saga Earth&Air Mc Md Pr,Light & Wonder,Video,$0.01,Medium,3.0,,https://www.coushattacasinoresort.com/slot-map.php?sid=766,https://www.coushattacasinoresort.com/slot-map.php?sid=766,Coushatta Casino Resort,2026-10-01T17:07:11.375455+00:00
765,Dragon Spin Saga Fire & Water (Pr),Light & Wonder,Video,$0.01,Medium,3.0,,https://www.coushattacasinoresort.com/slot-map.php?sid=765,https://www.coushattacasinoresort.com/slot-map.php?sid=765,Coushatta Casino Resort,2026-10-01T17:07:11.327068+00:00
690,Dragon Tower Jackpots: Jade Fury (Progressive),Aristocrat,Video,$0.01,Medium,3.0,,https://www.coushattacasinoresort.com/slot-map.php?sid=690,https://www.coushattacasinoresort.com/slot-map.php?sid=690,Coushatta Casino Resort,2026-10-01T17:07:10.221666+00:00
689,Dragon Tower Jackpots: Purple Storm (Progressive),Aristocrat,Video,$0.01,Medium,3.0,,https://www.coushattacasinoresort.com/slot-map.php?sid=689,https://www.coushattacasinoresort.com/slot-map.php?sid=689,Coushatta Casino Resort,2026-10-01T17:07:10.198706+00:00
1235,Dragon Treasure Pearls,Konami,Video,$0.01,Medium,3.0,,https://www.coushattacasinoresort.com/slot-map.php?sid=1235,https://www.coushattacasinoresort.com/slot-map.php?sid=1235,Coushatta Casino Resort,2026-10-01T17:07:17.088490+00:00
764,Dragon Unleashed:Three Legends Md P,Light & Wonder,Video,$0.01,Medium,3.0,,https://www.coushattacasinoresort.com/slot-map.php?sid=764,https://www.coushattacasinoresort.com/slot-map.php?sid=764,Coushatta Casino Resort,2026-10-01T17:07:11.275030+00:00
1110,Dragon'S Luck (Prog),Everi,Reel,$0.25,Medium,3.0,,https://www.coushattacasinoresort.com/slot-map.php?sid=1110,https://www.coushattacasinoresort.com/slot-map.php?sid=1110,Coushatta Casino Resort,2026-10-01T17:07:15.692701+00:00
2343,Dream Card - Five Play Bonus Poker,IGT,Poker,$0.05,N/A,,,https://www.coushattacasinoresort.com/slot-map.php?sid=2343,https://www.coushattacasinoresort.com/slot-map.php?sid=2343,Coushatta Casino Resort,2026-10-01T17:07:39.519074+00:00
2344,Dream Card - Five Play Bonus Poker,IGT,Poker,$0.10,N/A,,,https://www.coushattacasinoresort.com/slot-map.php?sid=2344,https://www.coushattacasinoresort.com/slot-map.php?sid=2344,Coushatta Casino Resort,2026-10-01T17:07:39.500921+00:00
2345,Dream Card - Five Play Bonus Poker,IGT,Poker,$0.25,N/A,,,https://www.coushattacasinoresort.com/slot-map.php?sid=2345,https://www.coushattacasinoresort.com/slot-map.php?sid=2345,Coushatta Casino Resort,2026-10-01T17:07:39.532125+00:00
2340,Dream Card - Five Play Bonus Poker Deluxe,IGT,Poker,$0.05,N/A,,,https://www.coushattacasinoresort.com/slot-map.php?sid=2340,https://www.coushattacasinoresort.com/slot-map.php?sid=2340,Coushatta Casino Resort,2026-10-01T17:07:39.496667+00:00
2341,Dream Card - Five Play Bonus Poker Deluxe,IGT,Poker,$0.10,N/A,,,https://www.coushattacasinoresort.com/slot-map.php?sid=2341,https://www.coushattacasinoresort.com/slot-map.php?sid=2341,Coushatta Casino Resort,2026-10-01T17:07:39.490312+00:00
2342,Dream Card - Five Play Bonus Poker Deluxe,IGT,Poker,$0.25,N/A,,,https://www.coushattacasinoresort.com/slot-map.php?sid=2342,https://www.coushattacasinoresort.com/slot-map.php?sid=2342,Coushatta Casino Resort,2026-10-01T17:07:39.484374+00:00
2337,Dream Card - Five Play Deuces Wild,IGT,Poker,$0.05,N/A,,,https://www.coushattacasinoresort.com/slot-map.php?sid=2337,https://www.coushattacasinoresort.com/slot-map.php?sid=2337,Coushatta Casino Resort,2026-10-01T17:07:39.257823+00:00
2338,Dream Card - Five Play Deuces Wild,IGT,Poker,$0.10,N/A,,,https://www.coushattacasinoresort.com/slot-map.php?sid=2338,https://www.coushattacasinoresort.com/slot-map.php?sid=2338,Coushatta Casino Resort,2026-10-01T17:07:39.414601+00:00
2339,Dream Card - Five Play Deuces Wild,IGT,Poker,$0.25,N/A,,,https://www.coushattacasinoresort.com/slot-map.php?sid=2339,https://www.coushattacasinoresort.com/slot-map.php?sid=2339,Coushatta Casino Resort,2026-10-01T17:07:39.469166+00:00
2334,Dream Card - Five Play Deuces Wild Bonus,IGT,Poker,$0.05,N/A,,,https://www.coushattacasinoresort.com/slot-map.php?sid=2334,https://www.coushattacasinoresort.com/slot-map.php?sid=2334,Coushatta Casino Resort,2026-10-01T17:07:39.227397+00:00
2335,Dream Card - Five Play Deuces Wild Bonus,IGT,Poker,$0.10,N/A,,,https://www.coushattacasinoresort.com/slot-map.php?sid=2335,https://www.coushattacasinoresort.com/slot-map.php?sid=2335,Coushatta Casino Resort,2026-10-01T17:07:39.296981+00:00
2336,Dream Card - Five Play Deuces Wild Bonus,IGT,Poker,$0.25,N/A,,,https://www.coushattacasinoresort.com/slot-map.php?sid=2336,https://www.coushattacasinoresort.com/slot-map.php?sid=2336,Coushatta Casino Resort,2026-10-01T17:07:39.248596+00:00
2331,Dream Card - Five Play Double Bonus Poker,IGT,Poker,$0.05,N/A,,,https://www.coushattacasinoresort.com/slot-map.php?sid=2331,https://www.coushattacasinoresort.com/slot-map.php?sid=2331,Coushatta Casino Resort,2026-10-01T17:07:39.239704+00:00
2332,Dream Card - Five Play Double Bonus Poker,IGT,Poker,$0.10,N/A,,,https://www.coushattacasinoresort.com/slot-map.php?sid=2332,https://www.coushattacasinoresort.com/slot-map.php?sid=2332,Coushatta Casino Resort,2026-10-01T17:07:39.242108+00:00
2333,Dream Card - Five Play Double Bonus Poker,IGT,Poker,$0.25,N/A,,,https://www.coushattacasinoresort.com/slot-map.php?sid=2333,https://www.coushattacasinoresort.com/slot-map.php?sid=2333,Coushatta Casino Resort,2026-10-01T17:07:39.198073+00:00
2328,Dream Card - Five Play Double Double Bonus Poker,IGT,Poker,$0.05,N/A,,,https://www.coushattacasinoresort.com/slot-map.php?sid=2328,https://www.coushattacasinoresort.com/slot-map.php?sid=2328,Coushatta Casino Resort,2026-10-01T17:07:39.056252+00:00
2329,Dream Card - Five Play Double Double Bonus Poker,IGT,Poker,$0.10,N/A,,,https://www.coushattacasinoresort.com/slot-map.php?sid=2329,https://www.coushattacasinoresort.com/slot-map.php?sid=2329,Coushatta Casino Resort,2026-10-01T17:07:39.046068+00:00
2330,Dream Card - Five Play Double Double Bonus Poker,IGT,Poker,$0.25,N/A,,,https://www.coushattacasinoresort.com/slot-map.php?sid=2330,https://www.coushattacasinoresort.com/slot-map.php?sid=2330,Coushatta Casino Resort,2026-10-01T17:07:39.254483+00:00
2325,Dream Card - Five Play Jacks or Better Poker,IGT,Poker,$0.05,N/A,,,https://www.coushattacasinoresort.com/slot-map.php?sid=2325,https://www.coushattacasinoresort.com/slot-map.php?sid=2325,Coushatta Casino Resort,2026-10-01T17:07:38.991993+00:00
2326,Dream Card - Five Play Jacks or Better Poker,IGT,Poker,$0.10,N/A,,,https://www.coushattacasinoresort.com/slot-map.php?sid=2326,https://www.coushattacasinoresort.com/slot-map.php?sid=2326,Coushatta Casino Resort,2026-10-01T17:07:39.010832+00:00
2327,Dream Card - Five Play Jacks or Better Poker,IGT,Poker,$0.25,N/A,,,https://www.coushattacasinoresort.com/slot-map.php?sid=2327,https://www.coushattacasinoresort.com/slot-map.php?sid=2327,Coushatta Casino Resort,2026-10-01T17:07:39.025049+00:00
2322,Dream Card - Five Play Triple Double Bonus Poker,IGT,Poker,$0.05,N/A,,,https://www.coushattacasinoresort.com/slot-map.php?sid=2322,https://www.coushattacasinoresort.com/slot-map.php?sid=2322,Coushatta Casino Resort,2026-10-01T17:07:38.970762+00:00
2323,Dream Card - Five Play Triple Double Bonus Poker,IGT,Poker,$0.10,N/A,,,https://www.coushattacasinoresort.com/slot-map.php?sid=2323,https://www.coushattacasinoresort.com/slot-map.php?sid=2323,Coushatta Casino Resort,2026-10-01T17:07:38.942233+00:00
2324,Dream Card - Five Play Triple Double Bonus Poker,IGT,Poker,$0.25,N/A,,,https://www.coushattacasinoresort.com/slot-map.php?sid=2324,https://www.coushattacasinoresort.com/slot-map.php?sid=2324,Coushatta Casino Resort,2026-10-01T17:07:38.964919+00:00
2319,Dream Card - Ten Play Bonus Poker,IGT,Poker,$0.05,N/A,,,https://www.coushattacasinoresort.com/slot-map.php?sid=2319,https://www.coushattacasinoresort.com/slot-map.php?sid=2319,Coushatta Casino Resort,2026-10-01T17:07:38.787939+00:00
2320,Dream Card - Ten Play Bonus Poker,IGT,Poker,$0.10,N/A,,,https://www.coushattacasinoresort.com/slot-map.php?sid=2320,https://www.coushattacasinoresort.com/slot-map.php?sid=2320,Coushatta Casino Resort,2026-10-01T17:07:38.815843+00:00
2321,Dream Card - Ten Play Bonus Poker,IGT,Poker,$0.25,N/A,,,https://www.coushattacasinoresort.com/slot-map.php?sid=2321,https://www.coushattacasinoresort.com/slot-map.php?sid=2321,Coushatta Casino Resort,2026-10-01T17:07:38.831465+00:00
2316,Dream Card - Ten Play Bonus Poker Deluxe,IGT,Poker,$0.05,N/A,,,https://www.coushattacasinoresort.com/slot-map.php?sid=2316,https://www.coushattacasinoresort.com/slot-map.php?sid=2316,Coushatta Casino Resort,2026-10-01T17:07:38.713468+00:00
2317,Dream Card - Ten Play Bonus Poker Deluxe,IGT,Poker,$0.10,N/A,,,https://www.coushattacasinoresort.com/slot-map.php?sid=2317,https://www.coushattacasinoresort.com/slot-map.php?sid=2317,Coushatta Casino Resort,2026-10-01T17:07:38.733832+00:00
2318,Dream Card - Ten Play Bonus Poker Deluxe,IGT,Poker,$0.25,N/A,,,https://www.coushattacasinoresort.com/slot-map.php?sid=2318,https://www.coushattacasinoresort.com/slot-map.php?sid=2318,Coushatta Casino Resort,2026-10-01T17:07:38.795668+00:00
2313,Dream Card - Ten Play Deuces Wild,IGT,Poker,$0.05,N/A,,,https://www.coushattacasinoresort.com/slot-map.php?sid=2313,https://www.coushattacasinoresort.com/slot-map.php?sid=2313,Coushatta Casino Resort,2026-10-01T17:07:38.573353+00:00
2314,Dream Card - Ten Play Deuces Wild,IGT,Poker,$0.10,N/A,,,https://www.coushattacasinoresort.com/slot-map.php?sid=2314,https://www.coushattacasinoresort.com/slot-map.php?sid=2314,Coushatta Casino Resort,2026-10-01T17:07:38.663906+00:00
2315,Dream Card - Ten Play Deuces Wild,IGT,Poker,$0.25,N/A,,,https://www.coushattacasinoresort.com/slot-map.php?sid=2315,https://www.coushattacasinoresort.com/slot-map.php?sid=2315,Coushatta Casino Resort,2026-10-01T17:07:38.716195+00:00
2310,Dream Card - Ten Play Deuces Wild Bonus,IGT,Poker,$0.05,N/A,,,https://www.coushattacasinoresort.com/slot-map.php?sid=2310,https://www.coushattacasinoresort.com/slot-map.php?sid=2310,Coushatta Casino Resort,2026-10-01T17:07:38.488697+00:00
2311,Dream Card - Ten Play Deuces Wild Bonus,IGT,Poker,$0.10,N/A,,,https://www.coushattacasinoresort.com/slot-map.php?sid=2311,https://www.coushattacasinoresort.com/slot-map.php?sid=2311,Coushatta Casino Resort,2026-10-01T17:07:38.544112+00:00
2312,Dream Card - Ten Play Deuces Wild Bonus,IGT,Poker,$0.25,N/A,,,https://www.coushattacasinoresort.com/slot-map.php?sid=2312,https://www.coushattacasinoresort.com/slot-map.php?sid=2312,Coushatta Casino Resort,2026-10-01T17:07:38.577163+00:00
2307,Dream Card - Ten Play Double Bonus Poker,IGT,Poker,$0.05,N/A,,,https://www.coushattacasinoresort.com/slot-map.php?sid=2307,https://www.coushattacasinoresort.com/slot-map.php?sid=2307,Coushatta Casino Resort,2026-10-01T17:07:38.397699+00:00
2308,Dream Card - Ten Play Double Bonus Poker,IGT,Poker,$0.10,N/A,,,https://www.coushattacasinoresort.com/slot-map.php?sid=2308,https://www.coushattacasinoresort.com/slot-map.php?sid=2308,Coushatta Casino Resort,2026-10-01T17:07:38.613152+00:00
2309,Dream Card - Ten Play Double Bonus Poker,IGT,Poker,$0.25,N/A,,,https://www.coushattacasinoresort.com/slot-map.php?sid=2309,https://www.coushattacasinoresort.com/slot-map.php?sid=2309,Coushatta Casino Resort,2026-10-01T17:07:38.492439+00:00
2304,Dream Card - Ten Play Double Double Bonus Poker,IGT,Poker,$0.05,N/A,,,https://www.coushattacasinoresort.com/slot-map.php?sid=2304,https://www.coushattacasinoresort.com/slot-map.php?sid=2304,Coushatta Casino Resort,2026-10-01T17:07:38.513680+00:00
2305,Dream Card - Ten Play Double Double Bonus Poker,IGT,Poker,$0.10,N/A,,,https://www.coushattacasinoresort.com/slot-map.php?sid=2305,https://www.coushattacasinoresort.com/slot-map.php?sid=2305,Coushatta Casino Resort,2026-10-01T17:07:38.354527+00:00
2306,Dream Card - Ten Play Double Double Bonus Poker,IGT,Poker,$0.25,N/A,,,https://www.coushattacasinoresort.com/slot-map.php?sid=2306,https://www.coushattacasinoresort.com/slot-map.php?sid=2306,Coushatta Casino Resort,2026-10-01T17:07:38.358712+00:00
2301,Dream Card - Ten Play Jacks or Better Poker,IGT,Poker,$0.05,N/A,,,https://www.coushattacasinoresort.com/slot-map.php?sid=2301,https://www.coushattacasinoresort.com/slot-map.php?sid=2301,Coushatta Casino Resort,2026-10-01T17:07:38.281046+00:00
2302,Dream Card - Ten Play Jacks or Better Poker,IGT,Poker,$0.10,N/A,,,https://www.coushattacasinoresort.com/slot-map.php?sid=2302,https://www.coushattacasinoresort.com/slot-map.php?sid=2302,Coushatta Casino Resort,2026-10-01T17:07:38.288501+00:00
2303,Dream Card - Ten Play Jacks or Better Poker,IGT,Poker,$0.25,N/A,,,https://www.coushattacasinoresort.com/slot-map.php?sid=2303,https://www.coushattacasinoresort.com/slot-map.php?sid=2303,Coushatta Casino Resort,2026-10-01T17:07:38.330528+00:00
2298,Dream Card - Ten Play Triple Double Bonus Poker,IGT,Poker,$0.05,N/A,,,https://www.coushattacasinoresort.com/slot-map.php?sid=2298,https://www.coushattacasinoresort.com/slot-map.php?sid=2298,Coushatta Casino Resort,2026-10-01T17:07:38.189341+00:00
2299,Dream Card - Ten Play Triple Double Bonus Poker,IGT,Poker,$0.10,N/A,,,https://www.coushattacasinoresort.com/slot-map.php?sid=2299,https://www.coushattacasinoresort.com/slot-map.php?sid=2299,Coushatta Casino Resort,2026-10-01T17:07:38.126317+00:00
2300,Dream Card - Ten Play Triple Double Bonus Poker,IGT,Poker,$0.25,N/A,,,https://www.coushattacasinoresort.com/slot-map.php?sid=2300,https://www.coushattacasinoresort.com/slot-map.php?sid=2300,Coushatta Casino Resort,2026-10-01T17:07:38.171742+00:00
2295,Dream Card - Triple Play Bonus Poker,IGT,Poker,$0.05,N/A,,,https://www.coushattacasinoresort.com/slot-map.php?sid=2295,https://www.coushattacasinoresort.com/slot-map.php?sid=2295,Coushatta Casino Resort,2026-10-01T17:07:38.118423+00:00
2296,Dream Card - Triple Play Bonus Poker,IGT,Poker,$0.10,N/A,,,https://www.coushattacasinoresort.com/slot-map.php?sid=2296,https://www.coushattacasinoresort.com/slot-map.php?sid=2296,Coushatta Casino Resort,2026-10-01T17:07:38.091256+00:00
2297,Dream Card - Triple Play Bonus Poker,IGT,Poker,$1.00,N/A,,,https://www.coushattacasinoresort.com/slot-map.php?sid=2297,https://www.coushattacasinoresort.com/slot-map.php?sid=2297,Coushatta Casino Resort,2026-10-01T17:07:38.082384+00:00
2292,Dream Card - Triple Play Bonus Poker Deluxe,IGT,Poker,$0.05,N/A,,,https://www.coushattacasinoresort.com/slot-map.php?sid=2292,https://www.coushattacasinoresort.com/slot-map.php?sid=2292,Coushatta Casino Resort,2026-10-01T17:07:37.963588+00:00
2293,Dream Card - Triple Play Bonus Poker Deluxe,IGT,Poker,$0.10,N/A,,,https://www.coushattacasinoresort.com/slot-map.php?sid=2293,https://www.coushattacasinoresort.com/slot-map.php?sid=2293,Coushatta Casino Resort,2026-10-01T17:07:38.049934+00:00
2294,Dream Card - Triple Play Bonus Poker Deluxe,IGT,Poker,$1.00,N/A,,,https://www.coushattacasinoresort.com/slot-map.php?sid=2294,https://www.coushattacasinoresort.com/slot-map.php?sid=2294,Coushatta Casino Resort,2026-10-01T17:07:38.133488+00:00
2289,Dream Card - Triple Play Deuces Wild,IGT,Poker,$0.05,N/A,,,https://www.coushattacasinoresort.com/slot-map.php?sid=2289,https://www.coushattacasinoresort.com/slot-map.php?sid=2289,Coushatta Casino Resort,2026-10-01T17:07:37.863954+00:00
2290,Dream Card - Triple Play Deuces Wild,IGT,Poker,$0.10,N/A,,,https://www.coushattacasinoresort.com/slot-map.php?sid=2290,https://www.coushattacasinoresort.com/slot-map.php?sid=2290,Coushatta Casino Resort,2026-10-01T17:07:37.886432+00:00
2291,Dream Card - Triple Play Deuces Wild,IGT,Poker,$1.00,N/A,,,https://www.coushattacasinoresort.com/slot-map.php?sid=2291,https://www.coushattacasinoresort.com/slot-map.php?sid=2291,Coushatta Casino Resort,2026-10-01T17:07:37.914087+00:00
2286,Dream Card - Triple Play Deuces Wild Bonus,IGT,Poker,$0.05,N/A,,,https://www.coushattacasinoresort.com/slot-map.php?sid=2286,https://www.coushattacasinoresort.com/slot-map.php?sid=2286,Coushatta Casino Resort,2026-10-01T17:07:37.867476+00:00
2287,Dream Card - Triple Play Deuces Wild Bonus,IGT,Poker,$0.10,N/A,,,https://www.coushattacasinoresort.com/slot-map.php?sid=2287,https://www.coushattacasinoresort.com/slot-map.php?sid=2287,Coushatta Casino Resort,2026-10-01T17:07:37.851256+00:00
2288,Dream Card - Triple Play Deuces Wild Bonus,IGT,Poker,$1.00,N/A,,,https://www.coushattacasinoresort.com/slot-map.php?sid=2288,https://www.coushattacasinoresort.com/slot-map.php?sid=2288,Coushatta Casino Resort,2026-10-01T17:07:37.855450+00:00
2283,Dream Card - Triple Play Double Bonus Poker,IGT,Poker,$0.05,N/A,,,https://www.coushattacasinoresort.com/slot-map.php?sid=2283,https://www.coushattacasinoresort.com/slot-map.php?sid=2283,Coushatta Casino Resort,2026-10-01T17:07:37.710684+00:00
2284,Dream Card - Triple Play Double Bonus Poker,IGT,Poker,$0.10,N/A,,,https://www.coushattacasinoresort.com/slot-map.php?sid=2284,https://www.coushattacasinoresort.com/slot-map.php?sid=2284,Coushatta Casino Resort,2026-10-01T17:07:37.733300+00:00
2285,Dream Card - Triple Play Double Bonus Poker,IGT,Poker,$1.00,N/A,,,https://www.coushattacasinoresort.com/slot-map.php?sid=2285,https://www.coushattacasinoresort.com/slot-map.php?sid=2285,Coushatta Casino Resort,2026-10-01T17:07:37.745024+00:00
2280,Dream Card - Triple Play Double Double Bonus Poker,IGT,Poker,$0.05,N/A,,,https://www.coushattacasinoresort.com/slot-map.php?sid=2280,https://www.coushattacasinoresort.com/slot-map.php?sid=2280,Coushatta Casino Resort,2026-10-01T17:07:37.622072+00:00
2281,Dream Card - Triple Play Double Double Bonus Poker,IGT,Poker,$0.10,N/A,,,https://www.coushattacasinoresort.com/slot-map.php?sid=2281,https://www.coushattacasinoresort.com/slot-map.php?sid=2281,Coushatta Casino Resort,2026-10-01T17:07:37.662720+00:00
2282,Dream Card - Triple Play Double Double Bonus Poker,IGT,Poker,$1.00,N/A,,,https://www.coushattacasinoresort.com/slot-map.php?sid=2282,https://www.coushattacasinoresort.com/slot-map.php?sid=2282,Coushatta Casino Resort,2026-10-01T17:07:37.679960+00:00
2277,Dream Card - Triple Play Jacks or Better Poker,IGT,Poker,$0.05,N/A,,,https://www.coushattacasinoresort.com/slot-map.php?sid=2277,https://www.coushattacasinoresort.com/slot-map.php?sid=2277,Coushatta Casino Resort,2026-10-01T17:07:37.536653+00:00
2278,Dream Card - Triple Play Jacks or Better Poker,IGT,Poker,$0.10,N/A,,,https://www.coushattacasinoresort.com/slot-map.php?sid=2278,https://www.coushattacasinoresort.com/slot-map.php?sid=2278,Coushatta Casino Resort,2026-10-01T17:07:37.616006+00:00
2279,Dream Card - Triple Play Jacks or Better Poker,IGT,Poker,$1.00,N/A,,,https://www.coushattacasinoresort.com/slot-map.php?sid=2279,https://www.coushattacasinoresort.com/slot-map.php?sid=2279,Coushatta Casino Resort,2026-10-01T17:07:37.626981+00:00
2274,Dream Card - Triple Play Triple Double Bonus Poker,IGT,Poker,$0.05,N/A,,,https://www.coushattacasinoresort.com/slot-map.php?sid=2274,https://www.coushattacasinoresort.com/slot-map.php?sid=2274,Coushatta Casino Resort,2026-10-01T17:07:37.449952+00:00
2275,Dream Card - Triple Play Triple Double Bonus Poker,IGT,Poker,$0.10,N/A,,,https://www.coushattacasinoresort.com/slot-map.php?sid=2275,https://www.coushattacasinoresort.com/slot-map.php?sid=2275,Coushatta Casino Resort,2026-10-01T17:07:37.463097+00:00
2276,Dream Card - Triple Play Triple Double Bonus Poker,IGT,Poker,$1.00,N/A,,,https://www.coushattacasinoresort.com/slot-map.php?sid=2276,https://www.coushattacasinoresort.com/slot-map.php?sid=2276,Coushatta Casino Resort,2026-10-01T17:07:37.490932+00:00
627,Duck Stamps,IGT,Video,$0.01,Medium,3.0,,https://www.coushattacasinoresort.com/slot-map.php?sid=627,https://www.coushattacasinoresort.com/slot-map.php?sid=627,Coushatta Casino Resort,2026-10-01T17:07:09.338721+00:00
628,Duck Stamps,IGT,Video,$0.02,Medium,3.0,,https://www.coushattacasinoresort.com/slot-map.php?sid=628,https://www.coushattacasinoresort.com/slot-map.php?sid=628,Coushatta Casino Resort,2026-10-01T17:07:09.335127+00:00
411,Duo Fu Duo Cai Grand Dragons Md Pr,Light & Wonder,Video,$0.01,High,4.0,,https://www.coushattacasinoresort.com/slot-map.php?sid=411,https://www.coushattacasinoresort.com/slot-map.php?sid=411,Coushatta Casino Resort,2026-10-01T17:07:06.395004+00:00
412,Duo Fu Duo Cai Grand Ingotcha Md Pr,Light & Wonder,Video,$0.01,High,4.0,,https://www.coushattacasinoresort.com/slot-map.php?sid=412,https://www.coushattacasinoresort.com/slot-map.php?sid=412,Coushatta Casino Resort,2026-10-01T17:07:06.389626+00:00
792,Dynasty Frenzy (Mc) (Md) (Prog),IGT,Video,$0.01,Medium,3.0,,https://www.coushattacasinoresort.com/slot-map.php?sid=792,https://www.coushattacasinoresort.com/slot-map.php?sid=792,Coushatta Casino Resort,2026-10-01T17:07:11.707580+00:00
793,Dynasty Frenzy (Mc) (Md) (Prog),IGT,Video,$0.02,Medium,3.0,,https://www.coushattacasinoresort.com/slot-map.php?sid=793,https://www.coushattacasinoresort.com/slot-map.php?sid=793,Coushatta Casino Resort,2026-10-01T17:07:11.744325+00:00
799,Dynasty Frenzy (Mc) (Md) (Prog),AGS,Video,$0.01,Medium,3.0,,https://www.coushattacasinoresort.com/slot-map.php?sid=799,https://www.coushattacasinoresort.com/slot-map.php?sid=799,Coushatta Casino Resort,2026-10-01T17:07:11.820320+00:00
4050,Easy Craps With Lucky Roller,INTERBLOCK,Video,$1.00,N/A,,,https://www.coushattacasinoresort.com/slot-map.php?sid=4050,https://www.coushattacasinoresort.com/slot-map.php?sid=4050,Coushatta Casino Resort,2026-10-01T17:08:02.685528+00:00
937,Easy Riches (Prog),Everi,Reel,$1.00,Medium,3.0,,https://www.coushattacasinoresort.com/slot-map.php?sid=937,https://www.coushattacasinoresort.com/slot-map.php?sid=937,Coushatta Casino Resort,2026-10-01T17:07:13.729948+00:00
1013,Easy Riches (Prog),Everi,Reel,$0.02,Medium,3.0,,https://www.coushattacasinoresort.com/slot-map.php?sid=1013,https://www.coushattacasinoresort.com/slot-map.php?sid=1013,Coushatta Casino Resort,2026-10-01T17:07:14.729575+00:00
2640,Egyptian Link:Amasis Treasures (P),IGT,Video,$0.01,N/A,,,https://www.coushattacasinoresort.com/slot-map.php?sid=2640,https://www.coushattacasinoresort.com/slot-map.php?sid=2640,Coushatta Casino Resort,2026-10-01T17:07:46.213491+00:00
198,Eight Claws (Md) (P),Aristocrat,Video,$0.01,High,4.0,,https://www.coushattacasinoresort.com/slot-map.php?sid=198,https://www.coushattacasinoresort.com/slot-map.php?sid=198,Coushatta Casino Resort,2026-10-01T17:07:04.140832+00:00
199,Eight Stripes (Md) (P),Aristocrat,Video,$0.01,High,4.0,,https://www.coushattacasinoresort.com/slot-map.php?sid=199,https://www.coushattacasinoresort.com/slot-map.php?sid=199,Coushatta Casino Resort,2026-10-01T17:07:04.150240+00:00
1224,El Super Caliente (Mc) (Md) (Prog),Bluberi,Video,$0.01,Medium,3.0,,https://www.coushattacasinoresort.com/slot-map.php?sid=1224,https://www.coushattacasinoresort.com/slot-map.php?sid=1224,Coushatta Casino Resort,2026-10-01T17:07:16.905635+00:00
1426,El Super Caliente (Mc) (Md) (Prog),Bluberi,Video,$0.01,Medium - High,3.0,,https://www.coushattacasinoresort.com/slot-map.php?sid=1426,https://www.coushattacasinoresort.com/slot-map.php?sid=1426,Coushatta Casino Resort,2026-10-01T17:07:19.792404+00:00
1427,El Super Caliente (Mc) (Md) (Prog),Bluberi,Video,$0.02,Medium - High,3.0,,https://www.coushattacasinoresort.com/slot-map.php?sid=1427,https://www.coushattacasinoresort.com/slot-map.php?sid=1427,Coushatta Casino Resort,2026-10-01T17:07:19.804102+00:00
1428,El Super Caliente (Mc) (Md) (Prog),Bluberi,Video,$0.05,Medium - High,3.0,,https://www.coushattacasinoresort.com/slot-map.php?sid=1428,https://www.coushattacasinoresort.com/slot-map.php?sid=1428,Coushatta Casino Resort,2026-10-01T17:07:19.807149+00:00
1429,El Super Caliente (Mc) (Md) (Prog),Bluberi,Video,$0.10,Medium - High,3.0,,https://www.coushattacasinoresort.com/slot-map.php?sid=1429,https://www.coushattacasinoresort.com/slot-map.php?sid=1429,Coushatta Casino Resort,2026-10-01T17:07:19.811357+00:00
1014,Elemental Spirit-Gold Mc Md Prog,Light & Wonder,Video,$0.05,Medium,3.0,,https://www.coushattacasinoresort.com/slot-map.php?sid=1014,https://www.coushattacasinoresort.com/slot-map.php?sid=1014,Coushatta Casino Resort,2026-10-01T17:07:14.750764+00:00
1015,Elemental Spirit-Gold Mc Md Prog,Light & Wonder,Video,$0.10,Medium,3.0,,https://www.coushattacasinoresort.com/slot-map.php?sid=1015,https://www.coushattacasinoresort.com/slot-map.php?sid=1015,Coushatta Casino Resort,2026-10-01T17:07:14.786404+00:00
1016,Elemental Spirit-Gold Mc Md Prog,Light & Wonder,Video,$0.25,Medium,3.0,,https://www.coushattacasinoresort.com/slot-map.php?sid=1016,https://www.coushattacasinoresort.com/slot-map.php?sid=1016,Coushatta Casino Resort,2026-10-01T17:07:14.764905+00:00
1017,Elemental Spirit-Gold Mc Md Prog,Light & Wonder,Video,$1.00,Medium,3.0,,https://www.coushattacasinoresort.com/slot-map.php?sid=1017,https://www.coushattacasinoresort.com/slot-map.php?sid=1017,Coushatta Casino Resort,2026-10-01T17:07:14.781158+00:00
1018,Elemental Spirit-Gold Mc Md Prog,Light & Wonder,Video,$2.00,Medium,3.0,,https://www.coushattacasinoresort.com/slot-map.php?sid=1018,https://www.coushattacasinoresort.com/slot-map.php?sid=1018,Coushatta Casino Resort,2026-10-01T17:07:14.819614+00:00
1019,Elemental Spirit-Jade Mc Md Prog,Light & Wonder,Video,$0.01,Medium,3.0,,https://www.coushattacasinoresort.com/slot-map.php?sid=1019,https://www.coushattacasinoresort.com/slot-map.php?sid=1019,Coushatta Casino Resort,2026-10-01T17:07:14.824118+00:00
1020,Elemental Spirit-Jade Mc Md Prog,Light & Wonder,Video,$0.02,Medium,3.0,,https://www.coushattacasinoresort.com/slot-map.php?sid=1020,https://www.coushattacasinoresort.com/slot-map.php?sid=1020,Coushatta Casino Resort,2026-10-01T17:07:14.852093+00:00
1021,Elemental Spirit-Jade Mc Md Prog,Light & Wonder,Video,$0.05,Medium,3.0,,https://www.coushattacasinoresort.com/slot-map.php?sid=1021,https://www.coushattacasinoresort.com/slot-map.php?sid=1021,Coushatta Casino Resort,2026-10-01T17:07:14.859870+00:00
1022,Elemental Spirit-Jade Mc Md Prog,Light & Wonder,Video,$0.10,Medium,3.0,,https://www.coushattacasinoresort.com/slot-map.php?sid=1022,https://www.coushattacasinoresort.com/slot-map.php?sid=1022,Coushatta Casino Resort,2026-10-01T17:07:14.856453+00:00
1023,Elemental Spirit-Jade Mc Md Prog,Light & Wonder,Video,$1.00,Medium,3.0,,https://www.coushattacasinoresort.com/slot-map.php?sid=1023,https://www.coushattacasinoresort.com/slot-map.php?sid=1023,Coushatta Casino Resort,2026-10-01T17:07:14.864862+00:00
1024,Elemental Spirit-Jade Mc Md Prog,Light & Wonder,Video,$2.00,Medium,3.0,,https://www.coushattacasinoresort.com/slot-map.php?sid=1024,https://www.coushattacasinoresort.com/slot-map.php?sid=1024,Coushatta Casino Resort,2026-10-01T17:07:14.887754+00:00
705,Endless Fortune (Mc) (Md) (Prog),Aristocrat,Video,$0.01,Medium,3.0,,https://www.coushattacasinoresort.com/slot-map.php?sid=705,https://www.coushattacasinoresort.com/slot-map.php?sid=705,Coushatta Casino Resort,2026-10-01T17:07:10.382000+00:00
991,Everlasting Turtle (Mc) (Md) (Prog),IGT,Video,$0.01,Medium,3.0,,https://www.coushattacasinoresort.com/slot-map.php?sid=991,https://www.coushattacasinoresort.com/slot-map.php?sid=991,Coushatta Casino Resort,2026-10-01T17:07:14.463171+00:00
881,Extra Draw Keno,IGT Poker,Poker,$0.25,Medium,3.0,,https://www.coushattacasinoresort.com/slot-map.php?sid=881,https://www.coushattacasinoresort.com/slot-map.php?sid=881,Coushatta Casino Resort,2026-10-01T17:07:12.981804+00:00
882,Extra Draw Keno,IGT Poker,Poker,$0.50,Medium,3.0,,https://www.coushattacasinoresort.com/slot-map.php?sid=882,https://www.coushattacasinoresort.com/slot-map.php?sid=882,Coushatta Casino Resort,2026-10-01T17:07:12.986403+00:00
883,Extra Draw Keno,IGT Poker,Poker,$1.00,Medium,3.0,,https://www.coushattacasinoresort.com/slot-map.php?sid=883,https://www.coushattacasinoresort.com/slot-map.php?sid=883,Coushatta Casino Resort,2026-10-01T17:07:13.053881+00:00
884,Extra Draw Keno,IGT Poker,Poker,$2.00,Medium,3.0,,https://www.coushattacasinoresort.com/slot-map.php?sid=884,https://www.coushattacasinoresort.com/slot-map.php?sid=884,Coushatta Casino Resort,2026-10-01T17:07:13.050749+00:00
961,Extra Draw Keno,IGT Poker,Poker,$0.10,Medium,3.0,,https://www.coushattacasinoresort.com/slot-map.php?sid=961,https://www.coushattacasinoresort.com/slot-map.php?sid=961,Coushatta Casino Resort,2026-10-01T17:07:14.048714+00:00
997,Fa Ca Trio Md Prog,AGS,Video,$0.01,Medium,3.0,,https://www.coushattacasinoresort.com/slot-map.php?sid=997,https://www.coushattacasinoresort.com/slot-map.php?sid=997,Coushatta Casino Resort,2026-10-01T17:07:14.515712+00:00
592,Fa Cai Fire (Mc) (Md) (Prog),Ainsworth,Video,$0.01,Medium,3.0,,https://www.coushattacasinoresort.com/slot-map.php?sid=592,https://www.coushattacasinoresort.com/slot-map.php?sid=592,Coushatta Casino Resort,2026-10-01T17:07:08.782887+00:00
591,Fa Cai Lightning (Mc) (Md) (Prog),Ainsworth,Video,$0.01,Medium,3.0,,https://www.coushattacasinoresort.com/slot-map.php?sid=591,https://www.coushattacasinoresort.com/slot-map.php?sid=591,Coushatta Casino Resort,2026-10-01T17:07:08.758750+00:00
3231,Fast Fours: Bonus Poker,IGT Poker,Poker,$0.10,N/A,,,https://www.coushattacasinoresort.com/slot-map.php?sid=3231,https://www.coushattacasinoresort.com/slot-map.php?sid=3231,Coushatta Casino Resort,2026-10-01T17:07:59.699754+00:00
3232,Fast Fours: Bonus Poker,IGT Poker,Poker,$0.25,N/A,,,https://www.coushattacasinoresort.com/slot-map.php?sid=3232,https://www.coushattacasinoresort.com/slot-map.php?sid=3232,Coushatta Casino Resort,2026-10-01T17:07:59.669504+00:00
3233,Fast Fours: Bonus Poker,IGT Poker,Poker,$0.50,N/A,,,https://www.coushattacasinoresort.com/slot-map.php?sid=3233,https://www.coushattacasinoresort.com/slot-map.php?sid=3233,Coushatta Casino Resort,2026-10-01T17:07:59.697252+00:00
3234,Fast Fours: Bonus Poker,IGT Poker,Poker,$1.00,N/A,,,https://www.coushattacasinoresort.com/slot-map.php?sid=3234,https://www.coushattacasinoresort.com/slot-map.php?sid=3234,Coushatta Casino Resort,2026-10-01T17:07:59.739746+00:00
3227,Fast Fours: Double Double Bonus,IGT Poker,Poker,$0.10,N/A,,,https://www.coushattacasinoresort.com/slot-map.php?sid=3227,https://www.coushattacasinoresort.com/slot-map.php?sid=3227,Coushatta Casino Resort,2026-10-01T17:07:59.634087+00:00
3228,Fast Fours: Double Double Bonus,IGT Poker,Poker,$0.25,N/A,,,https://www.coushattacasinoresort.com/slot-map.php?sid=3228,https://www.coushattacasinoresort.com/slot-map.php?sid=3228,Coushatta Casino Resort,2026-10-01T17:07:59.666343+00:00
3229,Fast Fours: Double Double Bonus,IGT Poker,Poker,$0.50,N/A,,,https://www.coushattacasinoresort.com/slot-map.php?sid=3229,https://www.coushattacasinoresort.com/slot-map.php?sid=3229,Coushatta Casino Resort,2026-10-01T17:07:59.657412+00:00
3230,Fast Fours: Double Double Bonus,IGT Poker,Poker,$1.00,N/A,,,https://www.coushattacasinoresort.com/slot-map.php?sid=3230,https://www.coushattacasinoresort.com/slot-map.php?sid=3230,Coushatta Casino Resort,2026-10-01T17:07:59.687555+00:00
3969,Fast Fours: Double Double Bonus Poker,IGT Poker,Poker,$0.10,N/A,,,https://www.coushattacasinoresort.com/slot-map.php?sid=3969,https://www.coushattacasinoresort.com/slot-map.php?sid=3969,Coushatta Casino Resort,2026-10-01T17:08:01.143771+00:00
3970,Fast Fours: Double Double Bonus Poker,IGT Poker,Poker,$0.25,N/A,,,https://www.coushattacasinoresort.com/slot-map.php?sid=3970,https://www.coushattacasinoresort.com/slot-map.php?sid=3970,Coushatta Casino Resort,2026-10-01T17:08:01.120436+00:00
3971,Fast Fours: Double Double Bonus Poker,IGT Poker,Poker,$0.50,N/A,,,https://www.coushattacasinoresort.com/slot-map.php?sid=3971,https://www.coushattacasinoresort.com/slot-map.php?sid=3971,Coushatta Casino Resort,2026-10-01T17:08:01.249853+00:00
3972,Fast Fours: Double Double Bonus Poker,IGT Poker,Poker,$1.00,N/A,,,https://www.coushattacasinoresort.com/slot-map.php?sid=3972,https://www.coushattacasinoresort.com/slot-map.php?sid=3972,Coushatta Casino Resort,2026-10-01T17:08:01.149309+00:00
1405,Fire Idol,Aristocrat,Video,$0.01,Medium - High,3.0,,https://www.coushattacasinoresort.com/slot-map.php?sid=1405,https://www.coushattacasinoresort.com/slot-map.php?sid=1405,Coushatta Casino Resort,2026-10-01T17:07:19.593189+00:00
1412,Fire Idol,Aristocrat,Video,$0.02,Medium - High,3.0,,https://www.coushattacasinoresort.com/slot-map.php?sid=1412,https://www.coushattacasinoresort.com/slot-map.php?sid=1412,Coushatta Casino Resort,2026-10-01T17:07:19.518783+00:00
1414,Fire Idol,Aristocrat,Video,$0.05,Medium - High,3.0,,https://www.coushattacasinoresort.com/slot-map.php?sid=1414,https://www.coushattacasinoresort.com/slot-map.php?sid=1414,Coushatta Casino Resort,2026-10-01T17:07:19.588842+00:00
1416,Fire Idol,Aristocrat,Video,$0.10,Medium - High,3.0,,https://www.coushattacasinoresort.com/slot-map.php?sid=1416,https://www.coushattacasinoresort.com/slot-map.php?sid=1416,Coushatta Casino Resort,2026-10-01T17:07:19.681378+00:00
747,Fire Light Eruption (Prog),Aristocrat,Video,$0.01,Medium,3.0,,https://www.coushattacasinoresort.com/slot-map.php?sid=747,https://www.coushattacasinoresort.com/slot-map.php?sid=747,Coushatta Casino Resort,2026-10-01T17:07:11.012938+00:00
1723,Fire Opals,IGT,Video,$0.01,N/A,,,https://www.coushattacasinoresort.com/slot-map.php?sid=1723,https://www.coushattacasinoresort.com/slot-map.php?sid=1723,Coushatta Casino Resort,2026-10-01T17:07:22.897676+00:00
1320,Firecracker Expres Purple Empire Pr,Aristocrat,Video,$0.01,Medium - High,3.0,,https://www.coushattacasinoresort.com/slot-map.php?sid=1320,https://www.coushattacasinoresort.com/slot-map.php?sid=1320,Coushatta Casino Resort,2026-10-01T17:07:18.216269+00:00
1321,Firecracker Expres Purple Empire Pr,Aristocrat,Video,$0.02,Medium - High,3.0,,https://www.coushattacasinoresort.com/slot-map.php?sid=1321,https://www.coushattacasinoresort.com/slot-map.php?sid=1321,Coushatta Casino Resort,2026-10-01T17:07:18.278747+00:00
1322,Firecracker Expres Purple Empire Pr,Aristocrat,Video,$0.05,Medium - High,3.0,,https://www.coushattacasinoresort.com/slot-map.php?sid=1322,https://www.coushattacasinoresort.com/slot-map.php?sid=1322,Coushatta Casino Resort,2026-10-01T17:07:18.294554+00:00
1323,Firecracker Expres Red Empire Md Pr,Aristocrat,Video,$0.01,Medium - High,3.0,,https://www.coushattacasinoresort.com/slot-map.php?sid=1323,https://www.coushattacasinoresort.com/slot-map.php?sid=1323,Coushatta Casino Resort,2026-10-01T17:07:18.290873+00:00
1324,Firecracker Expres Red Empire Md Pr,Aristocrat,Video,$0.02,Medium - High,3.0,,https://www.coushattacasinoresort.com/slot-map.php?sid=1324,https://www.coushattacasinoresort.com/slot-map.php?sid=1324,Coushatta Casino Resort,2026-10-01T17:07:18.298017+00:00
1325,Firecracker Expres Red Empire Md Pr,Aristocrat,Video,$0.05,Medium - High,3.0,,https://www.coushattacasinoresort.com/slot-map.php?sid=1325,https://www.coushattacasinoresort.com/slot-map.php?sid=1325,Coushatta Casino Resort,2026-10-01T17:07:18.334952+00:00
1080,Firecracker Fortune Northern Star P,Aristocrat,Video,$0.01,Medium,3.0,,https://www.coushattacasinoresort.com/slot-map.php?sid=1080,https://www.coushattacasinoresort.com/slot-map.php?sid=1080,Coushatta Casino Resort,2026-10-01T17:07:15.475768+00:00
1079,Firecracker Fortune West Horizon Pr,Aristocrat,Video,$0.01,Medium,3.0,,https://www.coushattacasinoresort.com/slot-map.php?sid=1079,https://www.coushattacasinoresort.com/slot-map.php?sid=1079,Coushatta Casino Resort,2026-10-01T17:07:15.481231+00:00
1195,Five Fortunes Emperor Mc Md (Prog),Ainsworth,Video,$0.01,Medium,3.0,,https://www.coushattacasinoresort.com/slot-map.php?sid=1195,https://www.coushattacasinoresort.com/slot-map.php?sid=1195,Coushatta Casino Resort,2026-10-01T17:07:16.624387+00:00
1194,Five Fortunes Panda (Mc) (Md) (Pr),Ainsworth,Video,$0.01,Medium,3.0,,https://www.coushattacasinoresort.com/slot-map.php?sid=1194,https://www.coushattacasinoresort.com/slot-map.php?sid=1194,Coushatta Casino Resort,2026-10-01T17:07:16.633833+00:00
2271,Five Play - Bonus Poker,IGT,Poker,$0.25,N/A,,,https://www.coushattacasinoresort.com/slot-map.php?sid=2271,https://www.coushattacasinoresort.com/slot-map.php?sid=2271,Coushatta Casino Resort,2026-10-01T17:07:37.393452+00:00
2272,Five Play - Bonus Poker,IGT,Poker,$0.50,N/A,,,https://www.coushattacasinoresort.com/slot-map.php?sid=2272,https://www.coushattacasinoresort.com/slot-map.php?sid=2272,Coushatta Casino Resort,2026-10-01T17:07:37.398208+00:00
2273,Five Play - Bonus Poker,IGT,Poker,$1.00,N/A,,,https://www.coushattacasinoresort.com/slot-map.php?sid=2273,https://www.coushattacasinoresort.com/slot-map.php?sid=2273,Coushatta Casino Resort,2026-10-01T17:07:37.446169+00:00
2268,Five Play - Bonus Poker Dlx,IGT,Poker,$0.25,N/A,,,https://www.coushattacasinoresort.com/slot-map.php?sid=2268,https://www.coushattacasinoresort.com/slot-map.php?sid=2268,Coushatta Casino Resort,2026-10-01T17:07:37.248452+00:00
2269,Five Play - Bonus Poker Dlx,IGT,Poker,$0.50,N/A,,,https://www.coushattacasinoresort.com/slot-map.php?sid=2269,https://www.coushattacasinoresort.com/slot-map.php?sid=2269,Coushatta Casino Resort,2026-10-01T17:07:37.313650+00:00
2270,Five Play - Bonus Poker Dlx,IGT,Poker,$1.00,N/A,,,https://www.coushattacasinoresort.com/slot-map.php?sid=2270,https://www.coushattacasinoresort.com/slot-map.php?sid=2270,Coushatta Casino Resort,2026-10-01T17:07:37.406200+00:00
2265,Five Play - Deuces Bonus,IGT,Poker,$0.25,N/A,,,https://www.coushattacasinoresort.com/slot-map.php?sid=2265,https://www.coushattacasinoresort.com/slot-map.php?sid=2265,Coushatta Casino Resort,2026-10-01T17:07:37.171911+00:00
2266,Five Play - Deuces Bonus,IGT,Poker,$0.50,N/A,,,https://www.coushattacasinoresort.com/slot-map.php?sid=2266,https://www.coushattacasinoresort.com/slot-map.php?sid=2266,Coushatta Casino Resort,2026-10-01T17:07:37.234273+00:00
2267,Five Play - Deuces Bonus,IGT,Poker,$1.00,N/A,,,https://www.coushattacasinoresort.com/slot-map.php?sid=2267,https://www.coushattacasinoresort.com/slot-map.php?sid=2267,Coushatta Casino Resort,2026-10-01T17:07:37.223289+00:00
2262,Five Play - Deuces Wild,IGT,Poker,$0.25,N/A,,,https://www.coushattacasinoresort.com/slot-map.php?sid=2262,https://www.coushattacasinoresort.com/slot-map.php?sid=2262,Coushatta Casino Resort,2026-10-01T17:07:37.148149+00:00
2263,Five Play - Deuces Wild,IGT,Poker,$0.50,N/A,,,https://www.coushattacasinoresort.com/slot-map.php?sid=2263,https://www.coushattacasinoresort.com/slot-map.php?sid=2263,Coushatta Casino Resort,2026-10-01T17:07:37.166521+00:00
2264,Five Play - Deuces Wild,IGT,Poker,$1.00,N/A,,,https://www.coushattacasinoresort.com/slot-map.php?sid=2264,https://www.coushattacasinoresort.com/slot-map.php?sid=2264,Coushatta Casino Resort,2026-10-01T17:07:37.226010+00:00
2259,Five Play - Double Bonus Poker,IGT,Poker,$0.25,N/A,,,https://www.coushattacasinoresort.com/slot-map.php?sid=2259,https://www.coushattacasinoresort.com/slot-map.php?sid=2259,Coushatta Casino Resort,2026-10-01T17:07:36.960811+00:00
2260,Five Play - Double Bonus Poker,IGT,Poker,$0.50,N/A,,,https://www.coushattacasinoresort.com/slot-map.php?sid=2260,https://www.coushattacasinoresort.com/slot-map.php?sid=2260,Coushatta Casino Resort,2026-10-01T17:07:37.020920+00:00
2261,Five Play - Double Bonus Poker,IGT,Poker,$1.00,N/A,,,https://www.coushattacasinoresort.com/slot-map.php?sid=2261,https://www.coushattacasinoresort.com/slot-map.php?sid=2261,Coushatta Casino Resort,2026-10-01T17:07:37.074686+00:00
2256,Five Play - Double Doubler Bonus Poker,IGT,Poker,$0.25,N/A,,,https://www.coushattacasinoresort.com/slot-map.php?sid=2256,https://www.coushattacasinoresort.com/slot-map.php?sid=2256,Coushatta Casino Resort,2026-10-01T17:07:36.946783+00:00
2257,Five Play - Double Doubler Bonus Poker,IGT,Poker,$0.50,N/A,,,https://www.coushattacasinoresort.com/slot-map.php?sid=2257,https://www.coushattacasinoresort.com/slot-map.php?sid=2257,Coushatta Casino Resort,2026-10-01T17:07:36.997976+00:00
2258,Five Play - Double Doubler Bonus Poker,IGT,Poker,$1.00,N/A,,,https://www.coushattacasinoresort.com/slot-map.php?sid=2258,https://www.coushattacasinoresort.com/slot-map.php?sid=2258,Coushatta Casino Resort,2026-10-01T17:07:37.010188+00:00
3196,Five Play - Five Play Bonus Poker,IGT,Poker,$0.05,N/A,,,https://www.coushattacasinoresort.com/slot-map.php?sid=3196,https://www.coushattacasinoresort.com/slot-map.php?sid=3196,Coushatta Casino Resort,2026-10-01T17:07:59.142251+00:00
3197,Five Play - Five Play Bonus Poker,IGT,Poker,$0.10,N/A,,,https://www.coushattacasinoresort.com/slot-map.php?sid=3197,https://www.coushattacasinoresort.com/slot-map.php?sid=3197,Coushatta Casino Resort,2026-10-01T17:07:59.170493+00:00
3198,Five Play - Five Play Bonus Poker,IGT,Poker,$0.25,N/A,,,https://www.coushattacasinoresort.com/slot-map.php?sid=3198,https://www.coushattacasinoresort.com/slot-map.php?sid=3198,Coushatta Casino Resort,2026-10-01T17:07:59.174207+00:00
3193,Five Play - Five Play Bonus Poker Deluxe,IGT,Poker,$0.05,N/A,,,https://www.coushattacasinoresort.com/slot-map.php?sid=3193,https://www.coushattacasinoresort.com/slot-map.php?sid=3193,Coushatta Casino Resort,2026-10-01T17:07:59.107458+00:00
3194,Five Play - Five Play Bonus Poker Deluxe,IGT,Poker,$0.10,N/A,,,https://www.coushattacasinoresort.com/slot-map.php?sid=3194,https://www.coushattacasinoresort.com/slot-map.php?sid=3194,Coushatta Casino Resort,2026-10-01T17:07:59.124068+00:00
3195,Five Play - Five Play Bonus Poker Deluxe,IGT,Poker,$0.25,N/A,,,https://www.coushattacasinoresort.com/slot-map.php?sid=3195,https://www.coushattacasinoresort.com/slot-map.php?sid=3195,Coushatta Casino Resort,2026-10-01T17:07:59.129767+00:00
3190,Five Play - Five Play Deuces Wild,IGT,Poker,$0.05,N/A,,,https://www.coushattacasinoresort.com/slot-map.php?sid=3190,https://www.coushattacasinoresort.com/slot-map.php?sid=3190,Coushatta Casino Resort,2026-10-01T17:07:59.065708+00:00
3191,Five Play - Five Play Deuces Wild,IGT,Poker,$0.10,N/A,,,https://www.coushattacasinoresort.com/slot-map.php?sid=3191,https://www.coushattacasinoresort.com/slot-map.php?sid=3191,Coushatta Casino Resort,2026-10-01T17:07:59.253081+00:00
3192,Five Play - Five Play Deuces Wild,IGT,Poker,$0.25,N/A,,,https://www.coushattacasinoresort.com/slot-map.php?sid=3192,https://www.coushattacasinoresort.com/slot-map.php?sid=3192,Coushatta Casino Resort,2026-10-01T17:07:59.091850+00:00
3187,Five Play - Five Play Deuces Wld Bonus Poker,IGT,Poker,$0.05,N/A,,,https://www.coushattacasinoresort.com/slot-map.php?sid=3187,https://www.coushattacasinoresort.com/slot-map.php?sid=3187,Coushatta Casino Resort,2026-10-01T17:07:59.006539+00:00
3188,Five Play - Five Play Deuces Wld Bonus Poker,IGT,Poker,$0.10,N/A,,,https://www.coushattacasinoresort.com/slot-map.php?sid=3188,https://www.coushattacasinoresort.com/slot-map.php?sid=3188,Coushatta Casino Resort,2026-10-01T17:07:59.018099+00:00
3189,Five Play - Five Play Deuces Wld Bonus Poker,IGT,Poker,$0.25,N/A,,,https://www.coushattacasinoresort.com/slot-map.php?sid=3189,https://www.coushattacasinoresort.com/slot-map.php?sid=3189,Coushatta Casino Resort,2026-10-01T17:07:59.060080+00:00
3184,Five Play - Five Play Double Bonus Poker,IGT,Poker,$0.05,N/A,,,https://www.coushattacasinoresort.com/slot-map.php?sid=3184,https://www.coushattacasinoresort.com/slot-map.php?sid=3184,Coushatta Casino Resort,2026-10-01T17:07:58.981912+00:00
3185,Five Play - Five Play Double Bonus Poker,IGT,Poker,$0.10,N/A,,,https://www.coushattacasinoresort.com/slot-map.php?sid=3185,https://www.coushattacasinoresort.com/slot-map.php?sid=3185,Coushatta Casino Resort,2026-10-01T17:07:59.023843+00:00
3186,Five Play - Five Play Double Bonus Poker,IGT,Poker,$0.25,N/A,,,https://www.coushattacasinoresort.com/slot-map.php?sid=3186,https://www.coushattacasinoresort.com/slot-map.php?sid=3186,Coushatta Casino Resort,2026-10-01T17:07:59.010367+00:00
3181,Five Play - Five Play Double Double Bonus Poker,IGT,Poker,$0.05,N/A,,,https://www.coushattacasinoresort.com/slot-map.php?sid=3181,https://www.coushattacasinoresort.com/slot-map.php?sid=3181,Coushatta Casino Resort,2026-10-01T17:07:58.942893+00:00
3182,Five Play - Five Play Double Double Bonus Poker,IGT,Poker,$0.10,N/A,,,https://www.coushattacasinoresort.com/slot-map.php?sid=3182,https://www.coushattacasinoresort.com/slot-map.php?sid=3182,Coushatta Casino Resort,2026-10-01T17:07:58.938627+00:00
3183,Five Play - Five Play Double Double Bonus Poker,IGT,Poker,$0.25,N/A,,,https://www.coushattacasinoresort.com/slot-map.php?sid=3183,https://www.coushattacasinoresort.com/slot-map.php?sid=3183,Coushatta Casino Resort,2026-10-01T17:07:58.957927+00:00
3178,Five Play - Five Play Double Double Bonus Poker Plus,IGT,Poker,$0.05,N/A,,,https://www.coushattacasinoresort.com/slot-map.php?sid=3178,https://www.coushattacasinoresort.com/slot-map.php?sid=3178,Coushatta Casino Resort,2026-10-01T17:07:58.911041+00:00
3179,Five Play - Five Play Double Double Bonus Poker Plus,IGT,Poker,$0.10,N/A,,,https://www.coushattacasinoresort.com/slot-map.php?sid=3179,https://www.coushattacasinoresort.com/slot-map.php?sid=3179,Coushatta Casino Resort,2026-10-01T17:07:58.900354+00:00
3180,Five Play - Five Play Double Double Bonus Poker Plus,IGT,Poker,$0.25,N/A,,,https://www.coushattacasinoresort.com/slot-map.php?sid=3180,https://www.coushattacasinoresort.com/slot-map.php?sid=3180,Coushatta Casino Resort,2026-10-01T17:07:58.903885+00:00
3175,Five Play - Five Play Jacks or Better,IGT,Poker,$0.05,N/A,,,https://www.coushattacasinoresort.com/slot-map.php?sid=3175,https://www.coushattacasinoresort.com/slot-map.php?sid=3175,Coushatta Casino Resort,2026-10-01T17:07:58.831243+00:00
3176,Five Play - Five Play Jacks or Better,IGT,Poker,$0.10,N/A,,,https://www.coushattacasinoresort.com/slot-map.php?sid=3176,https://www.coushattacasinoresort.com/slot-map.php?sid=3176,Coushatta Casino Resort,2026-10-01T17:07:58.842233+00:00
3177,Five Play - Five Play Jacks or Better,IGT,Poker,$0.25,N/A,,,https://www.coushattacasinoresort.com/slot-map.php?sid=3177,https://www.coushattacasinoresort.com/slot-map.php?sid=3177,Coushatta Casino Resort,2026-10-01T17:07:58.882604+00:00
3172,Five Play - Five Play Super Bonus Deuces Wild Poker,IGT,Poker,$0.05,N/A,,,https://www.coushattacasinoresort.com/slot-map.php?sid=3172,https://www.coushattacasinoresort.com/slot-map.php?sid=3172,Coushatta Casino Resort,2026-10-01T17:07:58.792301+00:00
3173,Five Play - Five Play Super Bonus Deuces Wild Poker,IGT,Poker,$0.10,N/A,,,https://www.coushattacasinoresort.com/slot-map.php?sid=3173,https://www.coushattacasinoresort.com/slot-map.php?sid=3173,Coushatta Casino Resort,2026-10-01T17:07:58.829621+00:00
3174,Five Play - Five Play Super Bonus Deuces Wild Poker,IGT,Poker,$0.25,N/A,,,https://www.coushattacasinoresort.com/slot-map.php?sid=3174,https://www.coushattacasinoresort.com/slot-map.php?sid=3174,Coushatta Casino Resort,2026-10-01T17:07:58.876186+00:00
3169,Five Play - Five Play Super Double Bonus Poker,IGT,Poker,$0.05,N/A,,,https://www.coushattacasinoresort.com/slot-map.php?sid=3169,https://www.coushattacasinoresort.com/slot-map.php?sid=3169,Coushatta Casino Resort,2026-10-01T17:07:58.772574+00:00
3170,Five Play - Five Play Super Double Bonus Poker,IGT,Poker,$0.10,N/A,,,https://www.coushattacasinoresort.com/slot-map.php?sid=3170,https://www.coushattacasinoresort.com/slot-map.php?sid=3170,Coushatta Casino Resort,2026-10-01T17:07:58.784592+00:00
3171,Five Play - Five Play Super Double Bonus Poker,IGT,Poker,$0.25,N/A,,,https://www.coushattacasinoresort.com/slot-map.php?sid=3171,https://www.coushattacasinoresort.com/slot-map.php?sid=3171,Coushatta Casino Resort,2026-10-01T17:07:58.780983+00:00
3166,Five Play - Five Play Triple Double Bonus Poker,IGT,Poker,$0.05,N/A,,,https://www.coushattacasinoresort.com/slot-map.php?sid=3166,https://www.coushattacasinoresort.com/slot-map.php?sid=3166,Coushatta Casino Resort,2026-10-01T17:07:58.694370+00:00
3167,Five Play - Five Play Triple Double Bonus Poker,IGT,Poker,$0.10,N/A,,,https://www.coushattacasinoresort.com/slot-map.php?sid=3167,https://www.coushattacasinoresort.com/slot-map.php?sid=3167,Coushatta Casino Resort,2026-10-01T17:07:58.711162+00:00
3168,Five Play - Five Play Triple Double Bonus Poker,IGT,Poker,$0.25,N/A,,,https://www.coushattacasinoresort.com/slot-map.php?sid=3168,https://www.coushattacasinoresort.com/slot-map.php?sid=3168,Coushatta Casino Resort,2026-10-01T17:07:58.719527+00:00
2253,Five Play - Jacks or Better,IGT,Poker,$0.25,N/A,,,https://www.coushattacasinoresort.com/slot-map.php?sid=2253,https://www.coushattacasinoresort.com/slot-map.php?sid=2253,Coushatta Casino Resort,2026-10-01T17:07:36.808049+00:00
2254,Five Play - Jacks or Better,IGT,Poker,$0.50,N/A,,,https://www.coushattacasinoresort.com/slot-map.php?sid=2254,https://www.coushattacasinoresort.com/slot-map.php?sid=2254,Coushatta Casino Resort,2026-10-01T17:07:36.912402+00:00
2255,Five Play - Jacks or Better,IGT,Poker,$1.00,N/A,,,https://www.coushattacasinoresort.com/slot-map.php?sid=2255,https://www.coushattacasinoresort.com/slot-map.php?sid=2255,Coushatta Casino Resort,2026-10-01T17:07:36.954828+00:00
2250,Five Play - Joker Poker,IGT,Poker,$0.25,N/A,,,https://www.coushattacasinoresort.com/slot-map.php?sid=2250,https://www.coushattacasinoresort.com/slot-map.php?sid=2250,Coushatta Casino Resort,2026-10-01T17:07:36.741644+00:00
2251,Five Play - Joker Poker,IGT,Poker,$0.50,N/A,,,https://www.coushattacasinoresort.com/slot-map.php?sid=2251,https://www.coushattacasinoresort.com/slot-map.php?sid=2251,Coushatta Casino Resort,2026-10-01T17:07:36.745429+00:00
2252,Five Play - Joker Poker,IGT,Poker,$1.00,N/A,,,https://www.coushattacasinoresort.com/slot-map.php?sid=2252,https://www.coushattacasinoresort.com/slot-map.php?sid=2252,Coushatta Casino Resort,2026-10-01T17:07:36.764954+00:00
2247,Five Play - Triple Double Bonus Poker,IGT,Poker,$0.25,N/A,,,https://www.coushattacasinoresort.com/slot-map.php?sid=2247,https://www.coushattacasinoresort.com/slot-map.php?sid=2247,Coushatta Casino Resort,2026-10-01T17:07:36.699378+00:00
2248,Five Play - Triple Double Bonus Poker,IGT,Poker,$0.50,N/A,,,https://www.coushattacasinoresort.com/slot-map.php?sid=2248,https://www.coushattacasinoresort.com/slot-map.php?sid=2248,Coushatta Casino Resort,2026-10-01T17:07:36.717930+00:00
2249,Five Play - Triple Double Bonus Poker,IGT,Poker,$1.00,N/A,,,https://www.coushattacasinoresort.com/slot-map.php?sid=2249,https://www.coushattacasinoresort.com/slot-map.php?sid=2249,Coushatta Casino Resort,2026-10-01T17:07:36.736536+00:00
3,Five Times Pay,IGT,Reel,$5.00,High,4.0,,https://www.coushattacasinoresort.com/slot-map.php?sid=3,https://www.coushattacasinoresort.com/slot-map.php?sid=3,Coushatta Casino Resort,2026-10-01T17:07:01.057210+00:00
116,Five Times Pay,IGT,Reel,$100.00,High,4.0,,https://www.coushattacasinoresort.com/slot-map.php?sid=116,https://www.coushattacasinoresort.com/slot-map.php?sid=116,Coushatta Casino Resort,2026-10-01T17:07:03.064488+00:00
835,Flamin Fiesta-4 Up (Mc) (Md) (Pr),Aristocrat,Video,$0.01,Medium,3.0,,https://www.coushattacasinoresort.com/slot-map.php?sid=835,https://www.coushattacasinoresort.com/slot-map.php?sid=835,Coushatta Casino Resort,2026-10-01T17:07:12.357268+00:00
261,Flaming Reels Md Prog,AGS,Reel,$1.00,High,4.0,,https://www.coushattacasinoresort.com/slot-map.php?sid=261,https://www.coushattacasinoresort.com/slot-map.php?sid=261,Coushatta Casino Resort,2026-10-01T17:07:05.023674+00:00
319,Flaming Reels Md Prog,AGS,Reel,$0.25,High,4.0,,https://www.coushattacasinoresort.com/slot-map.php?sid=319,https://www.coushattacasinoresort.com/slot-map.php?sid=319,Coushatta Casino Resort,2026-10-01T17:07:05.515019+00:00
903,Fortune Coin Free Games [P],IGT,Video,$0.01,Medium,3.0,,https://www.coushattacasinoresort.com/slot-map.php?sid=903,https://www.coushattacasinoresort.com/slot-map.php?sid=903,Coushatta Casino Resort,2026-10-01T17:07:13.285710+00:00
462,Fortune Coin Free Games{Car}{Md}{P},IGT,Video,$0.01,Low,2.0,,https://www.coushattacasinoresort.com/slot-map.php?sid=462,https://www.coushattacasinoresort.com/slot-map.php?sid=462,Coushatta Casino Resort,2026-10-01T17:07:07.150588+00:00
578,Fortune Cookie,IGT,Video,$1.00,Medium,3.0,,https://www.coushattacasinoresort.com/slot-map.php?sid=578,https://www.coushattacasinoresort.com/slot-map.php?sid=578,Coushatta Casino Resort,2026-10-01T17:07:08.583070+00:00
594,Fortune Mint:Fu Gui You Yu (P),Konami,Video,$0.01,Medium,3.0,,https://www.coushattacasinoresort.com/slot-map.php?sid=594,https://www.coushattacasinoresort.com/slot-map.php?sid=594,Coushatta Casino Resort,2026-10-01T17:07:08.826805+00:00
593,Fortune Mint:Fu Xing Gao Zhao (P),Konami,Video,$0.01,Medium,3.0,,https://www.coushattacasinoresort.com/slot-map.php?sid=593,https://www.coushattacasinoresort.com/slot-map.php?sid=593,Coushatta Casino Resort,2026-10-01T17:07:08.836403+00:00
1243,Fortune Spin,Ainsworth,Video,$0.01,Medium,3.0,,https://www.coushattacasinoresort.com/slot-map.php?sid=1243,https://www.coushattacasinoresort.com/slot-map.php?sid=1243,Coushatta Casino Resort,2026-10-01T17:07:17.151581+00:00
706,Fortune Trails:Coin Trio (Prog) Md,Aristocrat,Video,$0.01,Medium,3.0,,https://www.coushattacasinoresort.com/slot-map.php?sid=706,https://www.coushattacasinoresort.com/slot-map.php?sid=706,Coushatta Casino Resort,2026-10-01T17:07:10.417674+00:00
46,Four Card Keno,IGT Poker,Poker,$0.25,High,4.0,,https://www.coushattacasinoresort.com/slot-map.php?sid=46,https://www.coushattacasinoresort.com/slot-map.php?sid=46,Coushatta Casino Resort,2026-10-01T17:07:01.893197+00:00
47,Four Card Keno,IGT,Video,$0.50,High,4.0,,https://www.coushattacasinoresort.com/slot-map.php?sid=47,https://www.coushattacasinoresort.com/slot-map.php?sid=47,Coushatta Casino Resort,2026-10-01T17:07:01.973564+00:00
48,Four Card Keno,IGT,Video,$1.00,High,4.0,,https://www.coushattacasinoresort.com/slot-map.php?sid=48,https://www.coushattacasinoresort.com/slot-map.php?sid=48,Coushatta Casino Resort,2026-10-01T17:07:01.972088+00:00
65,Four Card Keno,IGT,Poker,$0.25,High,4.0,,https://www.coushattacasinoresort.com/slot-map.php?sid=65,https://www.coushattacasinoresort.com/slot-map.php?sid=65,Coushatta Casino Resort,2026-10-01T17:07:02.391424+00:00
66,Four Card Keno,IGT,Poker,$0.50,High,4.0,,https://www.coushattacasinoresort.com/slot-map.php?sid=66,https://www.coushattacasinoresort.com/slot-map.php?sid=66,Coushatta Casino Resort,2026-10-01T17:07:02.408471+00:00
67,Four Card Keno,IGT,Poker,$1.00,High,4.0,,https://www.coushattacasinoresort.com/slot-map.php?sid=67,https://www.coushattacasinoresort.com/slot-map.php?sid=67,Coushatta Casino Resort,2026-10-01T17:07:02.376357+00:00
175,Four Card Keno,IGT Poker,Poker,$0.50,High,4.0,,https://www.coushattacasinoresort.com/slot-map.php?sid=175,https://www.coushattacasinoresort.com/slot-map.php?sid=175,Coushatta Casino Resort,2026-10-01T17:07:03.968844+00:00
176,Four Card Keno,IGT Poker,Poker,$1.00,High,4.0,,https://www.coushattacasinoresort.com/slot-map.php?sid=176,https://www.coushattacasinoresort.com/slot-map.php?sid=176,Coushatta Casino Resort,2026-10-01T17:07:03.988926+00:00
177,Four Card Keno,IGT Poker,Poker,$2.00,High,4.0,,https://www.coushattacasinoresort.com/slot-map.php?sid=177,https://www.coushattacasinoresort.com/slot-map.php?sid=177,Coushatta Casino Resort,2026-10-01T17:07:03.990448+00:00
178,Four Card Keno,IGT Poker,Poker,$5.00,High,4.0,,https://www.coushattacasinoresort.com/slot-map.php?sid=178,https://www.coushattacasinoresort.com/slot-map.php?sid=178,Coushatta Casino Resort,2026-10-01T17:07:03.983930+00:00
246,Four Card Keno,IGT Poker,Poker,$0.10,High,4.0,,https://www.coushattacasinoresort.com/slot-map.php?sid=246,https://www.coushattacasinoresort.com/slot-map.php?sid=246,Coushatta Casino Resort,2026-10-01T17:07:04.864607+00:00
486,Fu Dai Lian Lian: Dragon Fu (Md)(P),Aristocrat,Video,$0.01,Low,2.0,,https://www.coushattacasinoresort.com/slot-map.php?sid=486,https://www.coushattacasinoresort.com/slot-map.php?sid=486,Coushatta Casino Resort,2026-10-01T17:07:07.416084+00:00
487,Fu Dai Lian Lian: Dragon Fu (Md)(P),Aristocrat,Video,$0.02,Low,2.0,,https://www.coushattacasinoresort.com/slot-map.php?sid=487,https://www.coushattacasinoresort.com/slot-map.php?sid=487,Coushatta Casino Resort,2026-10-01T17:07:07.428711+00:00
488,Fu Dai Lian Lian: Dragon Fu (Md)(P),Aristocrat,Video,$0.05,Low,2.0,,https://www.coushattacasinoresort.com/slot-map.php?sid=488,https://www.coushattacasinoresort.com/slot-map.php?sid=488,Coushatta Casino Resort,2026-10-01T17:07:07.479760+00:00
489,Fu Dai Lian Lian: Dragon Fu (Md)(P),Aristocrat,Video,$0.10,Low,2.0,,https://www.coushattacasinoresort.com/slot-map.php?sid=489,https://www.coushattacasinoresort.com/slot-map.php?sid=489,Coushatta Casino Resort,2026-10-01T17:07:07.518320+00:00
497,Fu Dai Lian Lian: Panda Fu (Md)(P),Aristocrat,Video,$0.01,Low,2.0,,https://www.coushattacasinoresort.com/slot-map.php?sid=497,https://www.coushattacasinoresort.com/slot-map.php?sid=497,Coushatta Casino Resort,2026-10-01T17:07:07.596533+00:00
498,Fu Dai Lian Lian: Panda Fu (Md)(P),Aristocrat,Video,$0.02,Low,2.0,,https://www.coushattacasinoresort.com/slot-map.php?sid=498,https://www.coushattacasinoresort.com/slot-map.php?sid=498,Coushatta Casino Resort,2026-10-01T17:07:07.629687+00:00
499,Fu Dai Lian Lian: Panda Fu (Md)(P),Aristocrat,Video,$0.05,Low,2.0,,https://www.coushattacasinoresort.com/slot-map.php?sid=499,https://www.coushattacasinoresort.com/slot-map.php?sid=499,Coushatta Casino Resort,2026-10-01T17:07:07.636076+00:00
500,Fu Dai Lian Lian: Panda Fu (Md)(P),Aristocrat,Video,$0.10,Low,2.0,,https://www.coushattacasinoresort.com/slot-map.php?sid=500,https://www.coushattacasinoresort.com/slot-map.php?sid=500,Coushatta Casino Resort,2026-10-01T17:07:07.645552+00:00
811,Fu Dai Lian Lian: Phoenix (Md)(P),Aristocrat,Video,$0.01,Medium,3.0,,https://www.coushattacasinoresort.com/slot-map.php?sid=811,https://www.coushattacasinoresort.com/slot-map.php?sid=811,Coushatta Casino Resort,2026-10-01T17:07:11.997077+00:00
812,Fu Dai Lian Lian: Turtle (Md)(P),Aristocrat,Video,$0.01,Medium,3.0,,https://www.coushattacasinoresort.com/slot-map.php?sid=812,https://www.coushattacasinoresort.com/slot-map.php?sid=812,Coushatta Casino Resort,2026-10-01T17:07:12.002157+00:00
691,Fu Jin Shu Dragon(Prog),Aruze,Video,$0.01,Medium,3.0,,https://www.coushattacasinoresort.com/slot-map.php?sid=691,https://www.coushattacasinoresort.com/slot-map.php?sid=691,Coushatta Casino Resort,2026-10-01T17:07:10.234345+00:00
692,Fu Jin Shu Phoenix (Prog),Aruze,Video,$0.01,Medium,3.0,,https://www.coushattacasinoresort.com/slot-map.php?sid=692,https://www.coushattacasinoresort.com/slot-map.php?sid=692,Coushatta Casino Resort,2026-10-01T17:07:10.237490+00:00
814,Fusion Fu Dai Lian Lian Mc Md Mg Pr,Aristocrat,Video,$0.01,Medium,3.0,,https://www.coushattacasinoresort.com/slot-map.php?sid=814,https://www.coushattacasinoresort.com/slot-map.php?sid=814,Coushatta Casino Resort,2026-10-01T17:07:12.022652+00:00
1351,Galactic Quest L&M Martian Madness,Aristocrat,Video,$0.01,Medium - High,3.0,,https://www.coushattacasinoresort.com/slot-map.php?sid=1351,https://www.coushattacasinoresort.com/slot-map.php?sid=1351,Coushatta Casino Resort,2026-10-01T17:07:18.735675+00:00
1348,Galactic Quest L&M Venus Vixens Pr,Aristocrat,Video,$0.01,Medium - High,3.0,,https://www.coushattacasinoresort.com/slot-map.php?sid=1348,https://www.coushattacasinoresort.com/slot-map.php?sid=1348,Coushatta Casino Resort,2026-10-01T17:07:18.713646+00:00
1869,"Game King X:12 Poker,7 Keno,2 Bj Md",IGT,Poker,$0.01,N/A,,,https://www.coushattacasinoresort.com/slot-map.php?sid=1869,https://www.coushattacasinoresort.com/slot-map.php?sid=1869,Coushatta Casino Resort,2026-10-01T17:07:25.207949+00:00
2443,Genie'S Prize (Md) (Prog),Everi,Video,$0.01,N/A,,,https://www.coushattacasinoresort.com/slot-map.php?sid=2443,https://www.coushattacasinoresort.com/slot-map.php?sid=2443,Coushatta Casino Resort,2026-10-01T17:07:42.558623+00:00
360,Go Ghost Spooky (Mc) (Md) (Prog),Aristocrat,Video,$0.01,High,4.0,,https://www.coushattacasinoresort.com/slot-map.php?sid=360,https://www.coushattacasinoresort.com/slot-map.php?sid=360,Coushatta Casino Resort,2026-10-01T17:07:05.919818+00:00
361,Go Ghost Spooky (Mc) (Md) (Prog),Aristocrat,Video,$0.02,High,4.0,,https://www.coushattacasinoresort.com/slot-map.php?sid=361,https://www.coushattacasinoresort.com/slot-map.php?sid=361,Coushatta Casino Resort,2026-10-01T17:07:05.876520+00:00
362,Go Ghost Spooky (Mc) (Md) (Prog),Aristocrat,Video,$0.05,High,4.0,,https://www.coushattacasinoresort.com/slot-map.php?sid=362,https://www.coushattacasinoresort.com/slot-map.php?sid=362,Coushatta Casino Resort,2026-10-01T17:07:05.880713+00:00
1660,God Of Gold (Prog),AGS,Video,$0.01,Medium - Low,2.0,,https://www.coushattacasinoresort.com/slot-map.php?sid=1660,https://www.coushattacasinoresort.com/slot-map.php?sid=1660,Coushatta Casino Resort,2026-10-01T17:07:22.012245+00:00
441,Gold And Dragon 2 (Prog),IGT,Video,$0.01,Low,2.0,,https://www.coushattacasinoresort.com/slot-map.php?sid=441,https://www.coushattacasinoresort.com/slot-map.php?sid=441,Coushatta Casino Resort,2026-10-01T17:07:06.797937+00:00
683,Gold Fish Feeding Time Castle (P),Light & Wonder,Video,$0.01,Medium,3.0,,https://www.coushattacasinoresort.com/slot-map.php?sid=683,https://www.coushattacasinoresort.com/slot-map.php?sid=683,Coushatta Casino Resort,2026-10-01T17:07:10.114471+00:00
684,Gold Fish Feeding Time Castle (P),Light & Wonder,Video,$0.02,Medium,3.0,,https://www.coushattacasinoresort.com/slot-map.php?sid=684,https://www.coushattacasinoresort.com/slot-map.php?sid=684,Coushatta Casino Resort,2026-10-01T17:07:10.144625+00:00
685,Gold Fish Feeding Time Castle (P),Light & Wonder,Video,$0.05,Medium,3.0,,https://www.coushattacasinoresort.com/slot-map.php?sid=685,https://www.coushattacasinoresort.com/slot-map.php?sid=685,Coushatta Casino Resort,2026-10-01T17:07:10.148521+00:00
686,Gold Fish Feeding Time Castle (P),Light & Wonder,Video,$0.10,Medium,3.0,,https://www.coushattacasinoresort.com/slot-map.php?sid=686,https://www.coushattacasinoresort.com/slot-map.php?sid=686,Coushatta Casino Resort,2026-10-01T17:07:10.134160+00:00
687,Gold Fish Feeding Time Treasure (P),Light & Wonder,Video,$0.01,Medium,3.0,,https://www.coushattacasinoresort.com/slot-map.php?sid=687,https://www.coushattacasinoresort.com/slot-map.php?sid=687,Coushatta Casino Resort,2026-10-01T17:07:10.194030+00:00
1163,Gold Inferno (Md) (Prog),AGS,Reel,$0.25,Medium,3.0,,https://www.coushattacasinoresort.com/slot-map.php?sid=1163,https://www.coushattacasinoresort.com/slot-map.php?sid=1163,Coushatta Casino Resort,2026-10-01T17:07:16.278956+00:00
566,Gold Nudge Md Prog,AGS,Reel,$0.25,Low,2.0,,https://www.coushattacasinoresort.com/slot-map.php?sid=566,https://www.coushattacasinoresort.com/slot-map.php?sid=566,Coushatta Casino Resort,2026-10-01T17:07:08.449261+00:00
121,Gold Stacks 88'S: Royal Monkey (P),Aristocrat,Video,$0.10,High,4.0,,https://www.coushattacasinoresort.com/slot-map.php?sid=121,https://www.coushattacasinoresort.com/slot-map.php?sid=121,Coushatta Casino Resort,2026-10-01T17:07:03.153819+00:00
122,Gold Stacks 88'S: Turtle Kingdom P,Aristocrat,Video,$0.10,High,4.0,,https://www.coushattacasinoresort.com/slot-map.php?sid=122,https://www.coushattacasinoresort.com/slot-map.php?sid=122,Coushatta Casino Resort,2026-10-01T17:07:03.170213+00:00
1143,Gold Standard Jackpots (Prog),Everi,Reel,$5.00,Medium,3.0,,https://www.coushattacasinoresort.com/slot-map.php?sid=1143,https://www.coushattacasinoresort.com/slot-map.php?sid=1143,Coushatta Casino Resort,2026-10-01T17:07:15.977604+00:00
1144,Gold Standard Jackpots (Prog),Everi,Reel,$0.25,Medium,3.0,,https://www.coushattacasinoresort.com/slot-map.php?sid=1144,https://www.coushattacasinoresort.com/slot-map.php?sid=1144,Coushatta Casino Resort,2026-10-01T17:07:15.973029+00:00
1145,Gold Standard Jackpots (Prog),Everi,Reel,$0.50,Medium,3.0,,https://www.coushattacasinoresort.com/slot-map.php?sid=1145,https://www.coushattacasinoresort.com/slot-map.php?sid=1145,Coushatta Casino Resort,2026-10-01T17:07:15.991259+00:00
1146,Gold Standard Jackpots (Prog),Everi,Reel,$1.00,Medium,3.0,,https://www.coushattacasinoresort.com/slot-map.php?sid=1146,https://www.coushattacasinoresort.com/slot-map.php?sid=1146,Coushatta Casino Resort,2026-10-01T17:07:16.029485+00:00
1147,Gold Standard Jackpots (Prog),Everi,Reel,$2.00,Medium,3.0,,https://www.coushattacasinoresort.com/slot-map.php?sid=1147,https://www.coushattacasinoresort.com/slot-map.php?sid=1147,Coushatta Casino Resort,2026-10-01T17:07:16.033567+00:00
1078,Golden Blessings Mc Md (Prog),AGS,Video,$0.01,Medium,3.0,,https://www.coushattacasinoresort.com/slot-map.php?sid=1078,https://www.coushattacasinoresort.com/slot-map.php?sid=1078,Coushatta Casino Resort,2026-10-01T17:07:15.467116+00:00
988,Golden Eagle (Md) (Prog),IGT,Video,$0.01,Medium,3.0,,https://www.coushattacasinoresort.com/slot-map.php?sid=988,https://www.coushattacasinoresort.com/slot-map.php?sid=988,Coushatta Casino Resort,2026-10-01T17:07:14.430314+00:00
1791,Golden Egypt,IGT,Video,$0.01,N/A,,,https://www.coushattacasinoresort.com/slot-map.php?sid=1791,https://www.coushattacasinoresort.com/slot-map.php?sid=1791,Coushatta Casino Resort,2026-10-01T17:07:23.899203+00:00
1792,Golden Egypt,IGT,Video,$0.02,N/A,,,https://www.coushattacasinoresort.com/slot-map.php?sid=1792,https://www.coushattacasinoresort.com/slot-map.php?sid=1792,Coushatta Casino Resort,2026-10-01T17:07:23.949381+00:00
989,Golden Phoenix (Md) (Prog),IGT,Video,$0.01,Medium,3.0,,https://www.coushattacasinoresort.com/slot-map.php?sid=989,https://www.coushattacasinoresort.com/slot-map.php?sid=989,Coushatta Casino Resort,2026-10-01T17:07:14.437598+00:00
710,Golden Pyramid Ultimate Fast Cash P,Aristocrat,Video,$0.01,Medium,3.0,,https://www.coushattacasinoresort.com/slot-map.php?sid=710,https://www.coushattacasinoresort.com/slot-map.php?sid=710,Coushatta Casino Resort,2026-10-01T17:07:10.483752+00:00
1072,Golden Wins (Prog),AGS,Video,$0.01,Medium,3.0,,https://www.coushattacasinoresort.com/slot-map.php?sid=1072,https://www.coushattacasinoresort.com/slot-map.php?sid=1072,Coushatta Casino Resort,2026-10-01T17:07:15.372310+00:00
495,Gong Cash Dragon (Prog),Aruze,Video,$0.01,Low,2.0,,https://www.coushattacasinoresort.com/slot-map.php?sid=495,https://www.coushattacasinoresort.com/slot-map.php?sid=495,Coushatta Casino Resort,2026-10-01T17:07:07.552538+00:00
1308,Gong Gong Lai Fu Caishen Riches Pr,Aruze,Video,$0.10,Medium - High,3.0,,https://www.coushattacasinoresort.com/slot-map.php?sid=1308,https://www.coushattacasinoresort.com/slot-map.php?sid=1308,Coushatta Casino Resort,2026-10-01T17:07:18.057744+00:00
1309,Gong Gong Lai Fu Caishen Riches Pr,Aruze,Video,$0.20,Medium - High,3.0,,https://www.coushattacasinoresort.com/slot-map.php?sid=1309,https://www.coushattacasinoresort.com/slot-map.php?sid=1309,Coushatta Casino Resort,2026-10-01T17:07:18.080100+00:00
1310,Gong Gong Lai Fu Caishen Riches Pr,Aruze,Video,$0.50,Medium - High,3.0,,https://www.coushattacasinoresort.com/slot-map.php?sid=1310,https://www.coushattacasinoresort.com/slot-map.php?sid=1310,Coushatta Casino Resort,2026-10-01T17:07:18.115069+00:00
1311,Gong Gong Lai Fu Caishen Riches Pr,Aruze,Video,$1.00,Medium - High,3.0,,https://www.coushattacasinoresort.com/slot-map.php?sid=1311,https://www.coushattacasinoresort.com/slot-map.php?sid=1311,Coushatta Casino Resort,2026-10-01T17:07:18.110144+00:00
1312,Gong Gong Lai Fu Caishen Riches Pr,Aruze,Video,$5.00,Medium - High,3.0,,https://www.coushattacasinoresort.com/slot-map.php?sid=1312,https://www.coushattacasinoresort.com/slot-map.php?sid=1312,Coushatta Casino Resort,2026-10-01T17:07:18.173482+00:00
1183,Grand 88 (Mc) (Md) (Prog),AGS,Video,$0.01,Medium,3.0,,https://www.coushattacasinoresort.com/slot-map.php?sid=1183,https://www.coushattacasinoresort.com/slot-map.php?sid=1183,Coushatta Casino Resort,2026-10-01T17:07:16.523610+00:00
697,Grand Bars: Jackpot Hits (Md) (Pr),Aristocrat,Reel,$0.01,Medium,3.0,,https://www.coushattacasinoresort.com/slot-map.php?sid=697,https://www.coushattacasinoresort.com/slot-map.php?sid=697,Coushatta Casino Resort,2026-10-01T17:07:10.269308+00:00
620,Grand Buddha Link (Mc) (Md) (Prog),IGT,Video,$0.01,Medium,3.0,,https://www.coushattacasinoresort.com/slot-map.php?sid=620,https://www.coushattacasinoresort.com/slot-map.php?sid=620,Coushatta Casino Resort,2026-10-01T17:07:09.204601+00:00
621,Grand Cat Link (Mc) (Md) (Prog),IGT,Video,$0.01,Medium,3.0,,https://www.coushattacasinoresort.com/slot-map.php?sid=621,https://www.coushattacasinoresort.com/slot-map.php?sid=621,Coushatta Casino Resort,2026-10-01T17:07:09.209840+00:00
1182,Grand Panda (Mc) (Md) (Prog),AGS,Video,$0.01,Medium,3.0,,https://www.coushattacasinoresort.com/slot-map.php?sid=1182,https://www.coushattacasinoresort.com/slot-map.php?sid=1182,Coushatta Casino Resort,2026-10-01T17:07:16.515343+00:00
141,Green Machine (Prog),Everi,Reel,$1.00,High,4.0,,https://www.coushattacasinoresort.com/slot-map.php?sid=141,https://www.coushattacasinoresort.com/slot-map.php?sid=141,Coushatta Casino Resort,2026-10-01T17:07:03.476431+00:00
1234,HOT TRIO FIESTA CALIENTE MC MD PR,Light & Wonder,Video,$0.01,Medium,3.0,,https://www.coushattacasinoresort.com/slot-map.php?sid=1234,https://www.coushattacasinoresort.com/slot-map.php?sid=1234,Coushatta Casino Resort,2026-10-01T17:07:17.044001+00:00
856,Hao Zhao Tou (Prog),AGS,Video,$1.00,Medium,3.0,,https://www.coushattacasinoresort.com/slot-map.php?sid=856,https://www.coushattacasinoresort.com/slot-map.php?sid=856,Coushatta Casino Resort,2026-10-01T17:07:12.651542+00:00
857,Hao Zhao Tou (Prog),AGS,Video,$5.00,Medium,3.0,,https://www.coushattacasinoresort.com/slot-map.php?sid=857,https://www.coushattacasinoresort.com/slot-map.php?sid=857,Coushatta Casino Resort,2026-10-01T17:07:12.643318+00:00
1009,Hao Zhao Tou (Prog),AGS,Video,$0.01,Medium,3.0,,https://www.coushattacasinoresort.com/slot-map.php?sid=1009,https://www.coushattacasinoresort.com/slot-map.php?sid=1009,Coushatta Casino Resort,2026-10-01T17:07:14.663135+00:00
1162,Hao Zhao Tou (Prog),AGS,Video,$0.25,Medium,3.0,,https://www.coushattacasinoresort.com/slot-map.php?sid=1162,https://www.coushattacasinoresort.com/slot-map.php?sid=1162,Coushatta Casino Resort,2026-10-01T17:07:16.253090+00:00
601,Happy Eights Prosperity Boost (P),Incredible Technologies,Video,$0.01,Medium,3.0,,https://www.coushattacasinoresort.com/slot-map.php?sid=601,https://www.coushattacasinoresort.com/slot-map.php?sid=601,Coushatta Casino Resort,2026-10-01T17:07:08.956714+00:00
819,Heat'Em Up Power Wheel (Prog),Incredible Technologies,Video,$0.01,Medium,3.0,,https://www.coushattacasinoresort.com/slot-map.php?sid=819,https://www.coushattacasinoresort.com/slot-map.php?sid=819,Coushatta Casino Resort,2026-10-01T17:07:12.126843+00:00
103,Hell On Wheels,IGT,Video,$0.01,High,4.0,,https://www.coushattacasinoresort.com/slot-map.php?sid=103,https://www.coushattacasinoresort.com/slot-map.php?sid=103,Coushatta Casino Resort,2026-10-01T17:07:02.858071+00:00
1176,Hiscore Alarm On The Farm Mc Md Pr,Everi,Video,$0.01,Medium,3.0,,https://www.coushattacasinoresort.com/slot-map.php?sid=1176,https://www.coushattacasinoresort.com/slot-map.php?sid=1176,Coushatta Casino Resort,2026-10-01T17:07:16.463381+00:00
1177,Hiscore Alarm On The Farm Mc Md Pr,Everi,Video,$0.02,Medium,3.0,,https://www.coushattacasinoresort.com/slot-map.php?sid=1177,https://www.coushattacasinoresort.com/slot-map.php?sid=1177,Coushatta Casino Resort,2026-10-01T17:07:16.458732+00:00
1178,Hiscore Alarm On The Farm Mc Md Pr,Everi,Video,$0.05,Medium,3.0,,https://www.coushattacasinoresort.com/slot-map.php?sid=1178,https://www.coushattacasinoresort.com/slot-map.php?sid=1178,Coushatta Casino Resort,2026-10-01T17:07:16.505741+00:00
1179,Hiscore Alarm On The Farm Mc Md Pr,Everi,Video,$0.10,Medium,3.0,,https://www.coushattacasinoresort.com/slot-map.php?sid=1179,https://www.coushattacasinoresort.com/slot-map.php?sid=1179,Coushatta Casino Resort,2026-10-01T17:07:16.493503+00:00
1172,Hiscore Alarm Out Of World Mc Md Pr,Everi,Video,$0.01,Medium,3.0,,https://www.coushattacasinoresort.com/slot-map.php?sid=1172,https://www.coushattacasinoresort.com/slot-map.php?sid=1172,Coushatta Casino Resort,2026-10-01T17:07:16.381144+00:00
1173,Hiscore Alarm Out Of World Mc Md Pr,Everi,Video,$0.02,Medium,3.0,,https://www.coushattacasinoresort.com/slot-map.php?sid=1173,https://www.coushattacasinoresort.com/slot-map.php?sid=1173,Coushatta Casino Resort,2026-10-01T17:07:16.413396+00:00
1174,Hiscore Alarm Out Of World Mc Md Pr,Everi,Video,$0.05,Medium,3.0,,https://www.coushattacasinoresort.com/slot-map.php?sid=1174,https://www.coushattacasinoresort.com/slot-map.php?sid=1174,Coushatta Casino Resort,2026-10-01T17:07:16.424503+00:00
1175,Hiscore Alarm Out Of World Mc Md Pr,Everi,Video,$0.10,Medium,3.0,,https://www.coushattacasinoresort.com/slot-map.php?sid=1175,https://www.coushattacasinoresort.com/slot-map.php?sid=1175,Coushatta Casino Resort,2026-10-01T17:07:16.453646+00:00
1491,Hoot Loot,IGT,Video,$1.00,Medium - Low,2.0,,https://www.coushattacasinoresort.com/slot-map.php?sid=1491,https://www.coushattacasinoresort.com/slot-map.php?sid=1491,Coushatta Casino Resort,2026-10-01T17:07:20.491754+00:00
135,Hot Flashes,IGT,Video,$1.00,High,4.0,,https://www.coushattacasinoresort.com/slot-map.php?sid=135,https://www.coushattacasinoresort.com/slot-map.php?sid=135,Coushatta Casino Resort,2026-10-01T17:07:03.392582+00:00
14,Hot Hits: Rainbow Riches (P),IGT,Video,$0.01,High,4.0,,https://www.coushattacasinoresort.com/slot-map.php?sid=14,https://www.coushattacasinoresort.com/slot-map.php?sid=14,Coushatta Casino Resort,2026-10-01T17:07:01.360698+00:00
13,Hot Hits: Sizzling Sevens (P),IGT,Video,$0.01,High,4.0,,https://www.coushattacasinoresort.com/slot-map.php?sid=13,https://www.coushattacasinoresort.com/slot-map.php?sid=13,Coushatta Casino Resort,2026-10-01T17:07:01.241915+00:00
817,Hot Hot Blazing Lock (Md),Light & Wonder,Video,$0.01,Medium,3.0,,https://www.coushattacasinoresort.com/slot-map.php?sid=817,https://www.coushattacasinoresort.com/slot-map.php?sid=817,Coushatta Casino Resort,2026-10-01T17:07:12.063174+00:00
420,Hot Hot Flaming Pots-Mr Lee Mc Md P,Light & Wonder,Video,$0.01,High,4.0,,https://www.coushattacasinoresort.com/slot-map.php?sid=420,https://www.coushattacasinoresort.com/slot-map.php?sid=420,Coushatta Casino Resort,2026-10-01T17:07:06.486006+00:00
421,Hot Hot Flaming Pots-Mr Lee Mc Md P,Light & Wonder,Video,$0.02,High,4.0,,https://www.coushattacasinoresort.com/slot-map.php?sid=421,https://www.coushattacasinoresort.com/slot-map.php?sid=421,Coushatta Casino Resort,2026-10-01T17:07:06.499905+00:00
422,Hot Hot Flaming Pots-Mr Lee Mc Md P,Light & Wonder,Video,$0.05,High,4.0,,https://www.coushattacasinoresort.com/slot-map.php?sid=422,https://www.coushattacasinoresort.com/slot-map.php?sid=422,Coushatta Casino Resort,2026-10-01T17:07:06.530256+00:00
423,Hot Hot Flaming Pots-Mr Lee Mc Md P,Light & Wonder,Video,$0.10,High,4.0,,https://www.coushattacasinoresort.com/slot-map.php?sid=423,https://www.coushattacasinoresort.com/slot-map.php?sid=423,Coushatta Casino Resort,2026-10-01T17:07:06.536154+00:00
424,Hot Hot Flaming Pots-Mrs Wong Md P,Light & Wonder,Video,$0.01,High,4.0,,https://www.coushattacasinoresort.com/slot-map.php?sid=424,https://www.coushattacasinoresort.com/slot-map.php?sid=424,Coushatta Casino Resort,2026-10-01T17:07:06.506998+00:00
425,Hot Hot Flaming Pots-Mrs Wong Md P,Light & Wonder,Video,$0.02,High,4.0,,https://www.coushattacasinoresort.com/slot-map.php?sid=425,https://www.coushattacasinoresort.com/slot-map.php?sid=425,Coushatta Casino Resort,2026-10-01T17:07:06.593150+00:00
426,Hot Hot Flaming Pots-Mrs Wong Md P,Light & Wonder,Video,$0.05,High,4.0,,https://www.coushattacasinoresort.com/slot-map.php?sid=426,https://www.coushattacasinoresort.com/slot-map.php?sid=426,Coushatta Casino Resort,2026-10-01T17:07:06.588676+00:00
427,Hot Hot Flaming Pots-Mrs Wong Md P,Light & Wonder,Video,$0.10,High,4.0,,https://www.coushattacasinoresort.com/slot-map.php?sid=427,https://www.coushattacasinoresort.com/slot-map.php?sid=427,Coushatta Casino Resort,2026-10-01T17:07:06.672629+00:00
2,Hot Peppers,IGT,Reel,$5.00,High,4.0,,https://www.coushattacasinoresort.com/slot-map.php?sid=2,https://www.coushattacasinoresort.com/slot-map.php?sid=2,Coushatta Casino Resort,2026-10-01T17:07:01.048067+00:00
114,Hot Peppers,IGT,Reel,$100.00,High,4.0,,https://www.coushattacasinoresort.com/slot-map.php?sid=114,https://www.coushattacasinoresort.com/slot-map.php?sid=114,Coushatta Casino Resort,2026-10-01T17:07:03.145637+00:00
2882,Hot Roll Poker - Five Play Bonus Poker,IGT,Poker,$0.10,N/A,,,https://www.coushattacasinoresort.com/slot-map.php?sid=2882,https://www.coushattacasinoresort.com/slot-map.php?sid=2882,Coushatta Casino Resort,2026-10-01T17:07:53.545838+00:00
2883,Hot Roll Poker - Five Play Bonus Poker,IGT,Poker,$0.25,N/A,,,https://www.coushattacasinoresort.com/slot-map.php?sid=2883,https://www.coushattacasinoresort.com/slot-map.php?sid=2883,Coushatta Casino Resort,2026-10-01T17:07:53.665822+00:00
2880,Hot Roll Poker - Five Play Bonus Poker Deluxe,IGT,Poker,$0.10,N/A,,,https://www.coushattacasinoresort.com/slot-map.php?sid=2880,https://www.coushattacasinoresort.com/slot-map.php?sid=2880,Coushatta Casino Resort,2026-10-01T17:07:53.466183+00:00
2881,Hot Roll Poker - Five Play Bonus Poker Deluxe,IGT,Poker,$0.25,N/A,,,https://www.coushattacasinoresort.com/slot-map.php?sid=2881,https://www.coushattacasinoresort.com/slot-map.php?sid=2881,Coushatta Casino Resort,2026-10-01T17:07:53.537703+00:00
2878,Hot Roll Poker - Five Play Deuces Wild,IGT,Poker,$0.10,N/A,,,https://www.coushattacasinoresort.com/slot-map.php?sid=2878,https://www.coushattacasinoresort.com/slot-map.php?sid=2878,Coushatta Casino Resort,2026-10-01T17:07:53.455379+00:00
2879,Hot Roll Poker - Five Play Deuces Wild,IGT,Poker,$0.25,N/A,,,https://www.coushattacasinoresort.com/slot-map.php?sid=2879,https://www.coushattacasinoresort.com/slot-map.php?sid=2879,Coushatta Casino Resort,2026-10-01T17:07:53.459232+00:00
2876,Hot Roll Poker - Five Play Deuces Wild Bonus,IGT,Poker,$0.10,N/A,,,https://www.coushattacasinoresort.com/slot-map.php?sid=2876,https://www.coushattacasinoresort.com/slot-map.php?sid=2876,Coushatta Casino Resort,2026-10-01T17:07:53.390411+00:00
2877,Hot Roll Poker - Five Play Deuces Wild Bonus,IGT,Poker,$0.25,N/A,,,https://www.coushattacasinoresort.com/slot-map.php?sid=2877,https://www.coushattacasinoresort.com/slot-map.php?sid=2877,Coushatta Casino Resort,2026-10-01T17:07:53.431862+00:00
2874,Hot Roll Poker - Five Play Double Bonus Poker,IGT,Poker,$0.10,N/A,,,https://www.coushattacasinoresort.com/slot-map.php?sid=2874,https://www.coushattacasinoresort.com/slot-map.php?sid=2874,Coushatta Casino Resort,2026-10-01T17:07:53.386747+00:00
2875,Hot Roll Poker - Five Play Double Bonus Poker,IGT,Poker,$0.25,N/A,,,https://www.coushattacasinoresort.com/slot-map.php?sid=2875,https://www.coushattacasinoresort.com/slot-map.php?sid=2875,Coushatta Casino Resort,2026-10-01T17:07:53.346755+00:00
2872,Hot Roll Poker - Five Play Double Double Bonus Poker,IGT,Poker,$0.10,N/A,,,https://www.coushattacasinoresort.com/slot-map.php?sid=2872,https://www.coushattacasinoresort.com/slot-map.php?sid=2872,Coushatta Casino Resort,2026-10-01T17:07:53.253766+00:00
2873,Hot Roll Poker - Five Play Double Double Bonus Poker,IGT,Poker,$0.25,N/A,,,https://www.coushattacasinoresort.com/slot-map.php?sid=2873,https://www.coushattacasinoresort.com/slot-map.php?sid=2873,Coushatta Casino Resort,2026-10-01T17:07:53.315473+00:00
2870,Hot Roll Poker - Five Play Jacks or Better,IGT,Poker,$0.10,N/A,,,https://www.coushattacasinoresort.com/slot-map.php?sid=2870,https://www.coushattacasinoresort.com/slot-map.php?sid=2870,Coushatta Casino Resort,2026-10-01T17:07:53.214531+00:00
2871,Hot Roll Poker - Five Play Jacks or Better,IGT,Poker,$0.25,N/A,,,https://www.coushattacasinoresort.com/slot-map.php?sid=2871,https://www.coushattacasinoresort.com/slot-map.php?sid=2871,Coushatta Casino Resort,2026-10-01T17:07:53.229135+00:00
2868,Hot Roll Poker - Five Play Triple Double Bonus Poker,IGT,Poker,$0.10,N/A,,,https://www.coushattacasinoresort.com/slot-map.php?sid=2868,https://www.coushattacasinoresort.com/slot-map.php?sid=2868,Coushatta Casino Resort,2026-10-01T17:07:53.139332+00:00
2869,Hot Roll Poker - Five Play Triple Double Bonus Poker,IGT,Poker,$0.25,N/A,,,https://www.coushattacasinoresort.com/slot-map.php?sid=2869,https://www.coushattacasinoresort.com/slot-map.php?sid=2869,Coushatta Casino Resort,2026-10-01T17:07:53.177253+00:00
2866,Hot Roll Poker - Five Play Triple Triple Bonus Poker,IGT,Poker,$0.10,N/A,,,https://www.coushattacasinoresort.com/slot-map.php?sid=2866,https://www.coushattacasinoresort.com/slot-map.php?sid=2866,Coushatta Casino Resort,2026-10-01T17:07:53.128809+00:00
2867,Hot Roll Poker - Five Play Triple Triple Bonus Poker,IGT,Poker,$0.25,N/A,,,https://www.coushattacasinoresort.com/slot-map.php?sid=2867,https://www.coushattacasinoresort.com/slot-map.php?sid=2867,Coushatta Casino Resort,2026-10-01T17:07:53.218865+00:00
2864,Hot Roll Poker - Ten Play Bonus Poker,IGT,Poker,$0.05,N/A,,,https://www.coushattacasinoresort.com/slot-map.php?sid=2864,https://www.coushattacasinoresort.com/slot-map.php?sid=2864,Coushatta Casino Resort,2026-10-01T17:07:52.985825+00:00
2865,Hot Roll Poker - Ten Play Bonus Poker,IGT,Poker,$0.10,N/A,,,https://www.coushattacasinoresort.com/slot-map.php?sid=2865,https://www.coushattacasinoresort.com/slot-map.php?sid=2865,Coushatta Casino Resort,2026-10-01T17:07:53.052302+00:00
2862,Hot Roll Poker - Ten Play Bonus Poker Deluxe,IGT,Poker,$0.05,N/A,,,https://www.coushattacasinoresort.com/slot-map.php?sid=2862,https://www.coushattacasinoresort.com/slot-map.php?sid=2862,Coushatta Casino Resort,2026-10-01T17:07:52.996107+00:00
2863,Hot Roll Poker - Ten Play Bonus Poker Deluxe,IGT,Poker,$0.10,N/A,,,https://www.coushattacasinoresort.com/slot-map.php?sid=2863,https://www.coushattacasinoresort.com/slot-map.php?sid=2863,Coushatta Casino Resort,2026-10-01T17:07:53.032605+00:00
2860,Hot Roll Poker - Ten Play Deuces Wild,IGT,Poker,$0.05,N/A,,,https://www.coushattacasinoresort.com/slot-map.php?sid=2860,https://www.coushattacasinoresort.com/slot-map.php?sid=2860,Coushatta Casino Resort,2026-10-01T17:07:52.909959+00:00
2861,Hot Roll Poker - Ten Play Deuces Wild,IGT,Poker,$0.10,N/A,,,https://www.coushattacasinoresort.com/slot-map.php?sid=2861,https://www.coushattacasinoresort.com/slot-map.php?sid=2861,Coushatta Casino Resort,2026-10-01T17:07:52.920769+00:00
2858,Hot Roll Poker - Ten Play Deuces Wild Bonus,IGT,Poker,$0.05,N/A,,,https://www.coushattacasinoresort.com/slot-map.php?sid=2858,https://www.coushattacasinoresort.com/slot-map.php?sid=2858,Coushatta Casino Resort,2026-10-01T17:07:52.945036+00:00
2859,Hot Roll Poker - Ten Play Deuces Wild Bonus,IGT,Poker,$0.10,N/A,,,https://www.coushattacasinoresort.com/slot-map.php?sid=2859,https://www.coushattacasinoresort.com/slot-map.php?sid=2859,Coushatta Casino Resort,2026-10-01T17:07:52.883839+00:00
2856,Hot Roll Poker - Ten Play Double Bonus Poker,IGT,Poker,$0.05,N/A,,,https://www.coushattacasinoresort.com/slot-map.php?sid=2856,https://www.coushattacasinoresort.com/slot-map.php?sid=2856,Coushatta Casino Resort,2026-10-01T17:07:52.760049+00:00
2857,Hot Roll Poker - Ten Play Double Bonus Poker,IGT,Poker,$0.10,N/A,,,https://www.coushattacasinoresort.com/slot-map.php?sid=2857,https://www.coushattacasinoresort.com/slot-map.php?sid=2857,Coushatta Casino Resort,2026-10-01T17:07:52.794655+00:00
2854,Hot Roll Poker - Ten Play Double Double Bonus Poker,IGT,Poker,$0.05,N/A,,,https://www.coushattacasinoresort.com/slot-map.php?sid=2854,https://www.coushattacasinoresort.com/slot-map.php?sid=2854,Coushatta Casino Resort,2026-10-01T17:07:52.767697+00:00
2855,Hot Roll Poker - Ten Play Double Double Bonus Poker,IGT,Poker,$0.10,N/A,,,https://www.coushattacasinoresort.com/slot-map.php?sid=2855,https://www.coushattacasinoresort.com/slot-map.php?sid=2855,Coushatta Casino Resort,2026-10-01T17:07:52.763890+00:00
2852,Hot Roll Poker - Ten Play Jacks or Better,IGT,Poker,$0.05,N/A,,,https://www.coushattacasinoresort.com/slot-map.php?sid=2852,https://www.coushattacasinoresort.com/slot-map.php?sid=2852,Coushatta Casino Resort,2026-10-01T17:07:52.678526+00:00
2853,Hot Roll Poker - Ten Play Jacks or Better,IGT,Poker,$0.10,N/A,,,https://www.coushattacasinoresort.com/slot-map.php?sid=2853,https://www.coushattacasinoresort.com/slot-map.php?sid=2853,Coushatta Casino Resort,2026-10-01T17:07:52.701386+00:00
2850,Hot Roll Poker - Ten Play Triple Double Bonus Poker,IGT,Poker,$0.05,N/A,,,https://www.coushattacasinoresort.com/slot-map.php?sid=2850,https://www.coushattacasinoresort.com/slot-map.php?sid=2850,Coushatta Casino Resort,2026-10-01T17:07:52.631034+00:00
2851,Hot Roll Poker - Ten Play Triple Double Bonus Poker,IGT,Poker,$0.10,N/A,,,https://www.coushattacasinoresort.com/slot-map.php?sid=2851,https://www.coushattacasinoresort.com/slot-map.php?sid=2851,Coushatta Casino Resort,2026-10-01T17:07:52.648018+00:00
2848,Hot Roll Poker - Ten Play Triple Triple Bonus Poker,IGT,Poker,$0.05,N/A,,,https://www.coushattacasinoresort.com/slot-map.php?sid=2848,https://www.coushattacasinoresort.com/slot-map.php?sid=2848,Coushatta Casino Resort,2026-10-01T17:07:52.532370+00:00
2849,Hot Roll Poker - Ten Play Triple Triple Bonus Poker,IGT,Poker,$0.10,N/A,,,https://www.coushattacasinoresort.com/slot-map.php?sid=2849,https://www.coushattacasinoresort.com/slot-map.php?sid=2849,Coushatta Casino Resort,2026-10-01T17:07:52.571478+00:00
2846,Hot Roll Poker - Triple Play Bonus Poker,IGT,Poker,$0.25,N/A,,,https://www.coushattacasinoresort.com/slot-map.php?sid=2846,https://www.coushattacasinoresort.com/slot-map.php?sid=2846,Coushatta Casino Resort,2026-10-01T17:07:52.485171+00:00
2847,Hot Roll Poker - Triple Play Bonus Poker,IGT,Poker,$0.50,N/A,,,https://www.coushattacasinoresort.com/slot-map.php?sid=2847,https://www.coushattacasinoresort.com/slot-map.php?sid=2847,Coushatta Casino Resort,2026-10-01T17:07:52.549424+00:00
2844,Hot Roll Poker - Triple Play Bonus Poker Deluxe,IGT,Poker,$0.25,N/A,,,https://www.coushattacasinoresort.com/slot-map.php?sid=2844,https://www.coushattacasinoresort.com/slot-map.php?sid=2844,Coushatta Casino Resort,2026-10-01T17:07:52.457534+00:00
2845,Hot Roll Poker - Triple Play Bonus Poker Deluxe,IGT,Poker,$0.50,N/A,,,https://www.coushattacasinoresort.com/slot-map.php?sid=2845,https://www.coushattacasinoresort.com/slot-map.php?sid=2845,Coushatta Casino Resort,2026-10-01T17:07:52.498406+00:00
2842,Hot Roll Poker - Triple Play Deuces Wild,IGT,Poker,$0.25,N/A,,,https://www.coushattacasinoresort.com/slot-map.php?sid=2842,https://www.coushattacasinoresort.com/slot-map.php?sid=2842,Coushatta Casino Resort,2026-10-01T17:07:52.352115+00:00
2843,Hot Roll Poker - Triple Play Deuces Wild,IGT,Poker,$0.50,N/A,,,https://www.coushattacasinoresort.com/slot-map.php?sid=2843,https://www.coushattacasinoresort.com/slot-map.php?sid=2843,Coushatta Casino Resort,2026-10-01T17:07:52.429521+00:00
2840,Hot Roll Poker - Triple Play Deuces Wild Bonus,IGT,Poker,$0.25,N/A,,,https://www.coushattacasinoresort.com/slot-map.php?sid=2840,https://www.coushattacasinoresort.com/slot-map.php?sid=2840,Coushatta Casino Resort,2026-10-01T17:07:52.312229+00:00
2841,Hot Roll Poker - Triple Play Deuces Wild Bonus,IGT,Poker,$0.50,N/A,,,https://www.coushattacasinoresort.com/slot-map.php?sid=2841,https://www.coushattacasinoresort.com/slot-map.php?sid=2841,Coushatta Casino Resort,2026-10-01T17:07:52.401673+00:00
2838,Hot Roll Poker - Triple Play Double Bonus Poker,IGT,Poker,$0.25,N/A,,,https://www.coushattacasinoresort.com/slot-map.php?sid=2838,https://www.coushattacasinoresort.com/slot-map.php?sid=2838,Coushatta Casino Resort,2026-10-01T17:07:52.284633+00:00
2839,Hot Roll Poker - Triple Play Double Bonus Poker,IGT,Poker,$0.50,N/A,,,https://www.coushattacasinoresort.com/slot-map.php?sid=2839,https://www.coushattacasinoresort.com/slot-map.php?sid=2839,Coushatta Casino Resort,2026-10-01T17:07:52.308172+00:00
2836,Hot Roll Poker - Triple Play Double Double Bonus Poker,IGT,Poker,$0.25,N/A,,,https://www.coushattacasinoresort.com/slot-map.php?sid=2836,https://www.coushattacasinoresort.com/slot-map.php?sid=2836,Coushatta Casino Resort,2026-10-01T17:07:52.264303+00:00
2837,Hot Roll Poker - Triple Play Double Double Bonus Poker,IGT,Poker,$0.50,N/A,,,https://www.coushattacasinoresort.com/slot-map.php?sid=2837,https://www.coushattacasinoresort.com/slot-map.php?sid=2837,Coushatta Casino Resort,2026-10-01T17:07:52.230212+00:00
2834,Hot Roll Poker - Triple Play Jacks or Better,IGT,Poker,$0.25,N/A,,,https://www.coushattacasinoresort.com/slot-map.php?sid=2834,https://www.coushattacasinoresort.com/slot-map.php?sid=2834,Coushatta Casino Resort,2026-10-01T17:07:52.147520+00:00
2835,Hot Roll Poker - Triple Play Jacks or Better,IGT,Poker,$0.50,N/A,,,https://www.coushattacasinoresort.com/slot-map.php?sid=2835,https://www.coushattacasinoresort.com/slot-map.php?sid=2835,Coushatta Casino Resort,2026-10-01T17:07:52.211437+00:00
2832,Hot Roll Poker - Triple Play Triple Double Bonus Poker,IGT,Poker,$0.25,N/A,,,https://www.coushattacasinoresort.com/slot-map.php?sid=2832,https://www.coushattacasinoresort.com/slot-map.php?sid=2832,Coushatta Casino Resort,2026-10-01T17:07:52.087127+00:00
2833,Hot Roll Poker - Triple Play Triple Double Bonus Poker,IGT,Poker,$0.50,N/A,,,https://www.coushattacasinoresort.com/slot-map.php?sid=2833,https://www.coushattacasinoresort.com/slot-map.php?sid=2833,Coushatta Casino Resort,2026-10-01T17:07:52.090974+00:00
2830,Hot Roll Poker - Triple Play Triple Triple Bonus Poker,IGT,Poker,$0.25,N/A,,,https://www.coushattacasinoresort.com/slot-map.php?sid=2830,https://www.coushattacasinoresort.com/slot-map.php?sid=2830,Coushatta Casino Resort,2026-10-01T17:07:52.012552+00:00
2831,Hot Roll Poker - Triple Play Triple Triple Bonus Poker,IGT,Poker,$0.50,N/A,,,https://www.coushattacasinoresort.com/slot-map.php?sid=2831,https://www.coushattacasinoresort.com/slot-map.php?sid=2831,Coushatta Casino Resort,2026-10-01T17:07:52.081167+00:00
4045,Hotter Than Blazes Respin (Md),IGT,Reel,$0.25,N/A,,,https://www.coushattacasinoresort.com/slot-map.php?sid=4045,https://www.coushattacasinoresort.com/slot-map.php?sid=4045,Coushatta Casino Resort,2026-10-01T17:08:02.499074+00:00
266,House Of Dragon (Mc) (Md) (Prog),Aristocrat,Video,$0.01,HIgh,4.0,,https://www.coushattacasinoresort.com/slot-map.php?sid=266,https://www.coushattacasinoresort.com/slot-map.php?sid=266,Coushatta Casino Resort,2026-10-01T17:07:05.090423+00:00
267,House Of Dragon (Mc) (Md) (Prog),Aristocrat,Video,$0.02,HIgh,4.0,,https://www.coushattacasinoresort.com/slot-map.php?sid=267,https://www.coushattacasinoresort.com/slot-map.php?sid=267,Coushatta Casino Resort,2026-10-01T17:07:05.082650+00:00
268,House Of Dragon (Mc) (Md) (Prog),Aristocrat,Video,$0.05,HIgh,4.0,,https://www.coushattacasinoresort.com/slot-map.php?sid=268,https://www.coushattacasinoresort.com/slot-map.php?sid=268,Coushatta Casino Resort,2026-10-01T17:07:05.094706+00:00
1187,Hu Gu Fu (Mc) (Md) (Prog),AGS,Video,$0.01,Medium,3.0,,https://www.coushattacasinoresort.com/slot-map.php?sid=1187,https://www.coushattacasinoresort.com/slot-map.php?sid=1187,Coushatta Casino Resort,2026-10-01T17:07:16.573924+00:00
908,Huff N Even More Puff (Mc)(Md)(Pr),Light & Wonder,Video,$0.05,Medium,3.0,,https://www.coushattacasinoresort.com/slot-map.php?sid=908,https://www.coushattacasinoresort.com/slot-map.php?sid=908,Coushatta Casino Resort,2026-10-01T17:07:13.382385+00:00
929,Huff N Even More Puff (Mc)(Md)(Pr),Light & Wonder,Video,$0.01,Medium,3.0,,https://www.coushattacasinoresort.com/slot-map.php?sid=929,https://www.coushattacasinoresort.com/slot-map.php?sid=929,Coushatta Casino Resort,2026-10-01T17:07:13.616158+00:00
930,Huff N Even More Puff (Mc)(Md)(Pr),Light & Wonder,Video,$0.02,Medium,3.0,,https://www.coushattacasinoresort.com/slot-map.php?sid=930,https://www.coushattacasinoresort.com/slot-map.php?sid=930,Coushatta Casino Resort,2026-10-01T17:07:13.654561+00:00
932,Huff N Even More Puff (Mc)(Md)(Pr),Light & Wonder,Video,$0.10,Medium,3.0,,https://www.coushattacasinoresort.com/slot-map.php?sid=932,https://www.coushattacasinoresort.com/slot-map.php?sid=932,Coushatta Casino Resort,2026-10-01T17:07:13.662399+00:00
1002,Huff N Even More Puff Grand Mc Md P,Light & Wonder,Video,$0.01,Medium,3.0,,https://www.coushattacasinoresort.com/slot-map.php?sid=1002,https://www.coushattacasinoresort.com/slot-map.php?sid=1002,Coushatta Casino Resort,2026-10-01T17:07:14.667555+00:00
859,Huff N More Puff (Mc) (Md) (Prog),Light & Wonder,Video,$0.10,Medium,3.0,,https://www.coushattacasinoresort.com/slot-map.php?sid=859,https://www.coushattacasinoresort.com/slot-map.php?sid=859,Coushatta Casino Resort,2026-10-01T17:07:12.686904+00:00
954,Huff N More Puff (Mc) (Md) (Prog),Light & Wonder,Video,$0.01,Medium,3.0,,https://www.coushattacasinoresort.com/slot-map.php?sid=954,https://www.coushattacasinoresort.com/slot-map.php?sid=954,Coushatta Casino Resort,2026-10-01T17:07:14.026673+00:00
1385,Huff N Puff Weve Had Enuff Mc Md Pr,Light & Wonder,Video,$0.01,Medium - High,3.0,,https://www.coushattacasinoresort.com/slot-map.php?sid=1385,https://www.coushattacasinoresort.com/slot-map.php?sid=1385,Coushatta Casino Resort,2026-10-01T17:07:19.245994+00:00
415,Huff N' Lots Of Puff Mc Md Prog,Light & Wonder,Video,$0.01,High,4.0,,https://www.coushattacasinoresort.com/slot-map.php?sid=415,https://www.coushattacasinoresort.com/slot-map.php?sid=415,Coushatta Casino Resort,2026-10-01T17:07:06.401357+00:00
96,I Heart Triple Double Diamond(P)(Md,IGT,Reel,$0.01,High,4.0,,https://www.coushattacasinoresort.com/slot-map.php?sid=96,https://www.coushattacasinoresort.com/slot-map.php?sid=96,Coushatta Casino Resort,2026-10-01T17:07:02.759599+00:00
97,I Heart Triple Double Diamond(P)(Md,IGT,Reel,$0.02,High,4.0,,https://www.coushattacasinoresort.com/slot-map.php?sid=97,https://www.coushattacasinoresort.com/slot-map.php?sid=97,Coushatta Casino Resort,2026-10-01T17:07:02.771931+00:00
98,I Heart Triple Double Diamond(P)(Md,IGT,Reel,$0.05,High,4.0,,https://www.coushattacasinoresort.com/slot-map.php?sid=98,https://www.coushattacasinoresort.com/slot-map.php?sid=98,Coushatta Casino Resort,2026-10-01T17:07:02.789147+00:00
643,Invaders From The Planet Moolah,Light & Wonder,Video,$0.01,Medium,3.0,,https://www.coushattacasinoresort.com/slot-map.php?sid=643,https://www.coushattacasinoresort.com/slot-map.php?sid=643,Coushatta Casino Resort,2026-10-01T17:07:09.490628+00:00
446,Invaders Return From The Planet Moolah,Light & Wonder,Video,$0.01,Low,2.0,,https://www.coushattacasinoresort.com/slot-map.php?sid=446,https://www.coushattacasinoresort.com/slot-map.php?sid=446,Coushatta Casino Resort,2026-10-01T17:07:06.906669+00:00
767,Island Rising Sunset Shore Mc Md Pr,Light & Wonder,Video,$0.01,Medium,3.0,,https://www.coushattacasinoresort.com/slot-map.php?sid=767,https://www.coushattacasinoresort.com/slot-map.php?sid=767,Coushatta Casino Resort,2026-10-01T17:07:11.345598+00:00
8,Jackpot Catcher (Progressive),Aristocrat,Video,$0.01,High,4.0,,https://www.coushattacasinoresort.com/slot-map.php?sid=8,https://www.coushattacasinoresort.com/slot-map.php?sid=8,Coushatta Casino Resort,2026-10-01T17:07:01.135122+00:00
1040,Jackpot Jalapenos Md (Prog),AGS,VIdeo,$0.01,Medium,3.0,,https://www.coushattacasinoresort.com/slot-map.php?sid=1040,https://www.coushattacasinoresort.com/slot-map.php?sid=1040,Coushatta Casino Resort,2026-10-01T17:07:15.074809+00:00
1345,Jackpot Party Make Some Noise Md Pr,Light & Wonder,Reel,$0.01,Medium - High,3.0,,https://www.coushattacasinoresort.com/slot-map.php?sid=1345,https://www.coushattacasinoresort.com/slot-map.php?sid=1345,Coushatta Casino Resort,2026-10-01T17:07:18.620389+00:00
3223,Jacks Or Better,IGT Poker,Poker,$0.10,N/A,,,https://www.coushattacasinoresort.com/slot-map.php?sid=3223,https://www.coushattacasinoresort.com/slot-map.php?sid=3223,Coushatta Casino Resort,2026-10-01T17:07:59.661950+00:00
3224,Jacks Or Better,IGT Poker,Poker,$0.25,N/A,,,https://www.coushattacasinoresort.com/slot-map.php?sid=3224,https://www.coushattacasinoresort.com/slot-map.php?sid=3224,Coushatta Casino Resort,2026-10-01T17:07:59.535109+00:00
3225,Jacks Or Better,IGT Poker,Poker,$0.50,N/A,,,https://www.coushattacasinoresort.com/slot-map.php?sid=3225,https://www.coushattacasinoresort.com/slot-map.php?sid=3225,Coushatta Casino Resort,2026-10-01T17:07:59.547736+00:00
3226,Jacks Or Better,IGT Poker,Poker,$1.00,N/A,,,https://www.coushattacasinoresort.com/slot-map.php?sid=3226,https://www.coushattacasinoresort.com/slot-map.php?sid=3226,Coushatta Casino Resort,2026-10-01T17:07:59.596868+00:00
2553,Jacks Or Better Poker,IGT Poker,Poker,$0.25,N/A,,,https://www.coushattacasinoresort.com/slot-map.php?sid=2553,https://www.coushattacasinoresort.com/slot-map.php?sid=2553,Coushatta Casino Resort,2026-10-01T17:07:44.774478+00:00
2554,Jacks Or Better Poker,IGT Poker,Poker,$0.50,N/A,,,https://www.coushattacasinoresort.com/slot-map.php?sid=2554,https://www.coushattacasinoresort.com/slot-map.php?sid=2554,Coushatta Casino Resort,2026-10-01T17:07:44.826742+00:00
2555,Jacks Or Better Poker,IGT Poker,Poker,$1.00,N/A,,,https://www.coushattacasinoresort.com/slot-map.php?sid=2555,https://www.coushattacasinoresort.com/slot-map.php?sid=2555,Coushatta Casino Resort,2026-10-01T17:07:44.896449+00:00
2556,Jacks Or Better Poker,IGT Poker,Poker,$2.00,N/A,,,https://www.coushattacasinoresort.com/slot-map.php?sid=2556,https://www.coushattacasinoresort.com/slot-map.php?sid=2556,Coushatta Casino Resort,2026-10-01T17:07:44.911865+00:00
2557,Jacks Or Better Poker,IGT Poker,Poker,$5.00,N/A,,,https://www.coushattacasinoresort.com/slot-map.php?sid=2557,https://www.coushattacasinoresort.com/slot-map.php?sid=2557,Coushatta Casino Resort,2026-10-01T17:07:44.929607+00:00
3965,Jacks Or Better Poker,IGT Poker,Poker,$0.10,N/A,,,https://www.coushattacasinoresort.com/slot-map.php?sid=3965,https://www.coushattacasinoresort.com/slot-map.php?sid=3965,Coushatta Casino Resort,2026-10-01T17:08:01.005706+00:00
1736,Jacks Or Better Poker: Five Play,IGT Poker,Poker,$0.25,N/A,,,https://www.coushattacasinoresort.com/slot-map.php?sid=1736,https://www.coushattacasinoresort.com/slot-map.php?sid=1736,Coushatta Casino Resort,2026-10-01T17:07:23.101505+00:00
1735,Jacks Or Better Poker: Triple Play,IGT Poker,Poker,$0.25,N/A,,,https://www.coushattacasinoresort.com/slot-map.php?sid=1735,https://www.coushattacasinoresort.com/slot-map.php?sid=1735,Coushatta Casino Resort,2026-10-01T17:07:23.107714+00:00
2406,Jacks or Better,IGT,Poker,$0.25,N/A,,,https://www.coushattacasinoresort.com/slot-map.php?sid=2406,https://www.coushattacasinoresort.com/slot-map.php?sid=2406,Coushatta Casino Resort,2026-10-01T17:07:41.526407+00:00
2407,Jacks or Better,IGT,Poker,$0.50,N/A,,,https://www.coushattacasinoresort.com/slot-map.php?sid=2407,https://www.coushattacasinoresort.com/slot-map.php?sid=2407,Coushatta Casino Resort,2026-10-01T17:07:41.492069+00:00
2408,Jacks or Better,IGT,Poker,$1.00,N/A,,,https://www.coushattacasinoresort.com/slot-map.php?sid=2408,https://www.coushattacasinoresort.com/slot-map.php?sid=2408,Coushatta Casino Resort,2026-10-01T17:07:41.540788+00:00
2409,Jacks or Better,IGT,Poker,$2.00,N/A,,,https://www.coushattacasinoresort.com/slot-map.php?sid=2409,https://www.coushattacasinoresort.com/slot-map.php?sid=2409,Coushatta Casino Resort,2026-10-01T17:07:41.585499+00:00
2471,Jacks or Better,IGT,Poker,$5.00,N/A,,,https://www.coushattacasinoresort.com/slot-map.php?sid=2471,https://www.coushattacasinoresort.com/slot-map.php?sid=2471,Coushatta Casino Resort,2026-10-01T17:07:43.466573+00:00
2472,Jacks or Better,IGT,Poker,$10.00,N/A,,,https://www.coushattacasinoresort.com/slot-map.php?sid=2472,https://www.coushattacasinoresort.com/slot-map.php?sid=2472,Coushatta Casino Resort,2026-10-01T17:07:43.519428+00:00
2473,Jacks or Better,IGT,Poker,$25.00,N/A,,,https://www.coushattacasinoresort.com/slot-map.php?sid=2473,https://www.coushattacasinoresort.com/slot-map.php?sid=2473,Coushatta Casino Resort,2026-10-01T17:07:43.547879+00:00
744,Jade Celebration Bao Zhu Zhao Fu Pr,Aristocrat,Video,$0.01,Medium,3.0,,https://www.coushattacasinoresort.com/slot-map.php?sid=744,https://www.coushattacasinoresort.com/slot-map.php?sid=744,Coushatta Casino Resort,2026-10-01T17:07:10.981532+00:00
406,Jade Prosperity:Bao Zhu Zhao Ignite,Aristocrat,Video,$0.01,High,4.0,,https://www.coushattacasinoresort.com/slot-map.php?sid=406,https://www.coushattacasinoresort.com/slot-map.php?sid=406,Coushatta Casino Resort,2026-10-01T17:07:06.282284+00:00
1071,Jade Wins (Prog),AGS,Video,$0.01,Medium,3.0,,https://www.coushattacasinoresort.com/slot-map.php?sid=1071,https://www.coushattacasinoresort.com/slot-map.php?sid=1071,Coushatta Casino Resort,2026-10-01T17:07:15.353248+00:00
3751,Jewel Of Dragons A 1K Warriors Mc P,Light & Wonder,Video,$0.01,N/A,,,https://www.coushattacasinoresort.com/slot-map.php?sid=3751,https://www.coushattacasinoresort.com/slot-map.php?sid=3751,Coushatta Casino Resort,2026-10-01T17:08:00.669184+00:00
3753,Jewel Of Dragons Prosper Toroise Pr,Light & Wonder,Video,$0.01,N/A,,,https://www.coushattacasinoresort.com/slot-map.php?sid=3753,https://www.coushattacasinoresort.com/slot-map.php?sid=3753,Coushatta Casino Resort,2026-10-01T17:08:00.675456+00:00
3752,Jewel Of Dragons Valley Of Tiger Pr,Light & Wonder,Video,$0.01,N/A,,,https://www.coushattacasinoresort.com/slot-map.php?sid=3752,https://www.coushattacasinoresort.com/slot-map.php?sid=3752,Coushatta Casino Resort,2026-10-01T17:08:00.777512+00:00
454,Jinse Dao: Dragon (Prog) (Md),Light & Wonder,Video,$0.01,Low,2.0,,https://www.coushattacasinoresort.com/slot-map.php?sid=454,https://www.coushattacasinoresort.com/slot-map.php?sid=454,Coushatta Casino Resort,2026-10-01T17:07:07.022892+00:00
455,Jinse Dao: Dragon (Prog) (Md),Light & Wonder,Video,$0.02,Low,2.0,,https://www.coushattacasinoresort.com/slot-map.php?sid=455,https://www.coushattacasinoresort.com/slot-map.php?sid=455,Coushatta Casino Resort,2026-10-01T17:07:07.033622+00:00
456,Jinse Dao: Dragon (Prog) (Md),Light & Wonder,Video,$0.05,Low,2.0,,https://www.coushattacasinoresort.com/slot-map.php?sid=456,https://www.coushattacasinoresort.com/slot-map.php?sid=456,Coushatta Casino Resort,2026-10-01T17:07:07.030280+00:00
457,Jinse Dao: Dragon (Prog) (Md),Light & Wonder,Video,$0.10,Low,2.0,,https://www.coushattacasinoresort.com/slot-map.php?sid=457,https://www.coushattacasinoresort.com/slot-map.php?sid=457,Coushatta Casino Resort,2026-10-01T17:07:07.082858+00:00
458,Jinse Dao: Phoenix (Prog) (Md),Light & Wonder,Video,$0.01,Low,2.0,,https://www.coushattacasinoresort.com/slot-map.php?sid=458,https://www.coushattacasinoresort.com/slot-map.php?sid=458,Coushatta Casino Resort,2026-10-01T17:07:07.077148+00:00
459,Jinse Dao: Phoenix (Prog) (Md),Light & Wonder,Video,$0.02,Low,2.0,,https://www.coushattacasinoresort.com/slot-map.php?sid=459,https://www.coushattacasinoresort.com/slot-map.php?sid=459,Coushatta Casino Resort,2026-10-01T17:07:07.063969+00:00
460,Jinse Dao: Phoenix (Prog) (Md),Light & Wonder,Video,$0.05,Low,2.0,,https://www.coushattacasinoresort.com/slot-map.php?sid=460,https://www.coushattacasinoresort.com/slot-map.php?sid=460,Coushatta Casino Resort,2026-10-01T17:07:07.142455+00:00
461,Jinse Dao: Phoenix (Prog) (Md),Light & Wonder,Video,$0.10,Low,2.0,,https://www.coushattacasinoresort.com/slot-map.php?sid=461,https://www.coushattacasinoresort.com/slot-map.php?sid=461,Coushatta Casino Resort,2026-10-01T17:07:07.135271+00:00
1727,Joker Poker,IGT Poker,Poker,$0.25,N/A,,,https://www.coushattacasinoresort.com/slot-map.php?sid=1727,https://www.coushattacasinoresort.com/slot-map.php?sid=1727,Coushatta Casino Resort,2026-10-01T17:07:22.987708+00:00
2402,Joker Poker,IGT,Poker,$0.25,N/A,,,https://www.coushattacasinoresort.com/slot-map.php?sid=2402,https://www.coushattacasinoresort.com/slot-map.php?sid=2402,Coushatta Casino Resort,2026-10-01T17:07:41.395773+00:00
2403,Joker Poker,IGT,Poker,$0.50,N/A,,,https://www.coushattacasinoresort.com/slot-map.php?sid=2403,https://www.coushattacasinoresort.com/slot-map.php?sid=2403,Coushatta Casino Resort,2026-10-01T17:07:41.416349+00:00
2404,Joker Poker,IGT,Poker,$1.00,N/A,,,https://www.coushattacasinoresort.com/slot-map.php?sid=2404,https://www.coushattacasinoresort.com/slot-map.php?sid=2404,Coushatta Casino Resort,2026-10-01T17:07:41.604392+00:00
2405,Joker Poker,IGT,Poker,$2.00,N/A,,,https://www.coushattacasinoresort.com/slot-map.php?sid=2405,https://www.coushattacasinoresort.com/slot-map.php?sid=2405,Coushatta Casino Resort,2026-10-01T17:07:41.480127+00:00
2468,Joker Poker,IGT,Poker,$5.00,N/A,,,https://www.coushattacasinoresort.com/slot-map.php?sid=2468,https://www.coushattacasinoresort.com/slot-map.php?sid=2468,Coushatta Casino Resort,2026-10-01T17:07:43.375354+00:00
2469,Joker Poker,IGT,Poker,$10.00,N/A,,,https://www.coushattacasinoresort.com/slot-map.php?sid=2469,https://www.coushattacasinoresort.com/slot-map.php?sid=2469,Coushatta Casino Resort,2026-10-01T17:07:43.421744+00:00
2470,Joker Poker,IGT,Poker,$25.00,N/A,,,https://www.coushattacasinoresort.com/slot-map.php?sid=2470,https://www.coushattacasinoresort.com/slot-map.php?sid=2470,Coushatta Casino Resort,2026-10-01T17:07:43.440298+00:00
2549,Joker Poker,IGT Poker,Poker,$0.50,N/A,,,https://www.coushattacasinoresort.com/slot-map.php?sid=2549,https://www.coushattacasinoresort.com/slot-map.php?sid=2549,Coushatta Casino Resort,2026-10-01T17:07:44.739339+00:00
2550,Joker Poker,IGT Poker,Poker,$1.00,N/A,,,https://www.coushattacasinoresort.com/slot-map.php?sid=2550,https://www.coushattacasinoresort.com/slot-map.php?sid=2550,Coushatta Casino Resort,2026-10-01T17:07:44.702459+00:00
2551,Joker Poker,IGT Poker,Poker,$2.00,N/A,,,https://www.coushattacasinoresort.com/slot-map.php?sid=2551,https://www.coushattacasinoresort.com/slot-map.php?sid=2551,Coushatta Casino Resort,2026-10-01T17:07:44.733973+00:00
2552,Joker Poker,IGT Poker,Poker,$5.00,N/A,,,https://www.coushattacasinoresort.com/slot-map.php?sid=2552,https://www.coushattacasinoresort.com/slot-map.php?sid=2552,Coushatta Casino Resort,2026-10-01T17:07:44.782284+00:00
3219,Joker Poker,IGT Poker,Poker,$0.10,N/A,,,https://www.coushattacasinoresort.com/slot-map.php?sid=3219,https://www.coushattacasinoresort.com/slot-map.php?sid=3219,Coushatta Casino Resort,2026-10-01T17:07:59.524161+00:00
728,Journey To The Planet Moolah Md (P),Light & Wonder,Video,$0.01,Medium,3.0,,https://www.coushattacasinoresort.com/slot-map.php?sid=728,https://www.coushattacasinoresort.com/slot-map.php?sid=728,Coushatta Casino Resort,2026-10-01T17:07:10.749906+00:00
583,Jumpin' Jalapenos,Konami,Video,$0.01,Medium,3.0,,https://www.coushattacasinoresort.com/slot-map.php?sid=583,https://www.coushattacasinoresort.com/slot-map.php?sid=583,Coushatta Casino Resort,2026-10-01T17:07:08.659244+00:00
2399,Keno,IGT,Poker,$0.25,N/A,,,https://www.coushattacasinoresort.com/slot-map.php?sid=2399,https://www.coushattacasinoresort.com/slot-map.php?sid=2399,Coushatta Casino Resort,2026-10-01T17:07:41.258746+00:00
2400,Keno,IGT,Poker,$0.50,N/A,,,https://www.coushattacasinoresort.com/slot-map.php?sid=2400,https://www.coushattacasinoresort.com/slot-map.php?sid=2400,Coushatta Casino Resort,2026-10-01T17:07:41.279977+00:00
2401,Keno,IGT,Poker,$1.00,N/A,,,https://www.coushattacasinoresort.com/slot-map.php?sid=2401,https://www.coushattacasinoresort.com/slot-map.php?sid=2401,Coushatta Casino Resort,2026-10-01T17:07:41.368659+00:00
798,Kick'N Ass,Aristocrat,Video,$0.01,Medium,3.0,,https://www.coushattacasinoresort.com/slot-map.php?sid=798,https://www.coushattacasinoresort.com/slot-map.php?sid=798,Coushatta Casino Resort,2026-10-01T17:07:11.793176+00:00
1047,King Khufu Dawn Mc Md Prog,IGT,Video,$0.01,Medium,3.0,,https://www.coushattacasinoresort.com/slot-map.php?sid=1047,https://www.coushattacasinoresort.com/slot-map.php?sid=1047,Coushatta Casino Resort,2026-10-01T17:07:15.176382+00:00
1251,King Khufu Dawn Mc Md Prog,IGT,Video,$0.02,Medium,3.0,,https://www.coushattacasinoresort.com/slot-map.php?sid=1251,https://www.coushattacasinoresort.com/slot-map.php?sid=1251,Coushatta Casino Resort,2026-10-01T17:07:17.264647+00:00
1252,King Khufu Dawn Mc Md Prog,IGT,Video,$0.05,Medium,3.0,,https://www.coushattacasinoresort.com/slot-map.php?sid=1252,https://www.coushattacasinoresort.com/slot-map.php?sid=1252,Coushatta Casino Resort,2026-10-01T17:07:17.275069+00:00
1253,King Khufu Dawn Mc Md Prog,IGT,Video,$0.10,Medium,3.0,,https://www.coushattacasinoresort.com/slot-map.php?sid=1253,https://www.coushattacasinoresort.com/slot-map.php?sid=1253,Coushatta Casino Resort,2026-10-01T17:07:17.278723+00:00
1046,King Khufu Mc Md Prog,IGT,Video,$0.01,Medium,3.0,,https://www.coushattacasinoresort.com/slot-map.php?sid=1046,https://www.coushattacasinoresort.com/slot-map.php?sid=1046,Coushatta Casino Resort,2026-10-01T17:07:15.190695+00:00
1247,King Khufu Mc Md Prog,IGT,Video,$0.02,Medium,3.0,,https://www.coushattacasinoresort.com/slot-map.php?sid=1247,https://www.coushattacasinoresort.com/slot-map.php?sid=1247,Coushatta Casino Resort,2026-10-01T17:07:17.235550+00:00
1248,King Khufu Mc Md Prog,IGT,Video,$0.05,Medium,3.0,,https://www.coushattacasinoresort.com/slot-map.php?sid=1248,https://www.coushattacasinoresort.com/slot-map.php?sid=1248,Coushatta Casino Resort,2026-10-01T17:07:17.243556+00:00
1249,King Khufu Mc Md Prog,IGT,Video,$0.10,Medium,3.0,,https://www.coushattacasinoresort.com/slot-map.php?sid=1249,https://www.coushattacasinoresort.com/slot-map.php?sid=1249,Coushatta Casino Resort,2026-10-01T17:07:17.317476+00:00
938,King Maker (Prog),Everi,Reel,$1.00,Medium,3.0,,https://www.coushattacasinoresort.com/slot-map.php?sid=938,https://www.coushattacasinoresort.com/slot-map.php?sid=938,Coushatta Casino Resort,2026-10-01T17:07:13.727260+00:00
1130,King Maker (Prog),Everi,Reel,$0.25,Medium,3.0,,https://www.coushattacasinoresort.com/slot-map.php?sid=1130,https://www.coushattacasinoresort.com/slot-map.php?sid=1130,Coushatta Casino Resort,2026-10-01T17:07:15.812425+00:00
1185,Kingdom Of Horus (Mc) (Md) (Prog),AGS,Video,$0.01,Medium,3.0,,https://www.coushattacasinoresort.com/slot-map.php?sid=1185,https://www.coushattacasinoresort.com/slot-map.php?sid=1185,Coushatta Casino Resort,2026-10-01T17:07:16.570097+00:00
492,Kitty Glitter,IGT,Video,$0.01,Low,2.0,,https://www.coushattacasinoresort.com/slot-map.php?sid=492,https://www.coushattacasinoresort.com/slot-map.php?sid=492,Coushatta Casino Resort,2026-10-01T17:07:07.522208+00:00
1789,Kitty Glitter 30 line,IGT,Video,$0.01,N/A,,,https://www.coushattacasinoresort.com/slot-map.php?sid=1789,https://www.coushattacasinoresort.com/slot-map.php?sid=1789,Coushatta Casino Resort,2026-10-01T17:07:23.832130+00:00
1790,Kitty Glitter 30 line,IGT,Video,$0.02,N/A,,,https://www.coushattacasinoresort.com/slot-map.php?sid=1790,https://www.coushattacasinoresort.com/slot-map.php?sid=1790,Coushatta Casino Resort,2026-10-01T17:07:23.841628+00:00
1003,Kong: Skull Island Wap Mc Md Prog,Light & Wonder,Video,$0.01,Medium,3.0,,https://www.coushattacasinoresort.com/slot-map.php?sid=1003,https://www.coushattacasinoresort.com/slot-map.php?sid=1003,Coushatta Casino Resort,2026-10-01T17:07:14.555684+00:00
438,Kronos Unleashed (Progressive),Light & Wonder,Video,$0.01,Low,2.0,,https://www.coushattacasinoresort.com/slot-map.php?sid=438,https://www.coushattacasinoresort.com/slot-map.php?sid=438,Coushatta Casino Resort,2026-10-01T17:07:06.774933+00:00
439,Kronos Unleashed (Progressive),Light & Wonder,Video,$0.02,Low,2.0,,https://www.coushattacasinoresort.com/slot-map.php?sid=439,https://www.coushattacasinoresort.com/slot-map.php?sid=439,Coushatta Casino Resort,2026-10-01T17:07:06.793641+00:00
440,Kronos Unleashed (Progressive),Light & Wonder,Video,$0.05,Low,2.0,,https://www.coushattacasinoresort.com/slot-map.php?sid=440,https://www.coushattacasinoresort.com/slot-map.php?sid=440,Coushatta Casino Resort,2026-10-01T17:07:06.802151+00:00
934,Legend Of The 3X2X Phoenix (Prog),IGT,Reel,$0.01,Medium,3.0,,https://www.coushattacasinoresort.com/slot-map.php?sid=934,https://www.coushattacasinoresort.com/slot-map.php?sid=934,Coushatta Casino Resort,2026-10-01T17:07:13.783256+00:00
980,Legends Of The Deep Neptunes Fury,Light & Wonder,Video,$0.01,Medium,3.0,,https://www.coushattacasinoresort.com/slot-map.php?sid=980,https://www.coushattacasinoresort.com/slot-map.php?sid=980,Coushatta Casino Resort,2026-10-01T17:07:14.298340+00:00
981,Legends Of The Deep Ocean Nymph Pr,Light & Wonder,Video,$0.01,Medium,3.0,,https://www.coushattacasinoresort.com/slot-map.php?sid=981,https://www.coushattacasinoresort.com/slot-map.php?sid=981,Coushatta Casino Resort,2026-10-01T17:07:14.305573+00:00
1010,Leprechaun Loot (Prog),AGS,Video,$0.01,Medium,3.0,,https://www.coushattacasinoresort.com/slot-map.php?sid=1010,https://www.coushattacasinoresort.com/slot-map.php?sid=1010,Coushatta Casino Resort,2026-10-01T17:07:14.671334+00:00
1346,Leprechaun Lucky Looters (Mc) (Md),Aristocrat,Video,$0.01,Medium - High,3.0,,https://www.coushattacasinoresort.com/slot-map.php?sid=1346,https://www.coushattacasinoresort.com/slot-map.php?sid=1346,Coushatta Casino Resort,2026-10-01T17:07:18.616695+00:00
803,Let's Go Fishing,Aristocrat,Video,$0.01,Medium,3.0,,https://www.coushattacasinoresort.com/slot-map.php?sid=803,https://www.coushattacasinoresort.com/slot-map.php?sid=803,Coushatta Casino Resort,2026-10-01T17:07:11.889454+00:00
57,Life Of Luxury,Light & Wonder,Video,$0.05,High,4.0,,https://www.coushattacasinoresort.com/slot-map.php?sid=57,https://www.coushattacasinoresort.com/slot-map.php?sid=57,Coushatta Casino Resort,2026-10-01T17:07:02.226138+00:00
669,Life Of Luxury 2: Best Things In Life Are Free,Light & Wonder,Video,$0.05,Medium,3.0,,https://www.coushattacasinoresort.com/slot-map.php?sid=669,https://www.coushattacasinoresort.com/slot-map.php?sid=669,Coushatta Casino Resort,2026-10-01T17:07:09.934556+00:00
128,Lightning $Link:Corrida Detoros M P,Aristocrat,Video,$0.10,High,4.0,,https://www.coushattacasinoresort.com/slot-map.php?sid=128,https://www.coushattacasinoresort.com/slot-map.php?sid=128,Coushatta Casino Resort,2026-10-01T17:07:03.288205+00:00
404,Lightning 10 Yr Storm Gold Archer Pr,Aristocrat,Video,$0.01,High,4.0,,https://www.coushattacasinoresort.com/slot-map.php?sid=404,https://www.coushattacasinoresort.com/slot-map.php?sid=404,Coushatta Casino Resort,2026-10-01T17:07:06.245185+00:00
1469,Lightning 10 Yr Storm Master Magician Md Pr,Aristocrat,Video,$0.01,Medium - High,3.0,,https://www.coushattacasinoresort.com/slot-map.php?sid=1469,https://www.coushattacasinoresort.com/slot-map.php?sid=1469,Coushatta Casino Resort,2026-10-01T17:07:20.228288+00:00
1470,Lightning 10 Yr Storm Shang Jin Warrior Md P,Aristocrat,Video,$0.01,Medium - High,3.0,,https://www.coushattacasinoresort.com/slot-map.php?sid=1470,https://www.coushattacasinoresort.com/slot-map.php?sid=1470,Coushatta Casino Resort,2026-10-01T17:07:20.264643+00:00
405,Lightning 10Yr Storm Wild Cougar Pr,Aristocrat,Video,$0.01,High,4.0,,https://www.coushattacasinoresort.com/slot-map.php?sid=405,https://www.coushattacasinoresort.com/slot-map.php?sid=405,Coushatta Casino Resort,2026-10-01T17:07:06.246634+00:00
511,Lightning Cash: High Stakes(Pr)(Md),Aristocrat,Video,$0.10,Low,2.0,,https://www.coushattacasinoresort.com/slot-map.php?sid=511,https://www.coushattacasinoresort.com/slot-map.php?sid=511,Coushatta Casino Resort,2026-10-01T17:07:07.823272+00:00
512,Lightning Cash: High Stakes(Pr)(Md),Aristocrat,Video,$0.25,Low,2.0,,https://www.coushattacasinoresort.com/slot-map.php?sid=512,https://www.coushattacasinoresort.com/slot-map.php?sid=512,Coushatta Casino Resort,2026-10-01T17:07:07.864934+00:00
513,Lightning Cash: High Stakes(Pr)(Md),Aristocrat,Video,$0.50,Low,2.0,,https://www.coushattacasinoresort.com/slot-map.php?sid=513,https://www.coushattacasinoresort.com/slot-map.php?sid=513,Coushatta Casino Resort,2026-10-01T17:07:07.881971+00:00
514,Lightning Cash: High Stakes(Pr)(Md),Aristocrat,Video,$1.00,Low,2.0,,https://www.coushattacasinoresort.com/slot-map.php?sid=514,https://www.coushattacasinoresort.com/slot-map.php?sid=514,Coushatta Casino Resort,2026-10-01T17:07:07.885783+00:00
507,Lightning Cash: Sahara Gold(Pr)(Md),Aristocrat,Video,$0.10,Low,2.0,,https://www.coushattacasinoresort.com/slot-map.php?sid=507,https://www.coushattacasinoresort.com/slot-map.php?sid=507,Coushatta Casino Resort,2026-10-01T17:07:07.763537+00:00
508,Lightning Cash: Sahara Gold(Pr)(Md),Aristocrat,Video,$0.25,Low,2.0,,https://www.coushattacasinoresort.com/slot-map.php?sid=508,https://www.coushattacasinoresort.com/slot-map.php?sid=508,Coushatta Casino Resort,2026-10-01T17:07:07.769076+00:00
509,Lightning Cash: Sahara Gold(Pr)(Md),Aristocrat,Video,$0.50,Low,2.0,,https://www.coushattacasinoresort.com/slot-map.php?sid=509,https://www.coushattacasinoresort.com/slot-map.php?sid=509,Coushatta Casino Resort,2026-10-01T17:07:07.925111+00:00
510,Lightning Cash: Sahara Gold(Pr)(Md),Aristocrat,Video,$1.00,Low,2.0,,https://www.coushattacasinoresort.com/slot-map.php?sid=510,https://www.coushattacasinoresort.com/slot-map.php?sid=510,Coushatta Casino Resort,2026-10-01T17:07:07.916981+00:00
129,Lightning Dollar:Chica Bonita Md Pr,Aristocrat,Video,$0.10,High,4.0,,https://www.coushattacasinoresort.com/slot-map.php?sid=129,https://www.coushattacasinoresort.com/slot-map.php?sid=129,Coushatta Casino Resort,2026-10-01T17:07:03.285164+00:00
1294,Lightning Link: Best Bet (Pr) (Md),Aristocrat,Video,$0.01,Medium - High,3.0,,https://www.coushattacasinoresort.com/slot-map.php?sid=1294,https://www.coushattacasinoresort.com/slot-map.php?sid=1294,Coushatta Casino Resort,2026-10-01T17:07:17.861505+00:00
1295,Lightning Link: Best Bet (Pr) (Md),Aristocrat,Video,$0.02,Medium - High,3.0,,https://www.coushattacasinoresort.com/slot-map.php?sid=1295,https://www.coushattacasinoresort.com/slot-map.php?sid=1295,Coushatta Casino Resort,2026-10-01T17:07:17.884360+00:00
1296,Lightning Link: Best Bet (Pr) (Md),Aristocrat,Video,$0.05,Medium - High,3.0,,https://www.coushattacasinoresort.com/slot-map.php?sid=1296,https://www.coushattacasinoresort.com/slot-map.php?sid=1296,Coushatta Casino Resort,2026-10-01T17:07:17.887852+00:00
1297,Lightning Link: Best Bet (Pr) (Md),Aristocrat,Video,$0.10,Medium - High,3.0,,https://www.coushattacasinoresort.com/slot-map.php?sid=1297,https://www.coushattacasinoresort.com/slot-map.php?sid=1297,Coushatta Casino Resort,2026-10-01T17:07:18.042175+00:00
1284,Lightning Link: Eyes Of Fortune,Aristocrat,Video,$0.01,Medium - High,3.0,,https://www.coushattacasinoresort.com/slot-map.php?sid=1284,https://www.coushattacasinoresort.com/slot-map.php?sid=1284,Coushatta Casino Resort,2026-10-01T17:07:17.707100+00:00
1285,Lightning Link: Eyes Of Fortune,Aristocrat,Video,$0.02,Medium - High,3.0,,https://www.coushattacasinoresort.com/slot-map.php?sid=1285,https://www.coushattacasinoresort.com/slot-map.php?sid=1285,Coushatta Casino Resort,2026-10-01T17:07:17.700213+00:00
1286,Lightning Link: Eyes Of Fortune,Aristocrat,Video,$0.05,Medium - High,3.0,,https://www.coushattacasinoresort.com/slot-map.php?sid=1286,https://www.coushattacasinoresort.com/slot-map.php?sid=1286,Coushatta Casino Resort,2026-10-01T17:07:17.718580+00:00
1287,Lightning Link: Eyes Of Fortune,Aristocrat,Video,$0.10,Medium - High,3.0,,https://www.coushattacasinoresort.com/slot-map.php?sid=1287,https://www.coushattacasinoresort.com/slot-map.php?sid=1287,Coushatta Casino Resort,2026-10-01T17:07:17.776223+00:00
1280,Lightning Link: Happy Lantern(P)(M),Aristocrat,Video,$0.01,Medium - High,3.0,,https://www.coushattacasinoresort.com/slot-map.php?sid=1280,https://www.coushattacasinoresort.com/slot-map.php?sid=1280,Coushatta Casino Resort,2026-10-01T17:07:17.664147+00:00
1281,Lightning Link: Happy Lantern(P)(M),Aristocrat,Video,$0.02,Medium - High,3.0,,https://www.coushattacasinoresort.com/slot-map.php?sid=1281,https://www.coushattacasinoresort.com/slot-map.php?sid=1281,Coushatta Casino Resort,2026-10-01T17:07:17.667423+00:00
1282,Lightning Link: Happy Lantern(P)(M),Aristocrat,Video,$0.05,Medium - High,3.0,,https://www.coushattacasinoresort.com/slot-map.php?sid=1282,https://www.coushattacasinoresort.com/slot-map.php?sid=1282,Coushatta Casino Resort,2026-10-01T17:07:17.693578+00:00
1283,Lightning Link: Happy Lantern(P)(M),Aristocrat,Video,$0.10,Medium - High,3.0,,https://www.coushattacasinoresort.com/slot-map.php?sid=1283,https://www.coushattacasinoresort.com/slot-map.php?sid=1283,Coushatta Casino Resort,2026-10-01T17:07:17.685725+00:00
1276,Lightning Link: Magic Pearl (P)(Md),Aristocrat,Video,$0.01,Medium - High,3.0,,https://www.coushattacasinoresort.com/slot-map.php?sid=1276,https://www.coushattacasinoresort.com/slot-map.php?sid=1276,Coushatta Casino Resort,2026-10-01T17:07:17.600935+00:00
1277,Lightning Link: Magic Pearl (P)(Md),Aristocrat,Video,$0.02,Medium - High,3.0,,https://www.coushattacasinoresort.com/slot-map.php?sid=1277,https://www.coushattacasinoresort.com/slot-map.php?sid=1277,Coushatta Casino Resort,2026-10-01T17:07:17.671277+00:00
1278,Lightning Link: Magic Pearl (P)(Md),Aristocrat,Video,$0.05,Medium - High,3.0,,https://www.coushattacasinoresort.com/slot-map.php?sid=1278,https://www.coushattacasinoresort.com/slot-map.php?sid=1278,Coushatta Casino Resort,2026-10-01T17:07:17.595693+00:00
1279,Lightning Link: Magic Pearl (P)(Md),Aristocrat,Video,$0.10,Medium - High,3.0,,https://www.coushattacasinoresort.com/slot-map.php?sid=1279,https://www.coushattacasinoresort.com/slot-map.php?sid=1279,Coushatta Casino Resort,2026-10-01T17:07:17.611797+00:00
1298,Lightning Link: Moon Race (Pr) (Md),Aristocrat,Video,$0.01,Medium - High,3.0,,https://www.coushattacasinoresort.com/slot-map.php?sid=1298,https://www.coushattacasinoresort.com/slot-map.php?sid=1298,Coushatta Casino Resort,2026-10-01T17:07:17.929155+00:00
1299,Lightning Link: Moon Race (Pr) (Md),Aristocrat,Video,$0.02,Medium - High,3.0,,https://www.coushattacasinoresort.com/slot-map.php?sid=1299,https://www.coushattacasinoresort.com/slot-map.php?sid=1299,Coushatta Casino Resort,2026-10-01T17:07:17.933636+00:00
1300,Lightning Link: Moon Race (Pr) (Md),Aristocrat,Video,$0.05,Medium - High,3.0,,https://www.coushattacasinoresort.com/slot-map.php?sid=1300,https://www.coushattacasinoresort.com/slot-map.php?sid=1300,Coushatta Casino Resort,2026-10-01T17:07:17.942050+00:00
1301,Lightning Link: Moon Race (Pr) (Md),Aristocrat,Video,$0.10,Medium - High,3.0,,https://www.coushattacasinoresort.com/slot-map.php?sid=1301,https://www.coushattacasinoresort.com/slot-map.php?sid=1301,Coushatta Casino Resort,2026-10-01T17:07:17.938865+00:00
1290,Lightning Link: Tiki Fire (Pr)(Md),Aristocrat,Video,$0.01,Medium - High,3.0,,https://www.coushattacasinoresort.com/slot-map.php?sid=1290,https://www.coushattacasinoresort.com/slot-map.php?sid=1290,Coushatta Casino Resort,2026-10-01T17:07:17.808202+00:00
1291,Lightning Link: Tiki Fire (Pr)(Md),Aristocrat,Video,$0.02,Medium - High,3.0,,https://www.coushattacasinoresort.com/slot-map.php?sid=1291,https://www.coushattacasinoresort.com/slot-map.php?sid=1291,Coushatta Casino Resort,2026-10-01T17:07:17.822626+00:00
1292,Lightning Link: Tiki Fire (Pr)(Md),Aristocrat,Video,$0.05,Medium - High,3.0,,https://www.coushattacasinoresort.com/slot-map.php?sid=1292,https://www.coushattacasinoresort.com/slot-map.php?sid=1292,Coushatta Casino Resort,2026-10-01T17:07:17.826217+00:00
1293,Lightning Link: Tiki Fire (Pr)(Md),Aristocrat,Video,$0.10,Medium - High,3.0,,https://www.coushattacasinoresort.com/slot-map.php?sid=1293,https://www.coushattacasinoresort.com/slot-map.php?sid=1293,Coushatta Casino Resort,2026-10-01T17:07:17.837962+00:00
1041,Lion Cash:Princess Pingyang Mc Md P,AGS,VIdeo,$0.01,Medium,3.0,,https://www.coushattacasinoresort.com/slot-map.php?sid=1041,https://www.coushattacasinoresort.com/slot-map.php?sid=1041,Coushatta Casino Resort,2026-10-01T17:07:15.104225+00:00
1042,Lion Link Fortune Dragon Mc Md Pr,Light & Wonder,Video,$0.01,Medium,3.0,,https://www.coushattacasinoresort.com/slot-map.php?sid=1042,https://www.coushattacasinoresort.com/slot-map.php?sid=1042,Coushatta Casino Resort,2026-10-01T17:07:15.097864+00:00
1044,Lion Link Fortune Oz (Mc)(Md)(Pr),Light & Wonder,Video,$0.01,Medium,3.0,,https://www.coushattacasinoresort.com/slot-map.php?sid=1044,https://www.coushattacasinoresort.com/slot-map.php?sid=1044,Coushatta Casino Resort,2026-10-01T17:07:15.112671+00:00
1043,Lion Link Fortune Rooster Mc Md Pr,Light & Wonder,Video,$0.01,Medium,3.0,,https://www.coushattacasinoresort.com/slot-map.php?sid=1043,https://www.coushattacasinoresort.com/slot-map.php?sid=1043,Coushatta Casino Resort,2026-10-01T17:07:15.120664+00:00
1045,Lion Link Fortune Tiger Mc Md (Pr),Light & Wonder,Video,$0.01,Medium,3.0,,https://www.coushattacasinoresort.com/slot-map.php?sid=1045,https://www.coushattacasinoresort.com/slot-map.php?sid=1045,Coushatta Casino Resort,2026-10-01T17:07:15.114866+00:00
763,Lion Link:Prosperous Rooster Md Pr,Light & Wonder,Video,$0.01,Medium,3.0,,https://www.coushattacasinoresort.com/slot-map.php?sid=763,https://www.coushattacasinoresort.com/slot-map.php?sid=763,Coushatta Casino Resort,2026-10-01T17:07:11.277232+00:00
1564,Lion Link:Wealth Of The Dragon Md P,Light & Wonder,Video,$0.01,Medium - Low,2.0,,https://www.coushattacasinoresort.com/slot-map.php?sid=1564,https://www.coushattacasinoresort.com/slot-map.php?sid=1564,Coushatta Casino Resort,2026-10-01T17:07:21.180992+00:00
576,Little Green Men,IGT,Video,$1.00,Medium,3.0,,https://www.coushattacasinoresort.com/slot-map.php?sid=576,https://www.coushattacasinoresort.com/slot-map.php?sid=576,Coushatta Casino Resort,2026-10-01T17:07:08.551572+00:00
2442,Little Shop Of Horrors Md (Prog),Everi,Video,$0.01,N/A,,,https://www.coushattacasinoresort.com/slot-map.php?sid=2442,https://www.coushattacasinoresort.com/slot-map.php?sid=2442,Coushatta Casino Resort,2026-10-01T17:07:42.563800+00:00
674,Lock It Link: Huff & Puff (Md) (Pr),Light & Wonder,Video,$0.01,Medium,3.0,,https://www.coushattacasinoresort.com/slot-map.php?sid=674,https://www.coushattacasinoresort.com/slot-map.php?sid=674,Coushatta Casino Resort,2026-10-01T17:07:10.009523+00:00
675,Lock It Link: Huff & Puff (Md) (Pr),Light & Wonder,Video,$0.02,Medium,3.0,,https://www.coushattacasinoresort.com/slot-map.php?sid=675,https://www.coushattacasinoresort.com/slot-map.php?sid=675,Coushatta Casino Resort,2026-10-01T17:07:09.978679+00:00
676,Lock It Link: Huff & Puff (Md) (Pr),Light & Wonder,Video,$0.05,Medium,3.0,,https://www.coushattacasinoresort.com/slot-map.php?sid=676,https://www.coushattacasinoresort.com/slot-map.php?sid=676,Coushatta Casino Resort,2026-10-01T17:07:10.021866+00:00
677,Lock It Link: Huff & Puff (Md) (Pr),Light & Wonder,Video,$0.10,Medium,3.0,,https://www.coushattacasinoresort.com/slot-map.php?sid=677,https://www.coushattacasinoresort.com/slot-map.php?sid=677,Coushatta Casino Resort,2026-10-01T17:07:10.026532+00:00
1572,Lock It Link: Piggy Bankin (Md) (P),Light & Wonder,Video,$0.01,Medium - Low,2.0,,https://www.coushattacasinoresort.com/slot-map.php?sid=1572,https://www.coushattacasinoresort.com/slot-map.php?sid=1572,Coushatta Casino Resort,2026-10-01T17:07:21.220275+00:00
1573,Lock It Link: Piggy Bankin (Md) (P),Light & Wonder,Video,$0.02,Medium - Low,2.0,,https://www.coushattacasinoresort.com/slot-map.php?sid=1573,https://www.coushattacasinoresort.com/slot-map.php?sid=1573,Coushatta Casino Resort,2026-10-01T17:07:21.214259+00:00
1574,Lock It Link: Piggy Bankin (Md) (P),Light & Wonder,Video,$0.05,Medium - Low,2.0,,https://www.coushattacasinoresort.com/slot-map.php?sid=1574,https://www.coushattacasinoresort.com/slot-map.php?sid=1574,Coushatta Casino Resort,2026-10-01T17:07:21.254590+00:00
1575,Lock It Link: Piggy Bankin (Md) (P),Light & Wonder,Video,$0.10,Medium - Low,2.0,,https://www.coushattacasinoresort.com/slot-map.php?sid=1575,https://www.coushattacasinoresort.com/slot-map.php?sid=1575,Coushatta Casino Resort,2026-10-01T17:07:21.260705+00:00
698,Lock It Link: Rich Eurika Tres Tran,Light & Wonder,Video,$0.01,Medium,3.0,,https://www.coushattacasinoresort.com/slot-map.php?sid=698,https://www.coushattacasinoresort.com/slot-map.php?sid=698,Coushatta Casino Resort,2026-10-01T17:07:10.292902+00:00
699,Lock It Link:Riches Cash Crop Md Pr,Light & Wonder,Video,$0.01,Medium,3.0,,https://www.coushattacasinoresort.com/slot-map.php?sid=699,https://www.coushattacasinoresort.com/slot-map.php?sid=699,Coushatta Casino Resort,2026-10-01T17:07:10.297982+00:00
813,Long Bao Bao (Mc) (Md) (Prog),AGS,Video,$0.01,Medium,3.0,,https://www.coushattacasinoresort.com/slot-map.php?sid=813,https://www.coushattacasinoresort.com/slot-map.php?sid=813,Coushatta Casino Resort,2026-10-01T17:07:12.031085+00:00
390,Long Tehng Hu Xiao,Aristocrat,Video,$0.01,High,4.0,,https://www.coushattacasinoresort.com/slot-map.php?sid=390,https://www.coushattacasinoresort.com/slot-map.php?sid=390,Coushatta Casino Resort,2026-10-01T17:07:06.016218+00:00
391,Long Tehng Hu Xiao,Aristocrat,Video,$0.02,High,4.0,,https://www.coushattacasinoresort.com/slot-map.php?sid=391,https://www.coushattacasinoresort.com/slot-map.php?sid=391,Coushatta Casino Resort,2026-10-01T17:07:06.067663+00:00
392,Long Tehng Hu Xiao,Aristocrat,Video,$0.05,High,4.0,,https://www.coushattacasinoresort.com/slot-map.php?sid=392,https://www.coushattacasinoresort.com/slot-map.php?sid=392,Coushatta Casino Resort,2026-10-01T17:07:06.082511+00:00
393,Long Tehng Hu Xiao,Aristocrat,Video,$0.10,High,4.0,,https://www.coushattacasinoresort.com/slot-map.php?sid=393,https://www.coushattacasinoresort.com/slot-map.php?sid=393,Coushatta Casino Resort,2026-10-01T17:07:06.102965+00:00
394,Long Tehng Hu Xiao,Aristocrat,Video,$0.25,High,4.0,,https://www.coushattacasinoresort.com/slot-map.php?sid=394,https://www.coushattacasinoresort.com/slot-map.php?sid=394,Coushatta Casino Resort,2026-10-01T17:07:06.107349+00:00
395,Long Tehng Hu Xiao,Aristocrat,Video,$0.50,High,4.0,,https://www.coushattacasinoresort.com/slot-map.php?sid=395,https://www.coushattacasinoresort.com/slot-map.php?sid=395,Coushatta Casino Resort,2026-10-01T17:07:06.138217+00:00
1678,Long Tehng Hu Xiao,Aristocrat,Video,$0.01,Medium - Low,2.0,,https://www.coushattacasinoresort.com/slot-map.php?sid=1678,https://www.coushattacasinoresort.com/slot-map.php?sid=1678,Coushatta Casino Resort,2026-10-01T17:07:22.245303+00:00
1681,Long Tehng Hu Xiao,Aristocrat,Video,$0.02,Medium - Low,2.0,,https://www.coushattacasinoresort.com/slot-map.php?sid=1681,https://www.coushattacasinoresort.com/slot-map.php?sid=1681,Coushatta Casino Resort,2026-10-01T17:07:22.312729+00:00
1684,Long Tehng Hu Xiao,Aristocrat,Video,$0.05,Medium - Low,2.0,,https://www.coushattacasinoresort.com/slot-map.php?sid=1684,https://www.coushattacasinoresort.com/slot-map.php?sid=1684,Coushatta Casino Resort,2026-10-01T17:07:22.353116+00:00
1687,Long Tehng Hu Xiao,Aristocrat,Video,$0.10,Medium - Low,2.0,,https://www.coushattacasinoresort.com/slot-map.php?sid=1687,https://www.coushattacasinoresort.com/slot-map.php?sid=1687,Coushatta Casino Resort,2026-10-01T17:07:22.411845+00:00
1690,Long Tehng Hu Xiao,Aristocrat,Video,$0.25,Medium - Low,2.0,,https://www.coushattacasinoresort.com/slot-map.php?sid=1690,https://www.coushattacasinoresort.com/slot-map.php?sid=1690,Coushatta Casino Resort,2026-10-01T17:07:22.448122+00:00
1691,Long Tehng Hu Xiao,Aristocrat,Video,$0.50,Medium - Low,2.0,,https://www.coushattacasinoresort.com/slot-map.php?sid=1691,https://www.coushattacasinoresort.com/slot-map.php?sid=1691,Coushatta Casino Resort,2026-10-01T17:07:22.459285+00:00
1317,Long Teng Hu Xiao: Dragon Flies (P),Aristocrat,Video,$0.01,Medium - High,3.0,,https://www.coushattacasinoresort.com/slot-map.php?sid=1317,https://www.coushattacasinoresort.com/slot-map.php?sid=1317,Coushatta Casino Resort,2026-10-01T17:07:18.183764+00:00
1318,Long Teng Hu Xiao: Tiger Roars (Pr),Aristocrat,Video,$0.01,Medium - High,3.0,,https://www.coushattacasinoresort.com/slot-map.php?sid=1318,https://www.coushattacasinoresort.com/slot-map.php?sid=1318,Coushatta Casino Resort,2026-10-01T17:07:18.193282+00:00
491,Lotus Flower,IGT,Video,$0.01,Low,2.0,,https://www.coushattacasinoresort.com/slot-map.php?sid=491,https://www.coushattacasinoresort.com/slot-map.php?sid=491,Coushatta Casino Resort,2026-10-01T17:07:07.499713+00:00
1644,Lotus Link:Spirit Of Prosperity Pr,Incredible Technologies,Video,$0.01,Medium - Low,2.0,,https://www.coushattacasinoresort.com/slot-map.php?sid=1644,https://www.coushattacasinoresort.com/slot-map.php?sid=1644,Coushatta Casino Resort,2026-10-01T17:07:21.770268+00:00
1645,Lotus Link:Spirit Of Prosperity Pr,Incredible Technologies,Video,$0.02,Medium - Low,2.0,,https://www.coushattacasinoresort.com/slot-map.php?sid=1645,https://www.coushattacasinoresort.com/slot-map.php?sid=1645,Coushatta Casino Resort,2026-10-01T17:07:21.803336+00:00
1646,Lotus Link:Spirit Of Prosperity Pr,Incredible Technologies,Video,$0.05,Medium - Low,2.0,,https://www.coushattacasinoresort.com/slot-map.php?sid=1646,https://www.coushattacasinoresort.com/slot-map.php?sid=1646,Coushatta Casino Resort,2026-10-01T17:07:21.910304+00:00
1647,Lotus Link:Spirit Of Prosperity Pr,Incredible Technologies,Video,$0.10,Medium - Low,2.0,,https://www.coushattacasinoresort.com/slot-map.php?sid=1647,https://www.coushattacasinoresort.com/slot-map.php?sid=1647,Coushatta Casino Resort,2026-10-01T17:07:21.842493+00:00
2632,Louies Gold Xtra Cash Mc Md Pr,Aristocrat,Video,$0.01,N/A,,,https://www.coushattacasinoresort.com/slot-map.php?sid=2632,https://www.coushattacasinoresort.com/slot-map.php?sid=2632,Coushatta Casino Resort,2026-10-01T17:07:46.119015+00:00
1389,Lucha Champions (Prog),AGS,Video,$0.01,Medium - High,3.0,,https://www.coushattacasinoresort.com/slot-map.php?sid=1389,https://www.coushattacasinoresort.com/slot-map.php?sid=1389,Coushatta Casino Resort,2026-10-01T17:07:19.278991+00:00
622,Lucky Honeycomb Fortune Bags Md Pr,Konami,Video,$0.01,Medium,3.0,,https://www.coushattacasinoresort.com/slot-map.php?sid=622,https://www.coushattacasinoresort.com/slot-map.php?sid=622,Coushatta Casino Resort,2026-10-01T17:07:09.242250+00:00
1716,Lucky Larry'S Lobstermania (Md),IGT,Video,$0.01,N/A,,,https://www.coushattacasinoresort.com/slot-map.php?sid=1716,https://www.coushattacasinoresort.com/slot-map.php?sid=1716,Coushatta Casino Resort,2026-10-01T17:07:22.832651+00:00
1717,Lucky Larry'S Lobstermania (Md),IGT,Video,$0.02,N/A,,,https://www.coushattacasinoresort.com/slot-map.php?sid=1717,https://www.coushattacasinoresort.com/slot-map.php?sid=1717,Coushatta Casino Resort,2026-10-01T17:07:22.838424+00:00
1718,Lucky Larry'S Lobstermania (Md),IGT,Video,$0.05,N/A,,,https://www.coushattacasinoresort.com/slot-map.php?sid=1718,https://www.coushattacasinoresort.com/slot-map.php?sid=1718,Coushatta Casino Resort,2026-10-01T17:07:22.845477+00:00
1661,Lucky O'Reilly (Prog),AGS,Video,$0.01,Medium - Low,2.0,,https://www.coushattacasinoresort.com/slot-map.php?sid=1661,https://www.coushattacasinoresort.com/slot-map.php?sid=1661,Coushatta Casino Resort,2026-10-01T17:07:22.030643+00:00
200,Lucky Seven Bar (Md),IGT,Reel,$1.00,High,4.0,,https://www.coushattacasinoresort.com/slot-map.php?sid=200,https://www.coushattacasinoresort.com/slot-map.php?sid=200,Coushatta Casino Resort,2026-10-01T17:07:04.167725+00:00
2828,Lucky Suit - Five Play Bonus Poker,IGT,Poker,$0.10,N/A,,,https://www.coushattacasinoresort.com/slot-map.php?sid=2828,https://www.coushattacasinoresort.com/slot-map.php?sid=2828,Coushatta Casino Resort,2026-10-01T17:07:51.991575+00:00
2829,Lucky Suit - Five Play Bonus Poker,IGT,Poker,$0.25,N/A,,,https://www.coushattacasinoresort.com/slot-map.php?sid=2829,https://www.coushattacasinoresort.com/slot-map.php?sid=2829,Coushatta Casino Resort,2026-10-01T17:07:52.005285+00:00
2826,Lucky Suit - Five Play Bonus Poker Deluxe,IGT,Poker,$0.10,N/A,,,https://www.coushattacasinoresort.com/slot-map.php?sid=2826,https://www.coushattacasinoresort.com/slot-map.php?sid=2826,Coushatta Casino Resort,2026-10-01T17:07:51.934864+00:00
2827,Lucky Suit - Five Play Bonus Poker Deluxe,IGT,Poker,$0.25,N/A,,,https://www.coushattacasinoresort.com/slot-map.php?sid=2827,https://www.coushattacasinoresort.com/slot-map.php?sid=2827,Coushatta Casino Resort,2026-10-01T17:07:51.978532+00:00
2824,Lucky Suit - Five Play Deuces Wild,IGT,Poker,$0.10,N/A,,,https://www.coushattacasinoresort.com/slot-map.php?sid=2824,https://www.coushattacasinoresort.com/slot-map.php?sid=2824,Coushatta Casino Resort,2026-10-01T17:07:51.860107+00:00
2825,Lucky Suit - Five Play Deuces Wild,IGT,Poker,$0.25,N/A,,,https://www.coushattacasinoresort.com/slot-map.php?sid=2825,https://www.coushattacasinoresort.com/slot-map.php?sid=2825,Coushatta Casino Resort,2026-10-01T17:07:51.872397+00:00
2822,Lucky Suit - Five Play Deuces Wild Bonus,IGT,Poker,$0.10,N/A,,,https://www.coushattacasinoresort.com/slot-map.php?sid=2822,https://www.coushattacasinoresort.com/slot-map.php?sid=2822,Coushatta Casino Resort,2026-10-01T17:07:51.772239+00:00
2823,Lucky Suit - Five Play Deuces Wild Bonus,IGT,Poker,$0.25,N/A,,,https://www.coushattacasinoresort.com/slot-map.php?sid=2823,https://www.coushattacasinoresort.com/slot-map.php?sid=2823,Coushatta Casino Resort,2026-10-01T17:07:51.854901+00:00
2820,Lucky Suit - Five Play Double Bonus Poker,IGT,Poker,$0.10,N/A,,,https://www.coushattacasinoresort.com/slot-map.php?sid=2820,https://www.coushattacasinoresort.com/slot-map.php?sid=2820,Coushatta Casino Resort,2026-10-01T17:07:51.763547+00:00
2821,Lucky Suit - Five Play Double Bonus Poker,IGT,Poker,$0.25,N/A,,,https://www.coushattacasinoresort.com/slot-map.php?sid=2821,https://www.coushattacasinoresort.com/slot-map.php?sid=2821,Coushatta Casino Resort,2026-10-01T17:07:51.800261+00:00
2818,Lucky Suit - Five Play Double Double Bonus Poker,IGT,Poker,$0.10,N/A,,,https://www.coushattacasinoresort.com/slot-map.php?sid=2818,https://www.coushattacasinoresort.com/slot-map.php?sid=2818,Coushatta Casino Resort,2026-10-01T17:07:51.680295+00:00
2819,Lucky Suit - Five Play Double Double Bonus Poker,IGT,Poker,$0.25,N/A,,,https://www.coushattacasinoresort.com/slot-map.php?sid=2819,https://www.coushattacasinoresort.com/slot-map.php?sid=2819,Coushatta Casino Resort,2026-10-01T17:07:51.750396+00:00
2816,Lucky Suit - Five Play Jacks or Better,IGT,Poker,$0.10,N/A,,,https://www.coushattacasinoresort.com/slot-map.php?sid=2816,https://www.coushattacasinoresort.com/slot-map.php?sid=2816,Coushatta Casino Resort,2026-10-01T17:07:51.626877+00:00
2817,Lucky Suit - Five Play Jacks or Better,IGT,Poker,$0.25,N/A,,,https://www.coushattacasinoresort.com/slot-map.php?sid=2817,https://www.coushattacasinoresort.com/slot-map.php?sid=2817,Coushatta Casino Resort,2026-10-01T17:07:51.657852+00:00
2814,Lucky Suit - Five Play Triple Double Bonus Poker,IGT,Poker,$0.10,N/A,,,https://www.coushattacasinoresort.com/slot-map.php?sid=2814,https://www.coushattacasinoresort.com/slot-map.php?sid=2814,Coushatta Casino Resort,2026-10-01T17:07:51.568214+00:00
2815,Lucky Suit - Five Play Triple Double Bonus Poker,IGT,Poker,$0.25,N/A,,,https://www.coushattacasinoresort.com/slot-map.php?sid=2815,https://www.coushattacasinoresort.com/slot-map.php?sid=2815,Coushatta Casino Resort,2026-10-01T17:07:51.617687+00:00
2812,Lucky Suit - Five Play Triple Triple Bonus Poker,IGT,Poker,$0.10,N/A,,,https://www.coushattacasinoresort.com/slot-map.php?sid=2812,https://www.coushattacasinoresort.com/slot-map.php?sid=2812,Coushatta Casino Resort,2026-10-01T17:07:51.519090+00:00
2813,Lucky Suit - Five Play Triple Triple Bonus Poker,IGT,Poker,$0.25,N/A,,,https://www.coushattacasinoresort.com/slot-map.php?sid=2813,https://www.coushattacasinoresort.com/slot-map.php?sid=2813,Coushatta Casino Resort,2026-10-01T17:07:51.532944+00:00
2810,Lucky Suit - Ten Play Bonus Poker,IGT,Poker,$0.05,N/A,,,https://www.coushattacasinoresort.com/slot-map.php?sid=2810,https://www.coushattacasinoresort.com/slot-map.php?sid=2810,Coushatta Casino Resort,2026-10-01T17:07:51.469373+00:00
2811,Lucky Suit - Ten Play Bonus Poker,IGT,Poker,$0.10,N/A,,,https://www.coushattacasinoresort.com/slot-map.php?sid=2811,https://www.coushattacasinoresort.com/slot-map.php?sid=2811,Coushatta Casino Resort,2026-10-01T17:07:51.503091+00:00
2808,Lucky Suit - Ten Play Bonus Poker Deluxe,IGT,Poker,$0.05,N/A,,,https://www.coushattacasinoresort.com/slot-map.php?sid=2808,https://www.coushattacasinoresort.com/slot-map.php?sid=2808,Coushatta Casino Resort,2026-10-01T17:07:51.399738+00:00
2809,Lucky Suit - Ten Play Bonus Poker Deluxe,IGT,Poker,$0.10,N/A,,,https://www.coushattacasinoresort.com/slot-map.php?sid=2809,https://www.coushattacasinoresort.com/slot-map.php?sid=2809,Coushatta Casino Resort,2026-10-01T17:07:51.394452+00:00
2806,Lucky Suit - Ten Play Deuces Wild,IGT,Poker,$0.05,N/A,,,https://www.coushattacasinoresort.com/slot-map.php?sid=2806,https://www.coushattacasinoresort.com/slot-map.php?sid=2806,Coushatta Casino Resort,2026-10-01T17:07:51.335296+00:00
2807,Lucky Suit - Ten Play Deuces Wild,IGT,Poker,$0.10,N/A,,,https://www.coushattacasinoresort.com/slot-map.php?sid=2807,https://www.coushattacasinoresort.com/slot-map.php?sid=2807,Coushatta Casino Resort,2026-10-01T17:07:51.355522+00:00
2804,Lucky Suit - Ten Play Deuces Wild Bonus,IGT,Poker,$0.05,N/A,,,https://www.coushattacasinoresort.com/slot-map.php?sid=2804,https://www.coushattacasinoresort.com/slot-map.php?sid=2804,Coushatta Casino Resort,2026-10-01T17:07:51.287797+00:00
2805,Lucky Suit - Ten Play Deuces Wild Bonus,IGT,Poker,$0.10,N/A,,,https://www.coushattacasinoresort.com/slot-map.php?sid=2805,https://www.coushattacasinoresort.com/slot-map.php?sid=2805,Coushatta Casino Resort,2026-10-01T17:07:51.285407+00:00
2802,Lucky Suit - Ten Play Double Bonus Poker,IGT,Poker,$0.05,N/A,,,https://www.coushattacasinoresort.com/slot-map.php?sid=2802,https://www.coushattacasinoresort.com/slot-map.php?sid=2802,Coushatta Casino Resort,2026-10-01T17:07:51.219285+00:00
2803,Lucky Suit - Ten Play Double Bonus Poker,IGT,Poker,$0.10,N/A,,,https://www.coushattacasinoresort.com/slot-map.php?sid=2803,https://www.coushattacasinoresort.com/slot-map.php?sid=2803,Coushatta Casino Resort,2026-10-01T17:07:51.267037+00:00
2800,Lucky Suit - Ten Play Double Double Bonus Poker,IGT,Poker,$0.05,N/A,,,https://www.coushattacasinoresort.com/slot-map.php?sid=2800,https://www.coushattacasinoresort.com/slot-map.php?sid=2800,Coushatta Casino Resort,2026-10-01T17:07:51.164555+00:00
2801,Lucky Suit - Ten Play Double Double Bonus Poker,IGT,Poker,$0.10,N/A,,,https://www.coushattacasinoresort.com/slot-map.php?sid=2801,https://www.coushattacasinoresort.com/slot-map.php?sid=2801,Coushatta Casino Resort,2026-10-01T17:07:51.190576+00:00
2798,Lucky Suit - Ten Play Jacks or Better,IGT,Poker,$0.05,N/A,,,https://www.coushattacasinoresort.com/slot-map.php?sid=2798,https://www.coushattacasinoresort.com/slot-map.php?sid=2798,Coushatta Casino Resort,2026-10-01T17:07:51.046550+00:00
2799,Lucky Suit - Ten Play Jacks or Better,IGT,Poker,$0.10,N/A,,,https://www.coushattacasinoresort.com/slot-map.php?sid=2799,https://www.coushattacasinoresort.com/slot-map.php?sid=2799,Coushatta Casino Resort,2026-10-01T17:07:51.142120+00:00
2796,Lucky Suit - Ten Play Triple Double Bonus Poker,IGT,Poker,$0.05,N/A,,,https://www.coushattacasinoresort.com/slot-map.php?sid=2796,https://www.coushattacasinoresort.com/slot-map.php?sid=2796,Coushatta Casino Resort,2026-10-01T17:07:51.003579+00:00
2797,Lucky Suit - Ten Play Triple Double Bonus Poker,IGT,Poker,$0.10,N/A,,,https://www.coushattacasinoresort.com/slot-map.php?sid=2797,https://www.coushattacasinoresort.com/slot-map.php?sid=2797,Coushatta Casino Resort,2026-10-01T17:07:51.038736+00:00
2794,Lucky Suit - Ten Play Triple Triple Bonus Poker,IGT,Poker,$0.05,N/A,,,https://www.coushattacasinoresort.com/slot-map.php?sid=2794,https://www.coushattacasinoresort.com/slot-map.php?sid=2794,Coushatta Casino Resort,2026-10-01T17:07:51.042544+00:00
2795,Lucky Suit - Ten Play Triple Triple Bonus Poker,IGT,Poker,$0.10,N/A,,,https://www.coushattacasinoresort.com/slot-map.php?sid=2795,https://www.coushattacasinoresort.com/slot-map.php?sid=2795,Coushatta Casino Resort,2026-10-01T17:07:51.030682+00:00
2792,Lucky Suit - Triple Play Bonus Poker,IGT,Poker,$0.25,N/A,,,https://www.coushattacasinoresort.com/slot-map.php?sid=2792,https://www.coushattacasinoresort.com/slot-map.php?sid=2792,Coushatta Casino Resort,2026-10-01T17:07:50.981862+00:00
2793,Lucky Suit - Triple Play Bonus Poker,IGT,Poker,$0.50,N/A,,,https://www.coushattacasinoresort.com/slot-map.php?sid=2793,https://www.coushattacasinoresort.com/slot-map.php?sid=2793,Coushatta Casino Resort,2026-10-01T17:07:50.940859+00:00
2790,Lucky Suit - Triple Play Bonus Poker Deluxe,IGT,Poker,$0.25,N/A,,,https://www.coushattacasinoresort.com/slot-map.php?sid=2790,https://www.coushattacasinoresort.com/slot-map.php?sid=2790,Coushatta Casino Resort,2026-10-01T17:07:50.807442+00:00
2791,Lucky Suit - Triple Play Bonus Poker Deluxe,IGT,Poker,$0.50,N/A,,,https://www.coushattacasinoresort.com/slot-map.php?sid=2791,https://www.coushattacasinoresort.com/slot-map.php?sid=2791,Coushatta Casino Resort,2026-10-01T17:07:50.900807+00:00
2788,Lucky Suit - Triple Play Deuces Wild,IGT,Poker,$0.25,N/A,,,https://www.coushattacasinoresort.com/slot-map.php?sid=2788,https://www.coushattacasinoresort.com/slot-map.php?sid=2788,Coushatta Casino Resort,2026-10-01T17:07:50.775245+00:00
2789,Lucky Suit - Triple Play Deuces Wild,IGT,Poker,$0.50,N/A,,,https://www.coushattacasinoresort.com/slot-map.php?sid=2789,https://www.coushattacasinoresort.com/slot-map.php?sid=2789,Coushatta Casino Resort,2026-10-01T17:07:50.836263+00:00
2786,Lucky Suit - Triple Play Deuces Wild Bonus,IGT,Poker,$0.25,N/A,,,https://www.coushattacasinoresort.com/slot-map.php?sid=2786,https://www.coushattacasinoresort.com/slot-map.php?sid=2786,Coushatta Casino Resort,2026-10-01T17:07:50.779157+00:00
2787,Lucky Suit - Triple Play Deuces Wild Bonus,IGT,Poker,$0.50,N/A,,,https://www.coushattacasinoresort.com/slot-map.php?sid=2787,https://www.coushattacasinoresort.com/slot-map.php?sid=2787,Coushatta Casino Resort,2026-10-01T17:07:50.785403+00:00
2784,Lucky Suit - Triple Play Double Bonus Poker,IGT,Poker,$0.25,N/A,,,https://www.coushattacasinoresort.com/slot-map.php?sid=2784,https://www.coushattacasinoresort.com/slot-map.php?sid=2784,Coushatta Casino Resort,2026-10-01T17:07:50.682513+00:00
2785,Lucky Suit - Triple Play Double Bonus Poker,IGT,Poker,$0.50,N/A,,,https://www.coushattacasinoresort.com/slot-map.php?sid=2785,https://www.coushattacasinoresort.com/slot-map.php?sid=2785,Coushatta Casino Resort,2026-10-01T17:07:50.713432+00:00
2782,Lucky Suit - Triple Play Double Double Bonus Poker,IGT,Poker,$0.25,N/A,,,https://www.coushattacasinoresort.com/slot-map.php?sid=2782,https://www.coushattacasinoresort.com/slot-map.php?sid=2782,Coushatta Casino Resort,2026-10-01T17:07:50.556779+00:00
2783,Lucky Suit - Triple Play Double Double Bonus Poker,IGT,Poker,$0.50,N/A,,,https://www.coushattacasinoresort.com/slot-map.php?sid=2783,https://www.coushattacasinoresort.com/slot-map.php?sid=2783,Coushatta Casino Resort,2026-10-01T17:07:50.574710+00:00
2780,Lucky Suit - Triple Play Jacks or Better,IGT,Poker,$0.25,N/A,,,https://www.coushattacasinoresort.com/slot-map.php?sid=2780,https://www.coushattacasinoresort.com/slot-map.php?sid=2780,Coushatta Casino Resort,2026-10-01T17:07:50.567619+00:00
2781,Lucky Suit - Triple Play Jacks or Better,IGT,Poker,$0.50,N/A,,,https://www.coushattacasinoresort.com/slot-map.php?sid=2781,https://www.coushattacasinoresort.com/slot-map.php?sid=2781,Coushatta Casino Resort,2026-10-01T17:07:50.535278+00:00
2778,Lucky Suit - Triple Play Triple Double Bonus Poker,IGT,Poker,$0.25,N/A,,,https://www.coushattacasinoresort.com/slot-map.php?sid=2778,https://www.coushattacasinoresort.com/slot-map.php?sid=2778,Coushatta Casino Resort,2026-10-01T17:07:50.542105+00:00
2779,Lucky Suit - Triple Play Triple Double Bonus Poker,IGT,Poker,$0.50,N/A,,,https://www.coushattacasinoresort.com/slot-map.php?sid=2779,https://www.coushattacasinoresort.com/slot-map.php?sid=2779,Coushatta Casino Resort,2026-10-01T17:07:50.500528+00:00
2776,Lucky Suit - Triple Play Triple Triple Bonus Poker,IGT,Poker,$0.25,N/A,,,https://www.coushattacasinoresort.com/slot-map.php?sid=2776,https://www.coushattacasinoresort.com/slot-map.php?sid=2776,Coushatta Casino Resort,2026-10-01T17:07:50.475665+00:00
2777,Lucky Suit - Triple Play Triple Triple Bonus Poker,IGT,Poker,$0.50,N/A,,,https://www.coushattacasinoresort.com/slot-map.php?sid=2777,https://www.coushattacasinoresort.com/slot-map.php?sid=2777,Coushatta Casino Resort,2026-10-01T17:07:50.531315+00:00
978,Luckymon Evolution All That Glitter,Light & Wonder,Video,$0.01,Medium,3.0,,https://www.coushattacasinoresort.com/slot-map.php?sid=978,https://www.coushattacasinoresort.com/slot-map.php?sid=978,Coushatta Casino Resort,2026-10-01T17:07:14.293171+00:00
979,Luckymon Evolution Silver Platter,Light & Wonder,Video,$0.01,Medium,3.0,,https://www.coushattacasinoresort.com/slot-map.php?sid=979,https://www.coushattacasinoresort.com/slot-map.php?sid=979,Coushatta Casino Resort,2026-10-01T17:07:14.270482+00:00
1693,Magic Treasures Gold Emperor Md Pr,IGT,Video,$0.01,Medium - Low,2.0,,https://www.coushattacasinoresort.com/slot-map.php?sid=1693,https://www.coushattacasinoresort.com/slot-map.php?sid=1693,Coushatta Casino Resort,2026-10-01T17:07:22.470128+00:00
1694,Magic Treasures Gold Empress Md Pr,IGT,Video,$0.01,Medium - Low,2.0,,https://www.coushattacasinoresort.com/slot-map.php?sid=1694,https://www.coushattacasinoresort.com/slot-map.php?sid=1694,Coushatta Casino Resort,2026-10-01T17:07:22.516185+00:00
1244,Magic Wheel 7'S,Ainsworth,Video,$0.01,Medium,3.0,,https://www.coushattacasinoresort.com/slot-map.php?sid=1244,https://www.coushattacasinoresort.com/slot-map.php?sid=1244,Coushatta Casino Resort,2026-10-01T17:07:17.156187+00:00
987,Magnificent Phoenix (Mc) (Md) (Pr),IGT,Video,$0.01,Medium,3.0,,https://www.coushattacasinoresort.com/slot-map.php?sid=987,https://www.coushattacasinoresort.com/slot-map.php?sid=987,Coushatta Casino Resort,2026-10-01T17:07:14.413417+00:00
1857,Maid Of Money,IGT,Video,$0.01,N/A,,,https://www.coushattacasinoresort.com/slot-map.php?sid=1857,https://www.coushattacasinoresort.com/slot-map.php?sid=1857,Coushatta Casino Resort,2026-10-01T17:07:25.104293+00:00
707,Mariachi Bonita Ultimate Fast Cash,Aristocrat,Video,$0.01,Medium,3.0,,https://www.coushattacasinoresort.com/slot-map.php?sid=707,https://www.coushattacasinoresort.com/slot-map.php?sid=707,Coushatta Casino Resort,2026-10-01T17:07:10.404587+00:00
1388,Mariachi Party (Prog),AGS,Video,$0.01,Medium - High,3.0,,https://www.coushattacasinoresort.com/slot-map.php?sid=1388,https://www.coushattacasinoresort.com/slot-map.php?sid=1388,Coushatta Casino Resort,2026-10-01T17:07:19.270248+00:00
919,Master Da Dang Jia-Fine Fortune (P),Light & Wonder,Video,$0.01,Medium,3.0,,https://www.coushattacasinoresort.com/slot-map.php?sid=919,https://www.coushattacasinoresort.com/slot-map.php?sid=919,Coushatta Casino Resort,2026-10-01T17:07:13.503490+00:00
920,Master Da Dang Jia-Vivid Diamonds P,Light & Wonder,Video,$0.01,Medium,3.0,,https://www.coushattacasinoresort.com/slot-map.php?sid=920,https://www.coushattacasinoresort.com/slot-map.php?sid=920,Coushatta Casino Resort,2026-10-01T17:07:13.487920+00:00
1164,Mega Diamond (Md) (Prog),AGS,Reel,$0.25,Medium,3.0,,https://www.coushattacasinoresort.com/slot-map.php?sid=1164,https://www.coushattacasinoresort.com/slot-map.php?sid=1164,Coushatta Casino Resort,2026-10-01T17:07:16.287033+00:00
755,Mega Money Catch (Md)(Prog),Incredible Technologies,Video,$0.01,Medium,3.0,,https://www.coushattacasinoresort.com/slot-map.php?sid=755,https://www.coushattacasinoresort.com/slot-map.php?sid=755,Coushatta Casino Resort,2026-10-01T17:07:11.167142+00:00
756,Mega Money Catch (Md)(Prog),Incredible Technologies,Video,$0.02,Medium,3.0,,https://www.coushattacasinoresort.com/slot-map.php?sid=756,https://www.coushattacasinoresort.com/slot-map.php?sid=756,Coushatta Casino Resort,2026-10-01T17:07:11.174186+00:00
757,Mega Money Catch (Md)(Prog),Incredible Technologies,Video,$0.05,Medium,3.0,,https://www.coushattacasinoresort.com/slot-map.php?sid=757,https://www.coushattacasinoresort.com/slot-map.php?sid=757,Coushatta Casino Resort,2026-10-01T17:07:11.229429+00:00
1599,Mega Power Buffalo (Mc) (Md) (Pr),Aristocrat,Video,$0.01,Medium - Low,2.0,,https://www.coushattacasinoresort.com/slot-map.php?sid=1599,https://www.coushattacasinoresort.com/slot-map.php?sid=1599,Coushatta Casino Resort,2026-10-01T17:07:21.329186+00:00
1598,Mega Power Timberwolf (Mc) (Md) (P),Aristocrat,Video,$0.01,Medium - Low,2.0,,https://www.coushattacasinoresort.com/slot-map.php?sid=1598,https://www.coushattacasinoresort.com/slot-map.php?sid=1598,Coushatta Casino Resort,2026-10-01T17:07:21.295423+00:00
2627,Midnight Express Fat Rhino Md (Pr),Aristocrat,Video,$0.01,N/A,,,https://www.coushattacasinoresort.com/slot-map.php?sid=2627,https://www.coushattacasinoresort.com/slot-map.php?sid=2627,Coushatta Casino Resort,2026-10-01T17:07:45.933492+00:00
2628,Midnight Express Jungle Beat Md Pr,Aristocrat,Video,$0.01,N/A,,,https://www.coushattacasinoresort.com/slot-map.php?sid=2628,https://www.coushattacasinoresort.com/slot-map.php?sid=2628,Coushatta Casino Resort,2026-10-01T17:07:45.941227+00:00
2626,Midnight Express Mr. Big (Md) (Pr),Aristocrat,Video,$0.01,N/A,,,https://www.coushattacasinoresort.com/slot-map.php?sid=2626,https://www.coushattacasinoresort.com/slot-map.php?sid=2626,Coushatta Casino Resort,2026-10-01T17:07:45.949276+00:00
617,Miner'S Dream Red (Mc) (Md) (Prog),IGT,Video,$0.01,Medium,3.0,,https://www.coushattacasinoresort.com/slot-map.php?sid=617,https://www.coushattacasinoresort.com/slot-map.php?sid=617,Coushatta Casino Resort,2026-10-01T17:07:09.143526+00:00
649,Mistress Of Egypt (Md) {Car Bank},IGT,Video,$0.01,Medium,3.0,,https://www.coushattacasinoresort.com/slot-map.php?sid=649,https://www.coushattacasinoresort.com/slot-map.php?sid=649,Coushatta Casino Resort,2026-10-01T17:07:09.570956+00:00
650,Mistress Of Egypt (Md) {Car Bank},IGT,Video,$0.02,Medium,3.0,,https://www.coushattacasinoresort.com/slot-map.php?sid=650,https://www.coushattacasinoresort.com/slot-map.php?sid=650,Coushatta Casino Resort,2026-10-01T17:07:09.577711+00:00
651,Mistress Of Egypt (Md) {Car Bank},IGT,Video,$0.05,Medium,3.0,,https://www.coushattacasinoresort.com/slot-map.php?sid=651,https://www.coushattacasinoresort.com/slot-map.php?sid=651,Coushatta Casino Resort,2026-10-01T17:07:09.586292+00:00
703,Mo Mo Mo Mummy Midnight Treasures Md Pr,Aristocrat,Video,$0.01,Medium,3.0,,https://www.coushattacasinoresort.com/slot-map.php?sid=703,https://www.coushattacasinoresort.com/slot-map.php?sid=703,Coushatta Casino Resort,2026-10-01T17:07:10.356673+00:00
1050,Mo Mo Mo Mummy Midnight Treasures Md Pr,Aristocrat,Video,$0.02,Medium,3.0,,https://www.coushattacasinoresort.com/slot-map.php?sid=1050,https://www.coushattacasinoresort.com/slot-map.php?sid=1050,Coushatta Casino Resort,2026-10-01T17:07:15.218492+00:00
1051,Mo Mo Mo Mummy Midnight Treasures Md Pr,Aristocrat,Video,$0.05,Medium,3.0,,https://www.coushattacasinoresort.com/slot-map.php?sid=1051,https://www.coushattacasinoresort.com/slot-map.php?sid=1051,Coushatta Casino Resort,2026-10-01T17:07:15.213582+00:00
1052,Mo Mo Mo Mummy Midnight Treasures Md Pr,Aristocrat,Video,$0.10,Medium,3.0,,https://www.coushattacasinoresort.com/slot-map.php?sid=1052,https://www.coushattacasinoresort.com/slot-map.php?sid=1052,Coushatta Casino Resort,2026-10-01T17:07:15.275861+00:00
702,Mo Mo Mo Mummy Sunlight Riches Mc Md Pr,Aristocrat,Video,$0.01,Medium,3.0,,https://www.coushattacasinoresort.com/slot-map.php?sid=702,https://www.coushattacasinoresort.com/slot-map.php?sid=702,Coushatta Casino Resort,2026-10-01T17:07:10.350550+00:00
1054,Mo Mo Mo Mummy Sunlight Riches Mc Md Pr,Aristocrat,Video,$0.02,Medium,3.0,,https://www.coushattacasinoresort.com/slot-map.php?sid=1054,https://www.coushattacasinoresort.com/slot-map.php?sid=1054,Coushatta Casino Resort,2026-10-01T17:07:15.246402+00:00
1055,Mo Mo Mo Mummy Sunlight Riches Mc Md Pr,Aristocrat,Video,$0.05,Medium,3.0,,https://www.coushattacasinoresort.com/slot-map.php?sid=1055,https://www.coushattacasinoresort.com/slot-map.php?sid=1055,Coushatta Casino Resort,2026-10-01T17:07:15.239647+00:00
1056,Mo Mo Mo Mummy Sunlight Riches Mc Md Pr,Aristocrat,Video,$0.10,Medium,3.0,,https://www.coushattacasinoresort.com/slot-map.php?sid=1056,https://www.coushattacasinoresort.com/slot-map.php?sid=1056,Coushatta Casino Resort,2026-10-01T17:07:15.286381+00:00
366,Mo Mummy Spooky (Mc) (Md) (Prog),Aristocrat,Video,$0.01,High,4.0,,https://www.coushattacasinoresort.com/slot-map.php?sid=366,https://www.coushattacasinoresort.com/slot-map.php?sid=366,Coushatta Casino Resort,2026-10-01T17:07:05.956565+00:00
367,Mo Mummy Spooky (Mc) (Md) (Prog),Aristocrat,Video,$0.02,High,4.0,,https://www.coushattacasinoresort.com/slot-map.php?sid=367,https://www.coushattacasinoresort.com/slot-map.php?sid=367,Coushatta Casino Resort,2026-10-01T17:07:05.982740+00:00
368,Mo Mummy Spooky (Mc) (Md) (Prog),Aristocrat,Video,$0.05,High,4.0,,https://www.coushattacasinoresort.com/slot-map.php?sid=368,https://www.coushattacasinoresort.com/slot-map.php?sid=368,Coushatta Casino Resort,2026-10-01T17:07:06.025194+00:00
1609,Mo Mummy: Mighty Pyramid (Mc)(Md)Pr,Aristocrat,Video,$0.01,Medium - Low,2.0,,https://www.coushattacasinoresort.com/slot-map.php?sid=1609,https://www.coushattacasinoresort.com/slot-map.php?sid=1609,Coushatta Casino Resort,2026-10-01T17:07:21.325043+00:00
1610,Mo Mummy: Mighty Pyramid (Mc)(Md)Pr,Aristocrat,Video,$0.02,Medium - Low,2.0,,https://www.coushattacasinoresort.com/slot-map.php?sid=1610,https://www.coushattacasinoresort.com/slot-map.php?sid=1610,Coushatta Casino Resort,2026-10-01T17:07:21.336712+00:00
1611,Mo Mummy: Mighty Pyramid (Mc)(Md)Pr,Aristocrat,Video,$0.05,Medium - Low,2.0,,https://www.coushattacasinoresort.com/slot-map.php?sid=1611,https://www.coushattacasinoresort.com/slot-map.php?sid=1611,Coushatta Casino Resort,2026-10-01T17:07:21.342208+00:00
1612,Mo Mummy: Mighty Pyramid (Mc)(Md)Pr,Aristocrat,Video,$0.10,Medium - Low,2.0,,https://www.coushattacasinoresort.com/slot-map.php?sid=1612,https://www.coushattacasinoresort.com/slot-map.php?sid=1612,Coushatta Casino Resort,2026-10-01T17:07:21.365483+00:00
1624,Mo Mummy: Mighty Pyramid (Mc)(Md)Pr,Aristocrat,Video,$1.00,Medium - Low,2.0,,https://www.coushattacasinoresort.com/slot-map.php?sid=1624,https://www.coushattacasinoresort.com/slot-map.php?sid=1624,Coushatta Casino Resort,2026-10-01T17:07:21.526727+00:00
1613,Mo Mummy:Valley Of Riches (Mc)(Md)P,Aristocrat,Video,$0.01,Medium - Low,2.0,,https://www.coushattacasinoresort.com/slot-map.php?sid=1613,https://www.coushattacasinoresort.com/slot-map.php?sid=1613,Coushatta Casino Resort,2026-10-01T17:07:21.370710+00:00
1614,Mo Mummy:Valley Of Riches (Mc)(Md)P,Aristocrat,Video,$0.02,Medium - Low,2.0,,https://www.coushattacasinoresort.com/slot-map.php?sid=1614,https://www.coushattacasinoresort.com/slot-map.php?sid=1614,Coushatta Casino Resort,2026-10-01T17:07:21.401753+00:00
1615,Mo Mummy:Valley Of Riches (Mc)(Md)P,Aristocrat,Video,$0.05,Medium - Low,2.0,,https://www.coushattacasinoresort.com/slot-map.php?sid=1615,https://www.coushattacasinoresort.com/slot-map.php?sid=1615,Coushatta Casino Resort,2026-10-01T17:07:21.427142+00:00
1616,Mo Mummy:Valley Of Riches (Mc)(Md)P,Aristocrat,Video,$0.10,Medium - Low,2.0,,https://www.coushattacasinoresort.com/slot-map.php?sid=1616,https://www.coushattacasinoresort.com/slot-map.php?sid=1616,Coushatta Casino Resort,2026-10-01T17:07:21.432279+00:00
1623,Mo Mummy:Valley Of Riches (Mc)(Md)P,Aristocrat,Video,$1.00,Medium - Low,2.0,,https://www.coushattacasinoresort.com/slot-map.php?sid=1623,https://www.coushattacasinoresort.com/slot-map.php?sid=1623,Coushatta Casino Resort,2026-10-01T17:07:21.531274+00:00
470,Money Comb,IGT,Video,$0.01,Low,2.0,,https://www.coushattacasinoresort.com/slot-map.php?sid=470,https://www.coushattacasinoresort.com/slot-map.php?sid=470,Coushatta Casino Resort,2026-10-01T17:07:07.216551+00:00
1288,Money In The Bank Bacon Blvd (Pr),Konami,Video,$0.01,Medium - High,3.0,,https://www.coushattacasinoresort.com/slot-map.php?sid=1288,https://www.coushattacasinoresort.com/slot-map.php?sid=1288,Coushatta Casino Resort,2026-10-01T17:07:17.779971+00:00
1189,Monkey Treasure Mc Md Prog,AGS,Video,$0.01,Medium,3.0,,https://www.coushattacasinoresort.com/slot-map.php?sid=1189,https://www.coushattacasinoresort.com/slot-map.php?sid=1189,Coushatta Casino Resort,2026-10-01T17:07:16.657185+00:00
1387,Monopoly X:Beijing Railroad Mc Md P,Light & Wonder,Video,$0.01,Medium - High,3.0,,https://www.coushattacasinoresort.com/slot-map.php?sid=1387,https://www.coushattacasinoresort.com/slot-map.php?sid=1387,Coushatta Casino Resort,2026-10-01T17:07:19.267569+00:00
1386,Monopoly X:Pacific Station Mc Md Pr,Light & Wonder,Video,$0.01,Medium - High,3.0,,https://www.coushattacasinoresort.com/slot-map.php?sid=1386,https://www.coushattacasinoresort.com/slot-map.php?sid=1386,Coushatta Casino Resort,2026-10-01T17:07:19.282843+00:00
1702,Monopoly:Big Board Bucks Mc Md Prog,Aristocrat,Video,$0.01,Medium - Low,2.0,,https://www.coushattacasinoresort.com/slot-map.php?sid=1702,https://www.coushattacasinoresort.com/slot-map.php?sid=1702,Coushatta Casino Resort,2026-10-01T17:07:22.616339+00:00
1484,Monster Jackpots-Frankenstein Wap,Light & Wonder,Reel,$0.50,Medium - High,3.0,,https://www.coushattacasinoresort.com/slot-map.php?sid=1484,https://www.coushattacasinoresort.com/slot-map.php?sid=1484,Coushatta Casino Resort,2026-10-01T17:07:20.449655+00:00
1483,Monster Jackpots-The Mummy Md Wap,Light & Wonder,Reel,$0.50,Medium - High,3.0,,https://www.coushattacasinoresort.com/slot-map.php?sid=1483,https://www.coushattacasinoresort.com/slot-map.php?sid=1483,Coushatta Casino Resort,2026-10-01T17:07:20.410037+00:00
1473,Mr. Caliente'S Dance Party Md Prog,Aruze,Video,$0.01,Medium - High,3.0,,https://www.coushattacasinoresort.com/slot-map.php?sid=1473,https://www.coushattacasinoresort.com/slot-map.php?sid=1473,Coushatta Casino Resort,2026-10-01T17:07:20.307563+00:00
1474,Mr. Dig-Me A Winner Md Prog,Aruze,Video,$0.01,Medium - High,3.0,,https://www.coushattacasinoresort.com/slot-map.php?sid=1474,https://www.coushattacasinoresort.com/slot-map.php?sid=1474,Coushatta Casino Resort,2026-10-01T17:07:20.330709+00:00
49,Multi-Card Keno,IGT,Video,$0.05,High,4.0,,https://www.coushattacasinoresort.com/slot-map.php?sid=49,https://www.coushattacasinoresort.com/slot-map.php?sid=49,Coushatta Casino Resort,2026-10-01T17:07:01.990567+00:00
50,Multi-Card Keno,IGT,Video,$0.10,High,4.0,,https://www.coushattacasinoresort.com/slot-map.php?sid=50,https://www.coushattacasinoresort.com/slot-map.php?sid=50,Coushatta Casino Resort,2026-10-01T17:07:01.995069+00:00
62,Multi-Card Keno,IGT,Poker,$0.02,High,4.0,,https://www.coushattacasinoresort.com/slot-map.php?sid=62,https://www.coushattacasinoresort.com/slot-map.php?sid=62,Coushatta Casino Resort,2026-10-01T17:07:02.140895+00:00
63,Multi-Card Keno,IGT,Poker,$0.05,High,4.0,,https://www.coushattacasinoresort.com/slot-map.php?sid=63,https://www.coushattacasinoresort.com/slot-map.php?sid=63,Coushatta Casino Resort,2026-10-01T17:07:02.233396+00:00
64,Multi-Card Keno,IGT,Poker,$0.10,High,4.0,,https://www.coushattacasinoresort.com/slot-map.php?sid=64,https://www.coushattacasinoresort.com/slot-map.php?sid=64,Coushatta Casino Resort,2026-10-01T17:07:02.272628+00:00
172,Multi-Card Keno,IGT Poker,Poker,$0.02,High,4.0,,https://www.coushattacasinoresort.com/slot-map.php?sid=172,https://www.coushattacasinoresort.com/slot-map.php?sid=172,Coushatta Casino Resort,2026-10-01T17:07:03.917236+00:00
173,Multi-Card Keno,IGT Poker,Poker,$0.05,High,4.0,,https://www.coushattacasinoresort.com/slot-map.php?sid=173,https://www.coushattacasinoresort.com/slot-map.php?sid=173,Coushatta Casino Resort,2026-10-01T17:07:03.949217+00:00
245,Multi-Card Keno,IGT Poker,Poker,$0.10,High,4.0,,https://www.coushattacasinoresort.com/slot-map.php?sid=245,https://www.coushattacasinoresort.com/slot-map.php?sid=245,Coushatta Casino Resort,2026-10-01T17:07:04.841031+00:00
490,Mystical Mermaid,IGT,Video,$0.10,Low,2.0,,https://www.coushattacasinoresort.com/slot-map.php?sid=490,https://www.coushattacasinoresort.com/slot-map.php?sid=490,Coushatta Casino Resort,2026-10-01T17:07:07.559932+00:00
1801,Mystical Mermaid 20 line,IGT,Video,$0.01,N/A,,,https://www.coushattacasinoresort.com/slot-map.php?sid=1801,https://www.coushattacasinoresort.com/slot-map.php?sid=1801,Coushatta Casino Resort,2026-10-01T17:07:24.069098+00:00
1802,Mystical Mermaid 20 line,IGT,Video,$0.02,N/A,,,https://www.coushattacasinoresort.com/slot-map.php?sid=1802,https://www.coushattacasinoresort.com/slot-map.php?sid=1802,Coushatta Casino Resort,2026-10-01T17:07:24.059362+00:00
219,Mystical Unicorn Wheel (Md) (Prog),Light & Wonder,Video,$0.01,High,4.0,,https://www.coushattacasinoresort.com/slot-map.php?sid=219,https://www.coushattacasinoresort.com/slot-map.php?sid=219,Coushatta Casino Resort,2026-10-01T17:07:04.482580+00:00
220,Mystical Unicorn Wheel (Md) (Prog),Light & Wonder,Video,$0.02,High,4.0,,https://www.coushattacasinoresort.com/slot-map.php?sid=220,https://www.coushattacasinoresort.com/slot-map.php?sid=220,Coushatta Casino Resort,2026-10-01T17:07:04.486372+00:00
221,Mystical Unicorn Wheel (Md) (Prog),Light & Wonder,Video,$0.05,High,4.0,,https://www.coushattacasinoresort.com/slot-map.php?sid=221,https://www.coushattacasinoresort.com/slot-map.php?sid=221,Coushatta Casino Resort,2026-10-01T17:07:04.673351+00:00
222,Mystical Unicorn Wheel (Md) (Prog),Light & Wonder,Video,$0.10,High,4.0,,https://www.coushattacasinoresort.com/slot-map.php?sid=222,https://www.coushattacasinoresort.com/slot-map.php?sid=222,Coushatta Casino Resort,2026-10-01T17:07:04.512852+00:00
1245,Nfl-Super Grand Champions Mc Md Pr,Aristocrat,Video,$0.01,Medium,3.0,,https://www.coushattacasinoresort.com/slot-map.php?sid=1245,https://www.coushattacasinoresort.com/slot-map.php?sid=1245,Coushatta Casino Resort,2026-10-01T17:07:17.187144+00:00
56,Night Sky,IGT,Video,$0.01,High,4.0,,https://www.coushattacasinoresort.com/slot-map.php?sid=56,https://www.coushattacasinoresort.com/slot-map.php?sid=56,Coushatta Casino Resort,2026-10-01T17:07:02.186949+00:00
36,Noah'S Ark,IGT,Video,$0.01,High,4.0,,https://www.coushattacasinoresort.com/slot-map.php?sid=36,https://www.coushattacasinoresort.com/slot-map.php?sid=36,Coushatta Casino Resort,2026-10-01T17:07:01.751706+00:00
516,Noahs Ark,IGT,Video,$1.00,Low,2.0,,https://www.coushattacasinoresort.com/slot-map.php?sid=516,https://www.coushattacasinoresort.com/slot-map.php?sid=516,Coushatta Casino Resort,2026-10-01T17:07:07.928563+00:00
448,Ocean Magic (Prog) (Md) {Car Bank},IGT,Video,$0.01,Low,2.0,,https://www.coushattacasinoresort.com/slot-map.php?sid=448,https://www.coushattacasinoresort.com/slot-map.php?sid=448,Coushatta Casino Resort,2026-10-01T17:07:06.916711+00:00
449,Ocean Magic (Prog) (Md) {Car Bank},IGT,Video,$0.02,Low,2.0,,https://www.coushattacasinoresort.com/slot-map.php?sid=449,https://www.coushattacasinoresort.com/slot-map.php?sid=449,Coushatta Casino Resort,2026-10-01T17:07:06.920567+00:00
450,Ocean Magic (Prog) (Md) {Car Bank},IGT,Video,$0.05,Low,2.0,,https://www.coushattacasinoresort.com/slot-map.php?sid=450,https://www.coushattacasinoresort.com/slot-map.php?sid=450,Coushatta Casino Resort,2026-10-01T17:07:06.938819+00:00
928,Ocean Magic Bubble Boost (Md) (Pr),IGT,Video,$0.01,Medium,3.0,,https://www.coushattacasinoresort.com/slot-map.php?sid=928,https://www.coushattacasinoresort.com/slot-map.php?sid=928,Coushatta Casino Resort,2026-10-01T17:07:13.609547+00:00
1037,Ocean Magic Treasure Box Dizzy Pr,IGT,VIdeo,$0.01,Medium,3.0,,https://www.coushattacasinoresort.com/slot-map.php?sid=1037,https://www.coushattacasinoresort.com/slot-map.php?sid=1037,Coushatta Casino Resort,2026-10-01T17:07:15.010846+00:00
1038,Ocean Magic Treasure Box Mermaid Pr,IGT,VIdeo,$0.01,Medium,3.0,,https://www.coushattacasinoresort.com/slot-map.php?sid=1038,https://www.coushattacasinoresort.com/slot-map.php?sid=1038,Coushatta Casino Resort,2026-10-01T17:07:15.062907+00:00
808,Outback Jack (Prog),Aristocrat,Video,$0.01,Medium,3.0,,https://www.coushattacasinoresort.com/slot-map.php?sid=808,https://www.coushattacasinoresort.com/slot-map.php?sid=808,Coushatta Casino Resort,2026-10-01T17:07:11.927443+00:00
563,Panda Blessings (Prog),AGS,Video,$0.01,Low,2.0,,https://www.coushattacasinoresort.com/slot-map.php?sid=563,https://www.coushattacasinoresort.com/slot-map.php?sid=563,Coushatta Casino Resort,2026-10-01T17:07:08.411705+00:00
600,Patriot (Prog),Everi,Reel,$1.00,Medium,3.0,,https://www.coushattacasinoresort.com/slot-map.php?sid=600,https://www.coushattacasinoresort.com/slot-map.php?sid=600,Coushatta Casino Resort,2026-10-01T17:07:08.880927+00:00
810,Patriot Extra Spin (Md) (Prog),Everi,Reel,$1.00,Medium,3.0,,https://www.coushattacasinoresort.com/slot-map.php?sid=810,https://www.coushattacasinoresort.com/slot-map.php?sid=810,Coushatta Casino Resort,2026-10-01T17:07:11.975816+00:00
1134,Patriot Extra Spin (Md) (Prog),Everi,Reel,$0.25,Medium,3.0,,https://www.coushattacasinoresort.com/slot-map.php?sid=1134,https://www.coushattacasinoresort.com/slot-map.php?sid=1134,Coushatta Casino Resort,2026-10-01T17:07:15.854855+00:00
667,Patriot Jackpots (Prog),Everi,Reel,$1.00,Medium,3.0,,https://www.coushattacasinoresort.com/slot-map.php?sid=667,https://www.coushattacasinoresort.com/slot-map.php?sid=667,Coushatta Casino Resort,2026-10-01T17:07:09.847379+00:00
1135,Pay Upgrade: Lightning Wilds (Prog),Everi,Reel,$0.25,Medium,3.0,,https://www.coushattacasinoresort.com/slot-map.php?sid=1135,https://www.coushattacasinoresort.com/slot-map.php?sid=1135,Coushatta Casino Resort,2026-10-01T17:07:15.865924+00:00
1701,Pepper Fiesta Spicy Fortunes Md Pr,Aristocrat,Video,$0.01,Medium - Low,2.0,,https://www.coushattacasinoresort.com/slot-map.php?sid=1701,https://www.coushattacasinoresort.com/slot-map.php?sid=1701,Coushatta Casino Resort,2026-10-01T17:07:22.574743+00:00
847,Pharaoh'S Fortune,IGT,Video,$1.00,Medium,3.0,,https://www.coushattacasinoresort.com/slot-map.php?sid=847,https://www.coushattacasinoresort.com/slot-map.php?sid=847,Coushatta Casino Resort,2026-10-01T17:07:12.504994+00:00
1805,Pharoahs Fortune 15 line,IGT,Video,$0.01,N/A,,,https://www.coushattacasinoresort.com/slot-map.php?sid=1805,https://www.coushattacasinoresort.com/slot-map.php?sid=1805,Coushatta Casino Resort,2026-10-01T17:07:24.094078+00:00
1806,Pharoahs Fortune 15 line,IGT,Video,$0.02,N/A,,,https://www.coushattacasinoresort.com/slot-map.php?sid=1806,https://www.coushattacasinoresort.com/slot-map.php?sid=1806,Coushatta Casino Resort,2026-10-01T17:07:24.085179+00:00
2446,Pharoahs Fortune 15 line,IGT,Poker,$0.01,N/A,,,https://www.coushattacasinoresort.com/slot-map.php?sid=2446,https://www.coushattacasinoresort.com/slot-map.php?sid=2446,Coushatta Casino Resort,2026-10-01T17:07:42.704160+00:00
2447,Pharoahs Fortune 15 line,IGT,Poker,$0.02,N/A,,,https://www.coushattacasinoresort.com/slot-map.php?sid=2447,https://www.coushattacasinoresort.com/slot-map.php?sid=2447,Coushatta Casino Resort,2026-10-01T17:07:42.718100+00:00
986,Phoenix Bowl (Md) (Prog),IGT,Video,$0.01,Medium,3.0,,https://www.coushattacasinoresort.com/slot-map.php?sid=986,https://www.coushattacasinoresort.com/slot-map.php?sid=986,Coushatta Casino Resort,2026-10-01T17:07:14.378514+00:00
1352,Phoenix Link:Confucius Say Mc Md P,Aristocrat,Video,$0.01,Medium - High,3.0,,https://www.coushattacasinoresort.com/slot-map.php?sid=1352,https://www.coushattacasinoresort.com/slot-map.php?sid=1352,Coushatta Casino Resort,2026-10-01T17:07:18.777358+00:00
1353,Phoenix Link:Confucius Say Mc Md P,Aristocrat,Video,$0.02,Medium - High,3.0,,https://www.coushattacasinoresort.com/slot-map.php?sid=1353,https://www.coushattacasinoresort.com/slot-map.php?sid=1353,Coushatta Casino Resort,2026-10-01T17:07:18.767666+00:00
1354,Phoenix Link:Confucius Say Mc Md P,Aristocrat,Video,$0.05,Medium - High,3.0,,https://www.coushattacasinoresort.com/slot-map.php?sid=1354,https://www.coushattacasinoresort.com/slot-map.php?sid=1354,Coushatta Casino Resort,2026-10-01T17:07:18.758916+00:00
1355,Phoenix Link:Confucius Say Mc Md P,Aristocrat,Video,$0.10,Medium - High,3.0,,https://www.coushattacasinoresort.com/slot-map.php?sid=1355,https://www.coushattacasinoresort.com/slot-map.php?sid=1355,Coushatta Casino Resort,2026-10-01T17:07:18.772359+00:00
1356,Phoenix Link:Confucius Say Mc Md P,Aristocrat,Video,$0.25,Medium - High,3.0,,https://www.coushattacasinoresort.com/slot-map.php?sid=1356,https://www.coushattacasinoresort.com/slot-map.php?sid=1356,Coushatta Casino Resort,2026-10-01T17:07:18.851062+00:00
1357,Phoenix Link:Confucius Say Mc Md P,Aristocrat,Video,$1.00,Medium - High,3.0,,https://www.coushattacasinoresort.com/slot-map.php?sid=1357,https://www.coushattacasinoresort.com/slot-map.php?sid=1357,Coushatta Casino Resort,2026-10-01T17:07:18.841233+00:00
1358,Phoenix Link:Confucius Say Mc Md P,Aristocrat,Video,$2.00,Medium - High,3.0,,https://www.coushattacasinoresort.com/slot-map.php?sid=1358,https://www.coushattacasinoresort.com/slot-map.php?sid=1358,Coushatta Casino Resort,2026-10-01T17:07:18.855295+00:00
1359,Phoenix Link:General Tso Mc Md Pr,Aristocrat,Video,$0.01,Medium - High,3.0,,https://www.coushattacasinoresort.com/slot-map.php?sid=1359,https://www.coushattacasinoresort.com/slot-map.php?sid=1359,Coushatta Casino Resort,2026-10-01T17:07:18.856750+00:00
1360,Phoenix Link:General Tso Mc Md Pr,Aristocrat,Video,$0.02,Medium - High,3.0,,https://www.coushattacasinoresort.com/slot-map.php?sid=1360,https://www.coushattacasinoresort.com/slot-map.php?sid=1360,Coushatta Casino Resort,2026-10-01T17:07:18.886750+00:00
1361,Phoenix Link:General Tso Mc Md Pr,Aristocrat,Video,$0.05,Medium - High,3.0,,https://www.coushattacasinoresort.com/slot-map.php?sid=1361,https://www.coushattacasinoresort.com/slot-map.php?sid=1361,Coushatta Casino Resort,2026-10-01T17:07:18.879855+00:00
1362,Phoenix Link:General Tso Mc Md Pr,Aristocrat,Video,$0.10,Medium - High,3.0,,https://www.coushattacasinoresort.com/slot-map.php?sid=1362,https://www.coushattacasinoresort.com/slot-map.php?sid=1362,Coushatta Casino Resort,2026-10-01T17:07:18.883145+00:00
1363,Phoenix Link:General Tso Mc Md Pr,Aristocrat,Video,$0.25,Medium - High,3.0,,https://www.coushattacasinoresort.com/slot-map.php?sid=1363,https://www.coushattacasinoresort.com/slot-map.php?sid=1363,Coushatta Casino Resort,2026-10-01T17:07:18.906028+00:00
1364,Phoenix Link:General Tso Mc Md Pr,Aristocrat,Video,$1.00,Medium - High,3.0,,https://www.coushattacasinoresort.com/slot-map.php?sid=1364,https://www.coushattacasinoresort.com/slot-map.php?sid=1364,Coushatta Casino Resort,2026-10-01T17:07:18.963745+00:00
1365,Phoenix Link:General Tso Mc Md Pr,Aristocrat,Video,$2.00,Medium - High,3.0,,https://www.coushattacasinoresort.com/slot-map.php?sid=1365,https://www.coushattacasinoresort.com/slot-map.php?sid=1365,Coushatta Casino Resort,2026-10-01T17:07:18.976132+00:00
1366,Phoenix Link:Queen Chiu Mc Md Pr,Aristocrat,Video,$0.01,Medium - High,3.0,,https://www.coushattacasinoresort.com/slot-map.php?sid=1366,https://www.coushattacasinoresort.com/slot-map.php?sid=1366,Coushatta Casino Resort,2026-10-01T17:07:18.993833+00:00
1367,Phoenix Link:Queen Chiu Mc Md Pr,Aristocrat,Video,$0.02,Medium - High,3.0,,https://www.coushattacasinoresort.com/slot-map.php?sid=1367,https://www.coushattacasinoresort.com/slot-map.php?sid=1367,Coushatta Casino Resort,2026-10-01T17:07:18.997628+00:00
1368,Phoenix Link:Queen Chiu Mc Md Pr,Aristocrat,Video,$0.05,Medium - High,3.0,,https://www.coushattacasinoresort.com/slot-map.php?sid=1368,https://www.coushattacasinoresort.com/slot-map.php?sid=1368,Coushatta Casino Resort,2026-10-01T17:07:19.003621+00:00
1369,Phoenix Link:Queen Chiu Mc Md Pr,Aristocrat,Video,$0.10,Medium - High,3.0,,https://www.coushattacasinoresort.com/slot-map.php?sid=1369,https://www.coushattacasinoresort.com/slot-map.php?sid=1369,Coushatta Casino Resort,2026-10-01T17:07:19.025497+00:00
1370,Phoenix Link:Queen Chiu Mc Md Pr,Aristocrat,Video,$0.25,Medium - High,3.0,,https://www.coushattacasinoresort.com/slot-map.php?sid=1370,https://www.coushattacasinoresort.com/slot-map.php?sid=1370,Coushatta Casino Resort,2026-10-01T17:07:19.010987+00:00
1371,Phoenix Link:Queen Chiu Mc Md Pr,Aristocrat,Video,$1.00,Medium - High,3.0,,https://www.coushattacasinoresort.com/slot-map.php?sid=1371,https://www.coushattacasinoresort.com/slot-map.php?sid=1371,Coushatta Casino Resort,2026-10-01T17:07:19.039147+00:00
1372,Phoenix Link:Queen Chiu Mc Md Pr,Aristocrat,Video,$2.00,Medium - High,3.0,,https://www.coushattacasinoresort.com/slot-map.php?sid=1372,https://www.coushattacasinoresort.com/slot-map.php?sid=1372,Coushatta Casino Resort,2026-10-01T17:07:19.071003+00:00
1373,Phoenix Link:Sensei Master Mc Md Pr,Aristocrat,Video,$0.01,Medium - High,3.0,,https://www.coushattacasinoresort.com/slot-map.php?sid=1373,https://www.coushattacasinoresort.com/slot-map.php?sid=1373,Coushatta Casino Resort,2026-10-01T17:07:19.225419+00:00
1374,Phoenix Link:Sensei Master Mc Md Pr,Aristocrat,Video,$0.02,Medium - High,3.0,,https://www.coushattacasinoresort.com/slot-map.php?sid=1374,https://www.coushattacasinoresort.com/slot-map.php?sid=1374,Coushatta Casino Resort,2026-10-01T17:07:19.126511+00:00
1375,Phoenix Link:Sensei Master Mc Md Pr,Aristocrat,Video,$0.05,Medium - High,3.0,,https://www.coushattacasinoresort.com/slot-map.php?sid=1375,https://www.coushattacasinoresort.com/slot-map.php?sid=1375,Coushatta Casino Resort,2026-10-01T17:07:19.125037+00:00
1376,Phoenix Link:Sensei Master Mc Md Pr,Aristocrat,Video,$0.10,Medium - High,3.0,,https://www.coushattacasinoresort.com/slot-map.php?sid=1376,https://www.coushattacasinoresort.com/slot-map.php?sid=1376,Coushatta Casino Resort,2026-10-01T17:07:19.133259+00:00
1377,Phoenix Link:Sensei Master Mc Md Pr,Aristocrat,Video,$0.25,Medium - High,3.0,,https://www.coushattacasinoresort.com/slot-map.php?sid=1377,https://www.coushattacasinoresort.com/slot-map.php?sid=1377,Coushatta Casino Resort,2026-10-01T17:07:19.123283+00:00
1378,Phoenix Link:Sensei Master Mc Md Pr,Aristocrat,Video,$1.00,Medium - High,3.0,,https://www.coushattacasinoresort.com/slot-map.php?sid=1378,https://www.coushattacasinoresort.com/slot-map.php?sid=1378,Coushatta Casino Resort,2026-10-01T17:07:19.136408+00:00
1379,Phoenix Link:Sensei Master Mc Md Pr,Aristocrat,Video,$2.00,Medium - High,3.0,,https://www.coushattacasinoresort.com/slot-map.php?sid=1379,https://www.coushattacasinoresort.com/slot-map.php?sid=1379,Coushatta Casino Resort,2026-10-01T17:07:19.139853+00:00
2543,Pick A Pair,IGT Poker,Poker,$0.25,N/A,,,https://www.coushattacasinoresort.com/slot-map.php?sid=2543,https://www.coushattacasinoresort.com/slot-map.php?sid=2543,Coushatta Casino Resort,2026-10-01T17:07:44.518867+00:00
2544,Pick A Pair,IGT Poker,Poker,$0.50,N/A,,,https://www.coushattacasinoresort.com/slot-map.php?sid=2544,https://www.coushattacasinoresort.com/slot-map.php?sid=2544,Coushatta Casino Resort,2026-10-01T17:07:44.563933+00:00
2545,Pick A Pair,IGT Poker,Poker,$1.00,N/A,,,https://www.coushattacasinoresort.com/slot-map.php?sid=2545,https://www.coushattacasinoresort.com/slot-map.php?sid=2545,Coushatta Casino Resort,2026-10-01T17:07:44.589315+00:00
2546,Pick A Pair,IGT Poker,Poker,$2.00,N/A,,,https://www.coushattacasinoresort.com/slot-map.php?sid=2546,https://www.coushattacasinoresort.com/slot-map.php?sid=2546,Coushatta Casino Resort,2026-10-01T17:07:44.669861+00:00
2547,Pick A Pair,IGT Poker,Poker,$5.00,N/A,,,https://www.coushattacasinoresort.com/slot-map.php?sid=2547,https://www.coushattacasinoresort.com/slot-map.php?sid=2547,Coushatta Casino Resort,2026-10-01T17:07:44.695115+00:00
836,Piggy Bankin Break In (Mc) (Md) Prog,Light & Wonder,Video,$0.01,Medium,3.0,,https://www.coushattacasinoresort.com/slot-map.php?sid=836,https://www.coushattacasinoresort.com/slot-map.php?sid=836,Coushatta Casino Resort,2026-10-01T17:07:12.387849+00:00
837,Piggy Bankin Break In (Mc) (Md) Prog,Light & Wonder,Video,$0.02,Medium,3.0,,https://www.coushattacasinoresort.com/slot-map.php?sid=837,https://www.coushattacasinoresort.com/slot-map.php?sid=837,Coushatta Casino Resort,2026-10-01T17:07:12.379857+00:00
838,Piggy Bankin Break In (Mc) (Md) Prog,Light & Wonder,Video,$0.05,Medium,3.0,,https://www.coushattacasinoresort.com/slot-map.php?sid=838,https://www.coushattacasinoresort.com/slot-map.php?sid=838,Coushatta Casino Resort,2026-10-01T17:07:12.395380+00:00
839,Piggy Bankin Break In (Mc) (Md) Prog,Light & Wonder,Video,$0.10,Medium,3.0,,https://www.coushattacasinoresort.com/slot-map.php?sid=839,https://www.coushattacasinoresort.com/slot-map.php?sid=839,Coushatta Casino Resort,2026-10-01T17:07:12.389317+00:00
704,Piggy Burst:Coin Trio (Prog) Md,Aristocrat,Video,$0.01,Medium,3.0,,https://www.coushattacasinoresort.com/slot-map.php?sid=704,https://www.coushattacasinoresort.com/slot-map.php?sid=704,Coushatta Casino Resort,2026-10-01T17:07:10.358264+00:00
1743,Pinball (Md),IGT,Reel,$0.25,N/A,,,https://www.coushattacasinoresort.com/slot-map.php?sid=1743,https://www.coushattacasinoresort.com/slot-map.php?sid=1743,Coushatta Casino Resort,2026-10-01T17:07:23.204307+00:00
1744,Pinball (Md),IGT,Reel,$0.50,N/A,,,https://www.coushattacasinoresort.com/slot-map.php?sid=1744,https://www.coushattacasinoresort.com/slot-map.php?sid=1744,Coushatta Casino Resort,2026-10-01T17:07:23.236484+00:00
1745,Pinball (Md),IGT,Reel,$1.00,N/A,,,https://www.coushattacasinoresort.com/slot-map.php?sid=1745,https://www.coushattacasinoresort.com/slot-map.php?sid=1745,Coushatta Casino Resort,2026-10-01T17:07:23.335978+00:00
1746,Pinball (Md),IGT,Reel,$2.00,N/A,,,https://www.coushattacasinoresort.com/slot-map.php?sid=1746,https://www.coushattacasinoresort.com/slot-map.php?sid=1746,Coushatta Casino Resort,2026-10-01T17:07:23.262838+00:00
2453,Pinball (Md),IGT,Reel,$5.00,N/A,,,https://www.coushattacasinoresort.com/slot-map.php?sid=2453,https://www.coushattacasinoresort.com/slot-map.php?sid=2453,Coushatta Casino Resort,2026-10-01T17:07:42.950090+00:00
2454,Pinball (Md),IGT,Reel,$10.00,N/A,,,https://www.coushattacasinoresort.com/slot-map.php?sid=2454,https://www.coushattacasinoresort.com/slot-map.php?sid=2454,Coushatta Casino Resort,2026-10-01T17:07:42.958081+00:00
2455,Pinball (Md),IGT,Reel,$25.00,N/A,,,https://www.coushattacasinoresort.com/slot-map.php?sid=2455,https://www.coushattacasinoresort.com/slot-map.php?sid=2455,Coushatta Casino Resort,2026-10-01T17:07:42.928606+00:00
844,Pinball Double Gold (Md) (Prog),IGT,Reel,$1.00,Medium,3.0,,https://www.coushattacasinoresort.com/slot-map.php?sid=844,https://www.coushattacasinoresort.com/slot-map.php?sid=844,Coushatta Casino Resort,2026-10-01T17:07:12.467824+00:00
1161,Pinball Double Gold (Md) (Prog),IGT,Reel,$0.25,Medium,3.0,,https://www.coushattacasinoresort.com/slot-map.php?sid=1161,https://www.coushattacasinoresort.com/slot-map.php?sid=1161,Coushatta Casino Resort,2026-10-01T17:07:16.228836+00:00
263,Pinball Grand 3X Diamond Mc Md Pr,IGT,Reel,$5.00,High,4.0,,https://www.coushattacasinoresort.com/slot-map.php?sid=263,https://www.coushattacasinoresort.com/slot-map.php?sid=263,Coushatta Casino Resort,2026-10-01T17:07:05.033955+00:00
264,Pinball Grand 3X Diamond Mc Md Pr,IGT,Reel,$10.00,High,4.0,,https://www.coushattacasinoresort.com/slot-map.php?sid=264,https://www.coushattacasinoresort.com/slot-map.php?sid=264,Coushatta Casino Resort,2026-10-01T17:07:05.055600+00:00
265,Pinball Grand 3X Diamond Mc Md Pr,IGT,Reel,$20.00,High,4.0,,https://www.coushattacasinoresort.com/slot-map.php?sid=265,https://www.coushattacasinoresort.com/slot-map.php?sid=265,Coushatta Casino Resort,2026-10-01T17:07:05.086667+00:00
151,Pink Diamond (Md),IGT,Reel,$0.25,High,4.0,,https://www.coushattacasinoresort.com/slot-map.php?sid=151,https://www.coushattacasinoresort.com/slot-map.php?sid=151,Coushatta Casino Resort,2026-10-01T17:07:03.583313+00:00
152,Pink Diamond (Md),IGT,Reel,$0.50,High,4.0,,https://www.coushattacasinoresort.com/slot-map.php?sid=152,https://www.coushattacasinoresort.com/slot-map.php?sid=152,Coushatta Casino Resort,2026-10-01T17:07:03.587567+00:00
153,Pink Diamond (Md),IGT,Reel,$1.00,High,4.0,,https://www.coushattacasinoresort.com/slot-map.php?sid=153,https://www.coushattacasinoresort.com/slot-map.php?sid=153,Coushatta Casino Resort,2026-10-01T17:07:03.592715+00:00
154,Pink Diamond (Md),IGT,Reel,$2.00,High,4.0,,https://www.coushattacasinoresort.com/slot-map.php?sid=154,https://www.coushattacasinoresort.com/slot-map.php?sid=154,Coushatta Casino Resort,2026-10-01T17:07:03.700639+00:00
55,Pirate Bay,IGT,Video,$0.01,High,4.0,,https://www.coushattacasinoresort.com/slot-map.php?sid=55,https://www.coushattacasinoresort.com/slot-map.php?sid=55,Coushatta Casino Resort,2026-10-01T17:07:02.208689+00:00
1075,Pirate Plunder (Mc) (Md) (Prog),AGS,Video,$0.01,Medium,3.0,,https://www.coushattacasinoresort.com/slot-map.php?sid=1075,https://www.coushattacasinoresort.com/slot-map.php?sid=1075,Coushatta Casino Resort,2026-10-01T17:07:15.445136+00:00
2444,Pixie'S Prize (Md) (Prog),Everi,Video,$0.01,N/A,,,https://www.coushattacasinoresort.com/slot-map.php?sid=2444,https://www.coushattacasinoresort.com/slot-map.php?sid=2444,Coushatta Casino Resort,2026-10-01T17:07:42.619642+00:00
1663,Platinum 8X8X8X (Prog),AGS,Video,$0.01,Medium - Low,2.0,,https://www.coushattacasinoresort.com/slot-map.php?sid=1663,https://www.coushattacasinoresort.com/slot-map.php?sid=1663,Coushatta Casino Resort,2026-10-01T17:07:22.083697+00:00
2588,Poker(Gk8.2): 12Keno; 12Poker (Md),IGT,Video,$0.02,N/A,,,https://www.coushattacasinoresort.com/slot-map.php?sid=2588,https://www.coushattacasinoresort.com/slot-map.php?sid=2588,Coushatta Casino Resort,2026-10-01T17:07:45.692093+00:00
3889,Poker: Multi-Strike (Md),IGT,Poker,$0.02,N/A,,,https://www.coushattacasinoresort.com/slot-map.php?sid=3889,https://www.coushattacasinoresort.com/slot-map.php?sid=3889,Coushatta Casino Resort,2026-10-01T17:08:00.781413+00:00
3886,Poker: Super Hot Roll (Md),IGT,Poker,$0.05,N/A,,,https://www.coushattacasinoresort.com/slot-map.php?sid=3886,https://www.coushattacasinoresort.com/slot-map.php?sid=3886,Coushatta Casino Resort,2026-10-01T17:08:00.707642+00:00
2451,Poker: Super Star 2 (Mc) (Md),IGT,Poker,$0.10,N/A,,,https://www.coushattacasinoresort.com/slot-map.php?sid=2451,https://www.coushattacasinoresort.com/slot-map.php?sid=2451,Coushatta Casino Resort,2026-10-01T17:07:42.785612+00:00
3887,Poker: Super Star 2 (Mc) (Md),IGT,Poker,$0.05,N/A,,,https://www.coushattacasinoresort.com/slot-map.php?sid=3887,https://www.coushattacasinoresort.com/slot-map.php?sid=3887,Coushatta Casino Resort,2026-10-01T17:08:00.728585+00:00
3888,Poker: Ultimate X Gold (Md),IGT,Poker,$0.05,N/A,,,https://www.coushattacasinoresort.com/slot-map.php?sid=3888,https://www.coushattacasinoresort.com/slot-map.php?sid=3888,Coushatta Casino Resort,2026-10-01T17:08:00.738150+00:00
3299,Poker:25/50/100 Play W/Super X Pay,IGT,Poker,$5.00,N/A,,,https://www.coushattacasinoresort.com/slot-map.php?sid=3299,https://www.coushattacasinoresort.com/slot-map.php?sid=3299,Coushatta Casino Resort,2026-10-01T17:08:00.667575+00:00
3300,Poker:25/50/100 Play W/Super X Pay,IGT,Video,$0.10,N/A,,,https://www.coushattacasinoresort.com/slot-map.php?sid=3300,https://www.coushattacasinoresort.com/slot-map.php?sid=3300,Coushatta Casino Resort,2026-10-01T17:08:00.663378+00:00
1677,Pompeii,Aristocrat,Video,$0.01,Medium - Low,2.0,,https://www.coushattacasinoresort.com/slot-map.php?sid=1677,https://www.coushattacasinoresort.com/slot-map.php?sid=1677,Coushatta Casino Resort,2026-10-01T17:07:22.241081+00:00
1680,Pompeii,Aristocrat,Video,$0.02,Medium - Low,2.0,,https://www.coushattacasinoresort.com/slot-map.php?sid=1680,https://www.coushattacasinoresort.com/slot-map.php?sid=1680,Coushatta Casino Resort,2026-10-01T17:07:22.277127+00:00
1683,Pompeii,Aristocrat,Video,$0.05,Medium - Low,2.0,,https://www.coushattacasinoresort.com/slot-map.php?sid=1683,https://www.coushattacasinoresort.com/slot-map.php?sid=1683,Coushatta Casino Resort,2026-10-01T17:07:22.339886+00:00
1686,Pompeii,Aristocrat,Video,$0.10,Medium - Low,2.0,,https://www.coushattacasinoresort.com/slot-map.php?sid=1686,https://www.coushattacasinoresort.com/slot-map.php?sid=1686,Coushatta Casino Resort,2026-10-01T17:07:22.390672+00:00
1689,Pompeii,Aristocrat,Video,$0.25,Medium - Low,2.0,,https://www.coushattacasinoresort.com/slot-map.php?sid=1689,https://www.coushattacasinoresort.com/slot-map.php?sid=1689,Coushatta Casino Resort,2026-10-01T17:07:22.444810+00:00
1649,Pots O'Luck (Prog),AGS,Video,$0.01,Medium - Low,2.0,,https://www.coushattacasinoresort.com/slot-map.php?sid=1649,https://www.coushattacasinoresort.com/slot-map.php?sid=1649,Coushatta Casino Resort,2026-10-01T17:07:21.846432+00:00
878,Power Keno,IGT Poker,Poker,$0.25,Medium,3.0,,https://www.coushattacasinoresort.com/slot-map.php?sid=878,https://www.coushattacasinoresort.com/slot-map.php?sid=878,Coushatta Casino Resort,2026-10-01T17:07:13.228967+00:00
879,Power Keno,IGT Poker,Poker,$0.50,Medium,3.0,,https://www.coushattacasinoresort.com/slot-map.php?sid=879,https://www.coushattacasinoresort.com/slot-map.php?sid=879,Coushatta Casino Resort,2026-10-01T17:07:13.077311+00:00
880,Power Keno,IGT Poker,Poker,$1.00,Medium,3.0,,https://www.coushattacasinoresort.com/slot-map.php?sid=880,https://www.coushattacasinoresort.com/slot-map.php?sid=880,Coushatta Casino Resort,2026-10-01T17:07:12.929155+00:00
958,Power Keno,IGT Poker,Poker,$0.10,Medium,3.0,,https://www.coushattacasinoresort.com/slot-map.php?sid=958,https://www.coushattacasinoresort.com/slot-map.php?sid=958,Coushatta Casino Resort,2026-10-01T17:07:14.053608+00:00
1771,Power Link:Power Orb Zeus (Prog),Light & Wonder,Video,$0.01,N/A,,,https://www.coushattacasinoresort.com/slot-map.php?sid=1771,https://www.coushattacasinoresort.com/slot-map.php?sid=1771,Coushatta Casino Resort,2026-10-01T17:07:23.552768+00:00
1772,Power Link:Power Orb Zeus (Prog),Light & Wonder,Video,$0.02,N/A,,,https://www.coushattacasinoresort.com/slot-map.php?sid=1772,https://www.coushattacasinoresort.com/slot-map.php?sid=1772,Coushatta Casino Resort,2026-10-01T17:07:23.560420+00:00
1773,Power Link:Power Orb Zeus (Prog),Light & Wonder,Video,$0.05,N/A,,,https://www.coushattacasinoresort.com/slot-map.php?sid=1773,https://www.coushattacasinoresort.com/slot-map.php?sid=1773,Coushatta Casino Resort,2026-10-01T17:07:23.579887+00:00
1774,Power Link:Power Orb Zeus (Prog),Light & Wonder,Video,$0.10,N/A,,,https://www.coushattacasinoresort.com/slot-map.php?sid=1774,https://www.coushattacasinoresort.com/slot-map.php?sid=1774,Coushatta Casino Resort,2026-10-01T17:07:23.599364+00:00
1775,Power Link:Power Orb Zeus (Prog),Light & Wonder,Video,$1.00,N/A,,,https://www.coushattacasinoresort.com/slot-map.php?sid=1775,https://www.coushattacasinoresort.com/slot-map.php?sid=1775,Coushatta Casino Resort,2026-10-01T17:07:23.700872+00:00
758,Power Pack Bear Country Mc Md Prog,Incredible Technologies,Video,$0.01,Medium,3.0,,https://www.coushattacasinoresort.com/slot-map.php?sid=758,https://www.coushattacasinoresort.com/slot-map.php?sid=758,Coushatta Casino Resort,2026-10-01T17:07:11.262886+00:00
759,Power Pack Bear Country Mc Md Prog,Incredible Technologies,Video,$0.02,Medium,3.0,,https://www.coushattacasinoresort.com/slot-map.php?sid=759,https://www.coushattacasinoresort.com/slot-map.php?sid=759,Coushatta Casino Resort,2026-10-01T17:07:11.223511+00:00
760,Power Pack Bear Country Mc Md Prog,Incredible Technologies,Video,$0.05,Medium,3.0,,https://www.coushattacasinoresort.com/slot-map.php?sid=760,https://www.coushattacasinoresort.com/slot-map.php?sid=760,Coushatta Casino Resort,2026-10-01T17:07:11.232960+00:00
761,Power Pack Bear Country Mc Md Prog,Incredible Technologies,Video,$0.10,Medium,3.0,,https://www.coushattacasinoresort.com/slot-map.php?sid=761,https://www.coushattacasinoresort.com/slot-map.php?sid=761,Coushatta Casino Resort,2026-10-01T17:07:11.283324+00:00
213,Power Pig (Mc)(Md) (Prog),Light & Wonder,Video,$0.01,High,4.0,,https://www.coushattacasinoresort.com/slot-map.php?sid=213,https://www.coushattacasinoresort.com/slot-map.php?sid=213,Coushatta Casino Resort,2026-10-01T17:07:04.390153+00:00
214,Power Pig (Mc)(Md) (Prog),Light & Wonder,Video,$0.02,High,4.0,,https://www.coushattacasinoresort.com/slot-map.php?sid=214,https://www.coushattacasinoresort.com/slot-map.php?sid=214,Coushatta Casino Resort,2026-10-01T17:07:04.402824+00:00
215,Power Pig (Mc)(Md) (Prog),Light & Wonder,Video,$0.05,High,4.0,,https://www.coushattacasinoresort.com/slot-map.php?sid=215,https://www.coushattacasinoresort.com/slot-map.php?sid=215,Coushatta Casino Resort,2026-10-01T17:07:04.407680+00:00
216,Power Pig (Mc)(Md) (Prog),Light & Wonder,Video,$0.10,High,4.0,,https://www.coushattacasinoresort.com/slot-map.php?sid=216,https://www.coushattacasinoresort.com/slot-map.php?sid=216,Coushatta Casino Resort,2026-10-01T17:07:04.421276+00:00
217,Power Pig (Mc)(Md) (Prog),Light & Wonder,Video,$1.00,High,4.0,,https://www.coushattacasinoresort.com/slot-map.php?sid=217,https://www.coushattacasinoresort.com/slot-map.php?sid=217,Coushatta Casino Resort,2026-10-01T17:07:04.479123+00:00
218,Power Pig (Mc)(Md) (Prog),Light & Wonder,Video,$2.00,High,4.0,,https://www.coushattacasinoresort.com/slot-map.php?sid=218,https://www.coushattacasinoresort.com/slot-map.php?sid=218,Coushatta Casino Resort,2026-10-01T17:07:04.472918+00:00
821,Power Tower Dragon (Prog),Aruze,Video,$0.01,Medium,3.0,,https://www.coushattacasinoresort.com/slot-map.php?sid=821,https://www.coushattacasinoresort.com/slot-map.php?sid=821,Coushatta Casino Resort,2026-10-01T17:07:12.123023+00:00
1074,Power Tower Lion (Prog),Aruze,Video,$0.01,Medium,3.0,,https://www.coushattacasinoresort.com/slot-map.php?sid=1074,https://www.coushattacasinoresort.com/slot-map.php?sid=1074,Coushatta Casino Resort,2026-10-01T17:07:15.449080+00:00
2244,Powerhouse Poker -Five Play Bonus Poker,IGT,Poker,$0.05,N/A,,,https://www.coushattacasinoresort.com/slot-map.php?sid=2244,https://www.coushattacasinoresort.com/slot-map.php?sid=2244,Coushatta Casino Resort,2026-10-01T17:07:36.544792+00:00
2245,Powerhouse Poker -Five Play Bonus Poker,IGT,Poker,$0.10,N/A,,,https://www.coushattacasinoresort.com/slot-map.php?sid=2245,https://www.coushattacasinoresort.com/slot-map.php?sid=2245,Coushatta Casino Resort,2026-10-01T17:07:36.538484+00:00
2246,Powerhouse Poker -Five Play Bonus Poker,IGT,Poker,$0.25,N/A,,,https://www.coushattacasinoresort.com/slot-map.php?sid=2246,https://www.coushattacasinoresort.com/slot-map.php?sid=2246,Coushatta Casino Resort,2026-10-01T17:07:36.670923+00:00
2241,Powerhouse Poker -Five Play Bonus Poker Deluxe,IGT,Poker,$0.05,N/A,,,https://www.coushattacasinoresort.com/slot-map.php?sid=2241,https://www.coushattacasinoresort.com/slot-map.php?sid=2241,Coushatta Casino Resort,2026-10-01T17:07:36.495087+00:00
2242,Powerhouse Poker -Five Play Bonus Poker Deluxe,IGT,Poker,$0.10,N/A,,,https://www.coushattacasinoresort.com/slot-map.php?sid=2242,https://www.coushattacasinoresort.com/slot-map.php?sid=2242,Coushatta Casino Resort,2026-10-01T17:07:36.472488+00:00
2243,Powerhouse Poker -Five Play Bonus Poker Deluxe,IGT,Poker,$0.25,N/A,,,https://www.coushattacasinoresort.com/slot-map.php?sid=2243,https://www.coushattacasinoresort.com/slot-map.php?sid=2243,Coushatta Casino Resort,2026-10-01T17:07:36.499144+00:00
2238,Powerhouse Poker -Five Play Deuces Wild Bonus Poker,IGT,Poker,$0.05,N/A,,,https://www.coushattacasinoresort.com/slot-map.php?sid=2238,https://www.coushattacasinoresort.com/slot-map.php?sid=2238,Coushatta Casino Resort,2026-10-01T17:07:36.490728+00:00
2239,Powerhouse Poker -Five Play Deuces Wild Bonus Poker,IGT,Poker,$0.10,N/A,,,https://www.coushattacasinoresort.com/slot-map.php?sid=2239,https://www.coushattacasinoresort.com/slot-map.php?sid=2239,Coushatta Casino Resort,2026-10-01T17:07:36.427263+00:00
2240,Powerhouse Poker -Five Play Deuces Wild Bonus Poker,IGT,Poker,$0.25,N/A,,,https://www.coushattacasinoresort.com/slot-map.php?sid=2240,https://www.coushattacasinoresort.com/slot-map.php?sid=2240,Coushatta Casino Resort,2026-10-01T17:07:36.502723+00:00
2235,Powerhouse Poker -Five Play Deuces Wild Poker,IGT,Poker,$0.05,N/A,,,https://www.coushattacasinoresort.com/slot-map.php?sid=2235,https://www.coushattacasinoresort.com/slot-map.php?sid=2235,Coushatta Casino Resort,2026-10-01T17:07:36.287133+00:00
2236,Powerhouse Poker -Five Play Deuces Wild Poker,IGT,Poker,$0.10,N/A,,,https://www.coushattacasinoresort.com/slot-map.php?sid=2236,https://www.coushattacasinoresort.com/slot-map.php?sid=2236,Coushatta Casino Resort,2026-10-01T17:07:36.299987+00:00
2237,Powerhouse Poker -Five Play Deuces Wild Poker,IGT,Poker,$0.25,N/A,,,https://www.coushattacasinoresort.com/slot-map.php?sid=2237,https://www.coushattacasinoresort.com/slot-map.php?sid=2237,Coushatta Casino Resort,2026-10-01T17:07:36.263979+00:00
2232,Powerhouse Poker -Five Play Double Bonus Poker,IGT,Poker,$0.05,N/A,,,https://www.coushattacasinoresort.com/slot-map.php?sid=2232,https://www.coushattacasinoresort.com/slot-map.php?sid=2232,Coushatta Casino Resort,2026-10-01T17:07:36.308064+00:00
2233,Powerhouse Poker -Five Play Double Bonus Poker,IGT,Poker,$0.10,N/A,,,https://www.coushattacasinoresort.com/slot-map.php?sid=2233,https://www.coushattacasinoresort.com/slot-map.php?sid=2233,Coushatta Casino Resort,2026-10-01T17:07:36.247828+00:00
2234,Powerhouse Poker -Five Play Double Bonus Poker,IGT,Poker,$0.25,N/A,,,https://www.coushattacasinoresort.com/slot-map.php?sid=2234,https://www.coushattacasinoresort.com/slot-map.php?sid=2234,Coushatta Casino Resort,2026-10-01T17:07:36.244239+00:00
2229,Powerhouse Poker -Five Play Double Double Bonus Poker,IGT,Poker,$0.05,N/A,,,https://www.coushattacasinoresort.com/slot-map.php?sid=2229,https://www.coushattacasinoresort.com/slot-map.php?sid=2229,Coushatta Casino Resort,2026-10-01T17:07:36.021804+00:00
2230,Powerhouse Poker -Five Play Double Double Bonus Poker,IGT,Poker,$0.10,N/A,,,https://www.coushattacasinoresort.com/slot-map.php?sid=2230,https://www.coushattacasinoresort.com/slot-map.php?sid=2230,Coushatta Casino Resort,2026-10-01T17:07:36.135387+00:00
2231,Powerhouse Poker -Five Play Double Double Bonus Poker,IGT,Poker,$0.25,N/A,,,https://www.coushattacasinoresort.com/slot-map.php?sid=2231,https://www.coushattacasinoresort.com/slot-map.php?sid=2231,Coushatta Casino Resort,2026-10-01T17:07:36.209595+00:00
2226,Powerhouse Poker -Five Play Jacks or Better Poker,IGT,Poker,$0.05,N/A,,,https://www.coushattacasinoresort.com/slot-map.php?sid=2226,https://www.coushattacasinoresort.com/slot-map.php?sid=2226,Coushatta Casino Resort,2026-10-01T17:07:36.018197+00:00
2227,Powerhouse Poker -Five Play Jacks or Better Poker,IGT,Poker,$0.10,N/A,,,https://www.coushattacasinoresort.com/slot-map.php?sid=2227,https://www.coushattacasinoresort.com/slot-map.php?sid=2227,Coushatta Casino Resort,2026-10-01T17:07:36.041843+00:00
2228,Powerhouse Poker -Five Play Jacks or Better Poker,IGT,Poker,$0.25,N/A,,,https://www.coushattacasinoresort.com/slot-map.php?sid=2228,https://www.coushattacasinoresort.com/slot-map.php?sid=2228,Coushatta Casino Resort,2026-10-01T17:07:36.047045+00:00
2223,Powerhouse Poker -Five Play Triple Double Bonus Poker,IGT,Poker,$0.05,N/A,,,https://www.coushattacasinoresort.com/slot-map.php?sid=2223,https://www.coushattacasinoresort.com/slot-map.php?sid=2223,Coushatta Casino Resort,2026-10-01T17:07:35.979686+00:00
2224,Powerhouse Poker -Five Play Triple Double Bonus Poker,IGT,Poker,$0.10,N/A,,,https://www.coushattacasinoresort.com/slot-map.php?sid=2224,https://www.coushattacasinoresort.com/slot-map.php?sid=2224,Coushatta Casino Resort,2026-10-01T17:07:35.957582+00:00
2225,Powerhouse Poker -Five Play Triple Double Bonus Poker,IGT,Poker,$0.25,N/A,,,https://www.coushattacasinoresort.com/slot-map.php?sid=2225,https://www.coushattacasinoresort.com/slot-map.php?sid=2225,Coushatta Casino Resort,2026-10-01T17:07:36.049513+00:00
2220,Powerhouse Poker -Ten Play Bonus Poker,IGT,Poker,$0.05,N/A,,,https://www.coushattacasinoresort.com/slot-map.php?sid=2220,https://www.coushattacasinoresort.com/slot-map.php?sid=2220,Coushatta Casino Resort,2026-10-01T17:07:35.789628+00:00
2221,Powerhouse Poker -Ten Play Bonus Poker,IGT,Poker,$0.10,N/A,,,https://www.coushattacasinoresort.com/slot-map.php?sid=2221,https://www.coushattacasinoresort.com/slot-map.php?sid=2221,Coushatta Casino Resort,2026-10-01T17:07:35.768934+00:00
2222,Powerhouse Poker -Ten Play Bonus Poker,IGT,Poker,$0.25,N/A,,,https://www.coushattacasinoresort.com/slot-map.php?sid=2222,https://www.coushattacasinoresort.com/slot-map.php?sid=2222,Coushatta Casino Resort,2026-10-01T17:07:35.901596+00:00
2217,Powerhouse Poker -Ten Play Bonus Poker Deluxe,IGT,Poker,$0.05,N/A,,,https://www.coushattacasinoresort.com/slot-map.php?sid=2217,https://www.coushattacasinoresort.com/slot-map.php?sid=2217,Coushatta Casino Resort,2026-10-01T17:07:35.785497+00:00
2218,Powerhouse Poker -Ten Play Bonus Poker Deluxe,IGT,Poker,$0.10,N/A,,,https://www.coushattacasinoresort.com/slot-map.php?sid=2218,https://www.coushattacasinoresort.com/slot-map.php?sid=2218,Coushatta Casino Resort,2026-10-01T17:07:35.813377+00:00
2219,Powerhouse Poker -Ten Play Bonus Poker Deluxe,IGT,Poker,$0.25,N/A,,,https://www.coushattacasinoresort.com/slot-map.php?sid=2219,https://www.coushattacasinoresort.com/slot-map.php?sid=2219,Coushatta Casino Resort,2026-10-01T17:07:35.721515+00:00
2214,Powerhouse Poker -Ten Play Deuces Wild Bonus Poker,IGT,Poker,$0.05,N/A,,,https://www.coushattacasinoresort.com/slot-map.php?sid=2214,https://www.coushattacasinoresort.com/slot-map.php?sid=2214,Coushatta Casino Resort,2026-10-01T17:07:35.663661+00:00
2215,Powerhouse Poker -Ten Play Deuces Wild Bonus Poker,IGT,Poker,$0.10,N/A,,,https://www.coushattacasinoresort.com/slot-map.php?sid=2215,https://www.coushattacasinoresort.com/slot-map.php?sid=2215,Coushatta Casino Resort,2026-10-01T17:07:35.791228+00:00
2216,Powerhouse Poker -Ten Play Deuces Wild Bonus Poker,IGT,Poker,$0.25,N/A,,,https://www.coushattacasinoresort.com/slot-map.php?sid=2216,https://www.coushattacasinoresort.com/slot-map.php?sid=2216,Coushatta Casino Resort,2026-10-01T17:07:35.725379+00:00
2211,Powerhouse Poker -Ten Play Deuces Wild Poker,IGT,Poker,$0.05,N/A,,,https://www.coushattacasinoresort.com/slot-map.php?sid=2211,https://www.coushattacasinoresort.com/slot-map.php?sid=2211,Coushatta Casino Resort,2026-10-01T17:07:35.485397+00:00
2212,Powerhouse Poker -Ten Play Deuces Wild Poker,IGT,Poker,$0.10,N/A,,,https://www.coushattacasinoresort.com/slot-map.php?sid=2212,https://www.coushattacasinoresort.com/slot-map.php?sid=2212,Coushatta Casino Resort,2026-10-01T17:07:35.550278+00:00
2213,Powerhouse Poker -Ten Play Deuces Wild Poker,IGT,Poker,$0.25,N/A,,,https://www.coushattacasinoresort.com/slot-map.php?sid=2213,https://www.coushattacasinoresort.com/slot-map.php?sid=2213,Coushatta Casino Resort,2026-10-01T17:07:35.546397+00:00
2208,Powerhouse Poker -Ten Play Double Bonus Poker,IGT,Poker,$0.05,N/A,,,https://www.coushattacasinoresort.com/slot-map.php?sid=2208,https://www.coushattacasinoresort.com/slot-map.php?sid=2208,Coushatta Casino Resort,2026-10-01T17:07:35.481845+00:00
2209,Powerhouse Poker -Ten Play Double Bonus Poker,IGT,Poker,$0.10,N/A,,,https://www.coushattacasinoresort.com/slot-map.php?sid=2209,https://www.coushattacasinoresort.com/slot-map.php?sid=2209,Coushatta Casino Resort,2026-10-01T17:07:35.489992+00:00
2210,Powerhouse Poker -Ten Play Double Bonus Poker,IGT,Poker,$0.25,N/A,,,https://www.coushattacasinoresort.com/slot-map.php?sid=2210,https://www.coushattacasinoresort.com/slot-map.php?sid=2210,Coushatta Casino Resort,2026-10-01T17:07:35.520042+00:00
2205,Powerhouse Poker -Ten Play Double Double Bonus Poker,IGT,Poker,$0.05,N/A,,,https://www.coushattacasinoresort.com/slot-map.php?sid=2205,https://www.coushattacasinoresort.com/slot-map.php?sid=2205,Coushatta Casino Resort,2026-10-01T17:07:35.325199+00:00
2206,Powerhouse Poker -Ten Play Double Double Bonus Poker,IGT,Poker,$0.10,N/A,,,https://www.coushattacasinoresort.com/slot-map.php?sid=2206,https://www.coushattacasinoresort.com/slot-map.php?sid=2206,Coushatta Casino Resort,2026-10-01T17:07:35.430217+00:00
2207,Powerhouse Poker -Ten Play Double Double Bonus Poker,IGT,Poker,$0.25,N/A,,,https://www.coushattacasinoresort.com/slot-map.php?sid=2207,https://www.coushattacasinoresort.com/slot-map.php?sid=2207,Coushatta Casino Resort,2026-10-01T17:07:35.470630+00:00
2202,Powerhouse Poker -Ten Play Jacks or Better Poker,IGT,Poker,$0.05,N/A,,,https://www.coushattacasinoresort.com/slot-map.php?sid=2202,https://www.coushattacasinoresort.com/slot-map.php?sid=2202,Coushatta Casino Resort,2026-10-01T17:07:35.208935+00:00
2203,Powerhouse Poker -Ten Play Jacks or Better Poker,IGT,Poker,$0.10,N/A,,,https://www.coushattacasinoresort.com/slot-map.php?sid=2203,https://www.coushattacasinoresort.com/slot-map.php?sid=2203,Coushatta Casino Resort,2026-10-01T17:07:35.263437+00:00
2204,Powerhouse Poker -Ten Play Jacks or Better Poker,IGT,Poker,$0.25,N/A,,,https://www.coushattacasinoresort.com/slot-map.php?sid=2204,https://www.coushattacasinoresort.com/slot-map.php?sid=2204,Coushatta Casino Resort,2026-10-01T17:07:35.277400+00:00
2199,Powerhouse Poker -Ten Play Triple Double Bonus Poker,IGT,Poker,$0.05,N/A,,,https://www.coushattacasinoresort.com/slot-map.php?sid=2199,https://www.coushattacasinoresort.com/slot-map.php?sid=2199,Coushatta Casino Resort,2026-10-01T17:07:35.125725+00:00
2200,Powerhouse Poker -Ten Play Triple Double Bonus Poker,IGT,Poker,$0.10,N/A,,,https://www.coushattacasinoresort.com/slot-map.php?sid=2200,https://www.coushattacasinoresort.com/slot-map.php?sid=2200,Coushatta Casino Resort,2026-10-01T17:07:35.307763+00:00
2201,Powerhouse Poker -Ten Play Triple Double Bonus Poker,IGT,Poker,$0.25,N/A,,,https://www.coushattacasinoresort.com/slot-map.php?sid=2201,https://www.coushattacasinoresort.com/slot-map.php?sid=2201,Coushatta Casino Resort,2026-10-01T17:07:35.203084+00:00
2196,Powerhouse Poker -Triple Play Bonus Poker,IGT,Poker,$0.05,N/A,,,https://www.coushattacasinoresort.com/slot-map.php?sid=2196,https://www.coushattacasinoresort.com/slot-map.php?sid=2196,Coushatta Casino Resort,2026-10-01T17:07:35.092450+00:00
2197,Powerhouse Poker -Triple Play Bonus Poker,IGT,Poker,$0.10,N/A,,,https://www.coushattacasinoresort.com/slot-map.php?sid=2197,https://www.coushattacasinoresort.com/slot-map.php?sid=2197,Coushatta Casino Resort,2026-10-01T17:07:35.048018+00:00
2198,Powerhouse Poker -Triple Play Bonus Poker,IGT,Poker,$1.00,N/A,,,https://www.coushattacasinoresort.com/slot-map.php?sid=2198,https://www.coushattacasinoresort.com/slot-map.php?sid=2198,Coushatta Casino Resort,2026-10-01T17:07:35.133792+00:00
2193,Powerhouse Poker -Triple Play Bonus Poker Deluxe,IGT,Poker,$0.05,N/A,,,https://www.coushattacasinoresort.com/slot-map.php?sid=2193,https://www.coushattacasinoresort.com/slot-map.php?sid=2193,Coushatta Casino Resort,2026-10-01T17:07:34.999219+00:00
2194,Powerhouse Poker -Triple Play Bonus Poker Deluxe,IGT,Poker,$0.10,N/A,,,https://www.coushattacasinoresort.com/slot-map.php?sid=2194,https://www.coushattacasinoresort.com/slot-map.php?sid=2194,Coushatta Casino Resort,2026-10-01T17:07:34.979257+00:00
2195,Powerhouse Poker -Triple Play Bonus Poker Deluxe,IGT,Poker,$1.00,N/A,,,https://www.coushattacasinoresort.com/slot-map.php?sid=2195,https://www.coushattacasinoresort.com/slot-map.php?sid=2195,Coushatta Casino Resort,2026-10-01T17:07:35.044337+00:00
2190,Powerhouse Poker -Triple Play Deuces Wild Poker,IGT,Poker,$0.05,N/A,,,https://www.coushattacasinoresort.com/slot-map.php?sid=2190,https://www.coushattacasinoresort.com/slot-map.php?sid=2190,Coushatta Casino Resort,2026-10-01T17:07:34.887841+00:00
2191,Powerhouse Poker -Triple Play Deuces Wild Poker,IGT,Poker,$0.10,N/A,,,https://www.coushattacasinoresort.com/slot-map.php?sid=2191,https://www.coushattacasinoresort.com/slot-map.php?sid=2191,Coushatta Casino Resort,2026-10-01T17:07:34.913771+00:00
2192,Powerhouse Poker -Triple Play Deuces Wild Poker,IGT,Poker,$1.00,N/A,,,https://www.coushattacasinoresort.com/slot-map.php?sid=2192,https://www.coushattacasinoresort.com/slot-map.php?sid=2192,Coushatta Casino Resort,2026-10-01T17:07:34.986138+00:00
2187,Powerhouse Poker -Triple Play Double Bonus Poker,IGT,Poker,$0.05,N/A,,,https://www.coushattacasinoresort.com/slot-map.php?sid=2187,https://www.coushattacasinoresort.com/slot-map.php?sid=2187,Coushatta Casino Resort,2026-10-01T17:07:34.812453+00:00
2188,Powerhouse Poker -Triple Play Double Bonus Poker,IGT,Poker,$0.10,N/A,,,https://www.coushattacasinoresort.com/slot-map.php?sid=2188,https://www.coushattacasinoresort.com/slot-map.php?sid=2188,Coushatta Casino Resort,2026-10-01T17:07:34.822239+00:00
2189,Powerhouse Poker -Triple Play Double Bonus Poker,IGT,Poker,$1.00,N/A,,,https://www.coushattacasinoresort.com/slot-map.php?sid=2189,https://www.coushattacasinoresort.com/slot-map.php?sid=2189,Coushatta Casino Resort,2026-10-01T17:07:34.825428+00:00
2184,Powerhouse Poker -Triple Play Double Double Bonus Poker,IGT,Poker,$0.05,N/A,,,https://www.coushattacasinoresort.com/slot-map.php?sid=2184,https://www.coushattacasinoresort.com/slot-map.php?sid=2184,Coushatta Casino Resort,2026-10-01T17:07:34.709769+00:00
2185,Powerhouse Poker -Triple Play Double Double Bonus Poker,IGT,Poker,$0.10,N/A,,,https://www.coushattacasinoresort.com/slot-map.php?sid=2185,https://www.coushattacasinoresort.com/slot-map.php?sid=2185,Coushatta Casino Resort,2026-10-01T17:07:34.754172+00:00
2186,Powerhouse Poker -Triple Play Double Double Bonus Poker,IGT,Poker,$1.00,N/A,,,https://www.coushattacasinoresort.com/slot-map.php?sid=2186,https://www.coushattacasinoresort.com/slot-map.php?sid=2186,Coushatta Casino Resort,2026-10-01T17:07:34.752629+00:00
2181,Powerhouse Poker -Triple Play Duces Wild Bonus Poker,IGT,Poker,$0.05,N/A,,,https://www.coushattacasinoresort.com/slot-map.php?sid=2181,https://www.coushattacasinoresort.com/slot-map.php?sid=2181,Coushatta Casino Resort,2026-10-01T17:07:34.589039+00:00
2182,Powerhouse Poker -Triple Play Duces Wild Bonus Poker,IGT,Poker,$0.10,N/A,,,https://www.coushattacasinoresort.com/slot-map.php?sid=2182,https://www.coushattacasinoresort.com/slot-map.php?sid=2182,Coushatta Casino Resort,2026-10-01T17:07:34.669390+00:00
2183,Powerhouse Poker -Triple Play Duces Wild Bonus Poker,IGT,Poker,$1.00,N/A,,,https://www.coushattacasinoresort.com/slot-map.php?sid=2183,https://www.coushattacasinoresort.com/slot-map.php?sid=2183,Coushatta Casino Resort,2026-10-01T17:07:34.773961+00:00
2178,Powerhouse Poker -Triple Play Jacks or Better Poker,IGT,Poker,$0.05,N/A,,,https://www.coushattacasinoresort.com/slot-map.php?sid=2178,https://www.coushattacasinoresort.com/slot-map.php?sid=2178,Coushatta Casino Resort,2026-10-01T17:07:34.517612+00:00
2179,Powerhouse Poker -Triple Play Jacks or Better Poker,IGT,Poker,$0.10,N/A,,,https://www.coushattacasinoresort.com/slot-map.php?sid=2179,https://www.coushattacasinoresort.com/slot-map.php?sid=2179,Coushatta Casino Resort,2026-10-01T17:07:34.505407+00:00
2180,Powerhouse Poker -Triple Play Jacks or Better Poker,IGT,Poker,$1.00,N/A,,,https://www.coushattacasinoresort.com/slot-map.php?sid=2180,https://www.coushattacasinoresort.com/slot-map.php?sid=2180,Coushatta Casino Resort,2026-10-01T17:07:34.594910+00:00
2175,Powerhouse Poker -Triple Play Triple Double Bonus Poker,IGT,Poker,$0.05,N/A,,,https://www.coushattacasinoresort.com/slot-map.php?sid=2175,https://www.coushattacasinoresort.com/slot-map.php?sid=2175,Coushatta Casino Resort,2026-10-01T17:07:34.467609+00:00
2176,Powerhouse Poker -Triple Play Triple Double Bonus Poker,IGT,Poker,$0.10,N/A,,,https://www.coushattacasinoresort.com/slot-map.php?sid=2176,https://www.coushattacasinoresort.com/slot-map.php?sid=2176,Coushatta Casino Resort,2026-10-01T17:07:34.489287+00:00
2177,Powerhouse Poker -Triple Play Triple Double Bonus Poker,IGT,Poker,$1.00,N/A,,,https://www.coushattacasinoresort.com/slot-map.php?sid=2177,https://www.coushattacasinoresort.com/slot-map.php?sid=2177,Coushatta Casino Resort,2026-10-01T17:07:34.511866+00:00
1867,Press Your Luck Whammy Bucks(Prog),Everi,Video,$0.01,N/A,,,https://www.coushattacasinoresort.com/slot-map.php?sid=1867,https://www.coushattacasinoresort.com/slot-map.php?sid=1867,Coushatta Casino Resort,2026-10-01T17:07:25.195075+00:00
1868,Press Your Luck Whammy Wild (Prog),Everi,Video,$0.01,N/A,,,https://www.coushattacasinoresort.com/slot-map.php?sid=1868,https://www.coushattacasinoresort.com/slot-map.php?sid=1868,Coushatta Casino Resort,2026-10-01T17:07:25.238752+00:00
818,Prize Pool: Fierce Dragon (Md),Incredible Technologies,Video,$0.01,Medium,3.0,,https://www.coushattacasinoresort.com/slot-map.php?sid=818,https://www.coushattacasinoresort.com/slot-map.php?sid=818,Coushatta Casino Resort,2026-10-01T17:07:12.067560+00:00
745,Purple Celebrate Bao Zhu Zhao Fu Pr,Aristocrat,Video,$0.01,Medium,3.0,,https://www.coushattacasinoresort.com/slot-map.php?sid=745,https://www.coushattacasinoresort.com/slot-map.php?sid=745,Coushatta Casino Resort,2026-10-01T17:07:11.107962+00:00
407,Purple Prosperity:Bao Zhu Zhao Ignt,Aristocrat,Video,$0.01,High,4.0,,https://www.coushattacasinoresort.com/slot-map.php?sid=407,https://www.coushattacasinoresort.com/slot-map.php?sid=407,Coushatta Casino Resort,2026-10-01T17:07:06.272530+00:00
1262,Purrate'S Life-Amethyst Fortunes Pr,Light & Wonder,Video,$0.01,Medium,3.0,,https://www.coushattacasinoresort.com/slot-map.php?sid=1262,https://www.coushattacasinoresort.com/slot-map.php?sid=1262,Coushatta Casino Resort,2026-10-01T17:07:17.431213+00:00
1263,Purrate'S Life-Amethyst Fortunes Pr,Light & Wonder,Video,$0.02,Medium,3.0,,https://www.coushattacasinoresort.com/slot-map.php?sid=1263,https://www.coushattacasinoresort.com/slot-map.php?sid=1263,Coushatta Casino Resort,2026-10-01T17:07:17.426780+00:00
1264,Purrate'S Life-Amethyst Fortunes Pr,Light & Wonder,Video,$0.05,Medium,3.0,,https://www.coushattacasinoresort.com/slot-map.php?sid=1264,https://www.coushattacasinoresort.com/slot-map.php?sid=1264,Coushatta Casino Resort,2026-10-01T17:07:17.454402+00:00
1265,Purrate'S Life-Amethyst Fortunes Pr,Light & Wonder,Video,$0.10,Medium,3.0,,https://www.coushattacasinoresort.com/slot-map.php?sid=1265,https://www.coushattacasinoresort.com/slot-map.php?sid=1265,Coushatta Casino Resort,2026-10-01T17:07:17.460504+00:00
1258,Purrate'S Life-Treasure Treats Md P,Light & Wonder,Video,$0.01,Medium,3.0,,https://www.coushattacasinoresort.com/slot-map.php?sid=1258,https://www.coushattacasinoresort.com/slot-map.php?sid=1258,Coushatta Casino Resort,2026-10-01T17:07:17.360864+00:00
1259,Purrate'S Life-Treasure Treats Md P,Light & Wonder,Video,$0.02,Medium,3.0,,https://www.coushattacasinoresort.com/slot-map.php?sid=1259,https://www.coushattacasinoresort.com/slot-map.php?sid=1259,Coushatta Casino Resort,2026-10-01T17:07:17.397624+00:00
1260,Purrate'S Life-Treasure Treats Md P,Light & Wonder,Video,$0.05,Medium,3.0,,https://www.coushattacasinoresort.com/slot-map.php?sid=1260,https://www.coushattacasinoresort.com/slot-map.php?sid=1260,Coushatta Casino Resort,2026-10-01T17:07:17.384964+00:00
1261,Purrate'S Life-Treasure Treats Md P,Light & Wonder,Video,$0.10,Medium,3.0,,https://www.coushattacasinoresort.com/slot-map.php?sid=1261,https://www.coushattacasinoresort.com/slot-map.php?sid=1261,Coushatta Casino Resort,2026-10-01T17:07:17.421524+00:00
998,Purrfect Trio Md Prog,AGS,Video,$0.01,Medium,3.0,,https://www.coushattacasinoresort.com/slot-map.php?sid=998,https://www.coushattacasinoresort.com/slot-map.php?sid=998,Coushatta Casino Resort,2026-10-01T17:07:14.574882+00:00
142,Qh:3 Blazing 7S Dbl Jp High Limit P,Everi,Reel,$1.00,High,4.0,,https://www.coushattacasinoresort.com/slot-map.php?sid=142,https://www.coushattacasinoresort.com/slot-map.php?sid=142,Coushatta Casino Resort,2026-10-01T17:07:03.492623+00:00
1666,Queen of the Nile,Aristocrat,Video,$0.01,Medium - Low,2.0,,https://www.coushattacasinoresort.com/slot-map.php?sid=1666,https://www.coushattacasinoresort.com/slot-map.php?sid=1666,Coushatta Casino Resort,2026-10-01T17:07:22.105216+00:00
1669,Queen of the Nile,Aristocrat,Video,$0.02,Medium - Low,2.0,,https://www.coushattacasinoresort.com/slot-map.php?sid=1669,https://www.coushattacasinoresort.com/slot-map.php?sid=1669,Coushatta Casino Resort,2026-10-01T17:07:22.151495+00:00
1671,Queen of the Nile,Aristocrat,Video,$0.05,Medium - Low,2.0,,https://www.coushattacasinoresort.com/slot-map.php?sid=1671,https://www.coushattacasinoresort.com/slot-map.php?sid=1671,Coushatta Casino Resort,2026-10-01T17:07:22.185350+00:00
1673,Queen of the Nile,Aristocrat,Video,$0.10,Medium - Low,2.0,,https://www.coushattacasinoresort.com/slot-map.php?sid=1673,https://www.coushattacasinoresort.com/slot-map.php?sid=1673,Coushatta Casino Resort,2026-10-01T17:07:22.348424+00:00
1675,Queen of the Nile,Aristocrat,Video,$0.25,Medium - Low,2.0,,https://www.coushattacasinoresort.com/slot-map.php?sid=1675,https://www.coushattacasinoresort.com/slot-map.php?sid=1675,Coushatta Casino Resort,2026-10-01T17:07:22.316933+00:00
9,Queens Of Cash,Aristocrat,Video,$0.01,High,4.0,,https://www.coushattacasinoresort.com/slot-map.php?sid=9,https://www.coushattacasinoresort.com/slot-map.php?sid=9,Coushatta Casino Resort,2026-10-01T17:07:01.330162+00:00
1267,Quick Gems (Prog),Everi,Reel,$1.00,Medium,3.0,,https://www.coushattacasinoresort.com/slot-map.php?sid=1267,https://www.coushattacasinoresort.com/slot-map.php?sid=1267,Coushatta Casino Resort,2026-10-01T17:07:17.480747+00:00
863,Quick Hit Link 888 Blue (Mc)(Md) Pr,Light & Wonder,Video,$0.01,Medium,3.0,,https://www.coushattacasinoresort.com/slot-map.php?sid=863,https://www.coushattacasinoresort.com/slot-map.php?sid=863,Coushatta Casino Resort,2026-10-01T17:07:12.765342+00:00
822,Quick Hit Link Fire (Md) (Prog),Light & Wonder,Video,$0.01,Medium,3.0,,https://www.coushattacasinoresort.com/slot-map.php?sid=822,https://www.coushattacasinoresort.com/slot-map.php?sid=822,Coushatta Casino Resort,2026-10-01T17:07:12.136391+00:00
823,Quick Hit Link Fire (Md) (Prog),Light & Wonder,Video,$0.05,Medium,3.0,,https://www.coushattacasinoresort.com/slot-map.php?sid=823,https://www.coushattacasinoresort.com/slot-map.php?sid=823,Coushatta Casino Resort,2026-10-01T17:07:12.142859+00:00
824,Quick Hit Link Fire (Md) (Prog),Light & Wonder,Video,$0.02,Medium,3.0,,https://www.coushattacasinoresort.com/slot-map.php?sid=824,https://www.coushattacasinoresort.com/slot-map.php?sid=824,Coushatta Casino Resort,2026-10-01T17:07:12.159197+00:00
825,Quick Hit Link Fire (Md) (Prog),Light & Wonder,Video,$0.10,Medium,3.0,,https://www.coushattacasinoresort.com/slot-map.php?sid=825,https://www.coushattacasinoresort.com/slot-map.php?sid=825,Coushatta Casino Resort,2026-10-01T17:07:12.166444+00:00
826,Quick Hit Link Fire (Md) (Prog),Light & Wonder,Video,$1.00,Medium,3.0,,https://www.coushattacasinoresort.com/slot-map.php?sid=826,https://www.coushattacasinoresort.com/slot-map.php?sid=826,Coushatta Casino Resort,2026-10-01T17:07:12.173937+00:00
957,Quick Hit Link Fire (Md) (Prog),Light & Wonder,Video,$2.00,Medium,3.0,,https://www.coushattacasinoresort.com/slot-map.php?sid=957,https://www.coushattacasinoresort.com/slot-map.php?sid=957,Coushatta Casino Resort,2026-10-01T17:07:14.040409+00:00
827,Quick Hit Link Gems (Md) (Prog),Light & Wonder,Video,$0.01,Medium,3.0,,https://www.coushattacasinoresort.com/slot-map.php?sid=827,https://www.coushattacasinoresort.com/slot-map.php?sid=827,Coushatta Casino Resort,2026-10-01T17:07:12.241482+00:00
828,Quick Hit Link Gems (Md) (Prog),Light & Wonder,Video,$0.05,Medium,3.0,,https://www.coushattacasinoresort.com/slot-map.php?sid=828,https://www.coushattacasinoresort.com/slot-map.php?sid=828,Coushatta Casino Resort,2026-10-01T17:07:12.247374+00:00
829,Quick Hit Link Gems (Md) (Prog),Light & Wonder,Video,$0.02,Medium,3.0,,https://www.coushattacasinoresort.com/slot-map.php?sid=829,https://www.coushattacasinoresort.com/slot-map.php?sid=829,Coushatta Casino Resort,2026-10-01T17:07:12.250885+00:00
830,Quick Hit Link Gems (Md) (Prog),Light & Wonder,Video,$0.10,Medium,3.0,,https://www.coushattacasinoresort.com/slot-map.php?sid=830,https://www.coushattacasinoresort.com/slot-map.php?sid=830,Coushatta Casino Resort,2026-10-01T17:07:12.254363+00:00
831,Quick Hit Link Gems (Md) (Prog),Light & Wonder,Video,$1.00,Medium,3.0,,https://www.coushattacasinoresort.com/slot-map.php?sid=831,https://www.coushattacasinoresort.com/slot-map.php?sid=831,Coushatta Casino Resort,2026-10-01T17:07:12.257911+00:00
956,Quick Hit Link Gems (Md) (Prog),Light & Wonder,Video,$2.00,Medium,3.0,,https://www.coushattacasinoresort.com/slot-map.php?sid=956,https://www.coushattacasinoresort.com/slot-map.php?sid=956,Coushatta Casino Resort,2026-10-01T17:07:14.030363+00:00
120,Quick Hit Riches: Trp Blazing 7S(P),Light & Wonder,Video,$1.00,High,4.0,,https://www.coushattacasinoresort.com/slot-map.php?sid=120,https://www.coushattacasinoresort.com/slot-map.php?sid=120,Coushatta Casino Resort,2026-10-01T17:07:03.120047+00:00
537,Quick Hit Ultra Pay Sun Dragon (Pr),Light & Wonder,Video,$0.01,Low,2.0,,https://www.coushattacasinoresort.com/slot-map.php?sid=537,https://www.coushattacasinoresort.com/slot-map.php?sid=537,Coushatta Casino Resort,2026-10-01T17:07:08.160735+00:00
538,Quick Hit Ultra Pay Sun Dragon (Pr),Light & Wonder,Video,$0.02,Low,2.0,,https://www.coushattacasinoresort.com/slot-map.php?sid=538,https://www.coushattacasinoresort.com/slot-map.php?sid=538,Coushatta Casino Resort,2026-10-01T17:07:08.213585+00:00
539,Quick Hit Ultra Pay Sun Dragon (Pr),Light & Wonder,Video,$0.05,Low,2.0,,https://www.coushattacasinoresort.com/slot-map.php?sid=539,https://www.coushattacasinoresort.com/slot-map.php?sid=539,Coushatta Casino Resort,2026-10-01T17:07:08.221685+00:00
1714,Quick Hits Platinum: Triple Blazing Sevens (Progressive),Light & Wonder,Video,$0.01,N/A,,,https://www.coushattacasinoresort.com/slot-map.php?sid=1714,https://www.coushattacasinoresort.com/slot-map.php?sid=1714,Coushatta Casino Resort,2026-10-01T17:07:22.791050+00:00
1713,Quick Hits: Black Gold Wild (Prog),Light & Wonder,Reel,$0.01,N/A,,,https://www.coushattacasinoresort.com/slot-map.php?sid=1713,https://www.coushattacasinoresort.com/slot-map.php?sid=1713,Coushatta Casino Resort,2026-10-01T17:07:22.747873+00:00
671,Quick Hits: Blitz Gold (Prog),Light & Wonder,Video,$0.01,Medium,3.0,,https://www.coushattacasinoresort.com/slot-map.php?sid=671,https://www.coushattacasinoresort.com/slot-map.php?sid=671,Coushatta Casino Resort,2026-10-01T17:07:09.971253+00:00
670,Quick Hits: Blitz Purple (Prog),Light & Wonder,Video,$0.01,Medium,3.0,,https://www.coushattacasinoresort.com/slot-map.php?sid=670,https://www.coushattacasinoresort.com/slot-map.php?sid=670,Coushatta Casino Resort,2026-10-01T17:07:09.917983+00:00
1239,Quick Spin Pots Supr Charge 7'S Pr,Ainsworth,Video,$0.01,Medium,3.0,,https://www.coushattacasinoresort.com/slot-map.php?sid=1239,https://www.coushattacasinoresort.com/slot-map.php?sid=1239,Coushatta Casino Resort,2026-10-01T17:07:17.138987+00:00
1240,Quick Spin Pots Supr Charge 8'S Pr,Ainsworth,Video,$0.01,Medium,3.0,,https://www.coushattacasinoresort.com/slot-map.php?sid=1240,https://www.coushattacasinoresort.com/slot-map.php?sid=1240,Coushatta Casino Resort,2026-10-01T17:07:17.143249+00:00
1219,Quick Spin Reel Hot 7S Classic,Ainsworth,Video,$1.00,Medium,3.0,,https://www.coushattacasinoresort.com/slot-map.php?sid=1219,https://www.coushattacasinoresort.com/slot-map.php?sid=1219,Coushatta Casino Resort,2026-10-01T17:07:16.860289+00:00
1218,Quick Spin Super Charge 7S Classic,Ainsworth,Video,$1.00,Medium,3.0,,https://www.coushattacasinoresort.com/slot-map.php?sid=1218,https://www.coushattacasinoresort.com/slot-map.php?sid=1218,Coushatta Casino Resort,2026-10-01T17:07:16.786938+00:00
442,Quick Strike: China Shores: Boosted Wins And Spins (Progressive),Konami,Video,$0.01,Low,2.0,,https://www.coushattacasinoresort.com/slot-map.php?sid=442,https://www.coushattacasinoresort.com/slot-map.php?sid=442,Coushatta Casino Resort,2026-10-01T17:07:06.818232+00:00
1719,Quick Strike: Fairy'S Wish (Pr),Konami,Video,$0.01,N/A,,,https://www.coushattacasinoresort.com/slot-map.php?sid=1719,https://www.coushattacasinoresort.com/slot-map.php?sid=1719,Coushatta Casino Resort,2026-10-01T17:07:22.873223+00:00
1720,Quick Strike: Jumpin Jalapenos (P),Konami,Video,$0.01,N/A,,,https://www.coushattacasinoresort.com/slot-map.php?sid=1720,https://www.coushattacasinoresort.com/slot-map.php?sid=1720,Coushatta Casino Resort,2026-10-01T17:07:22.868456+00:00
848,Rainbow Riches,IGT,Video,$1.00,Medium,3.0,,https://www.coushattacasinoresort.com/slot-map.php?sid=848,https://www.coushattacasinoresort.com/slot-map.php?sid=848,Coushatta Casino Resort,2026-10-01T17:07:12.535617+00:00
923,Raise The Sails (Prog),IGT,Video,$0.01,Medium,3.0,,https://www.coushattacasinoresort.com/slot-map.php?sid=923,https://www.coushattacasinoresort.com/slot-map.php?sid=923,Coushatta Casino Resort,2026-10-01T17:07:13.544104+00:00
1227,Rakin Bacon : Odyssey Mc Md (Prog),AGS,VIdeo,$0.01,Medium,3.0,,https://www.coushattacasinoresort.com/slot-map.php?sid=1227,https://www.coushattacasinoresort.com/slot-map.php?sid=1227,Coushatta Casino Resort,2026-10-01T17:07:17.006319+00:00
1228,Rakin Bacon : Odyssey Mc Md (Prog),AGS,VIdeo,$0.02,Medium,3.0,,https://www.coushattacasinoresort.com/slot-map.php?sid=1228,https://www.coushattacasinoresort.com/slot-map.php?sid=1228,Coushatta Casino Resort,2026-10-01T17:07:17.002860+00:00
1229,Rakin Bacon : Odyssey Mc Md (Prog),AGS,VIdeo,$0.05,Medium,3.0,,https://www.coushattacasinoresort.com/slot-map.php?sid=1229,https://www.coushattacasinoresort.com/slot-map.php?sid=1229,Coushatta Casino Resort,2026-10-01T17:07:16.985200+00:00
1230,Rakin Bacon : Odyssey Mc Md (Prog),AGS,VIdeo,$0.10,Medium,3.0,,https://www.coushattacasinoresort.com/slot-map.php?sid=1230,https://www.coushattacasinoresort.com/slot-map.php?sid=1230,Coushatta Casino Resort,2026-10-01T17:07:17.017194+00:00
999,Rakin Bacon Cash Combo Mc Md (Pr),AGS,Video,$0.01,Medium,3.0,,https://www.coushattacasinoresort.com/slot-map.php?sid=999,https://www.coushattacasinoresort.com/slot-map.php?sid=999,Coushatta Casino Resort,2026-10-01T17:07:14.715405+00:00
560,Rakin Bacon Jp Bonus Board Mc Md Pr,AGS,Video,$0.25,Low,2.0,,https://www.coushattacasinoresort.com/slot-map.php?sid=560,https://www.coushattacasinoresort.com/slot-map.php?sid=560,Coushatta Casino Resort,2026-10-01T17:07:08.338434+00:00
559,Rakin Bacon Jp Bonus Wheel Mc Md Pr,AGS,Video,$0.25,Low,2.0,,https://www.coushattacasinoresort.com/slot-map.php?sid=559,https://www.coushattacasinoresort.com/slot-map.php?sid=559,Coushatta Casino Resort,2026-10-01T17:07:08.336834+00:00
1231,Rakin Bacon: Sahara Mc Md (Prog),AGS,VIdeo,$0.01,Medium,3.0,,https://www.coushattacasinoresort.com/slot-map.php?sid=1231,https://www.coushattacasinoresort.com/slot-map.php?sid=1231,Coushatta Casino Resort,2026-10-01T17:07:17.010004+00:00
1011,Rakin Bacon:Fu Zhu Bao Bao Mc Md Pr,AGS,Video,$0.01,Medium,3.0,,https://www.coushattacasinoresort.com/slot-map.php?sid=1011,https://www.coushattacasinoresort.com/slot-map.php?sid=1011,Coushatta Casino Resort,2026-10-01T17:07:14.719325+00:00
1065,Rakin Bakin:Soda Fountain Fortune P,AGS,Video,$0.01,Medium,3.0,,https://www.coushattacasinoresort.com/slot-map.php?sid=1065,https://www.coushattacasinoresort.com/slot-map.php?sid=1065,Coushatta Casino Resort,2026-10-01T17:07:15.319436+00:00
320,Rakin' Bacon (Prog),AGS,Video,$0.01,High,4.0,,https://www.coushattacasinoresort.com/slot-map.php?sid=320,https://www.coushattacasinoresort.com/slot-map.php?sid=320,Coushatta Casino Resort,2026-10-01T17:07:05.523746+00:00
61,Rampage (Mc) (Md) Wap (Prog),Light & Wonder,Video,$0.01,High,4.0,,https://www.coushattacasinoresort.com/slot-map.php?sid=61,https://www.coushattacasinoresort.com/slot-map.php?sid=61,Coushatta Casino Resort,2026-10-01T17:07:02.178550+00:00
15,Rawhide,Konami,Video,$0.01,High,4.0,,https://www.coushattacasinoresort.com/slot-map.php?sid=15,https://www.coushattacasinoresort.com/slot-map.php?sid=15,Coushatta Casino Resort,2026-10-01T17:07:01.213548+00:00
2538,Red Black Double Double Bonus Poker,IGT Poker,Poker,$0.25,N/A,,,https://www.coushattacasinoresort.com/slot-map.php?sid=2538,https://www.coushattacasinoresort.com/slot-map.php?sid=2538,Coushatta Casino Resort,2026-10-01T17:07:44.396433+00:00
2539,Red Black Double Double Bonus Poker,IGT Poker,Poker,$0.50,N/A,,,https://www.coushattacasinoresort.com/slot-map.php?sid=2539,https://www.coushattacasinoresort.com/slot-map.php?sid=2539,Coushatta Casino Resort,2026-10-01T17:07:44.438221+00:00
2540,Red Black Double Double Bonus Poker,IGT Poker,Poker,$1.00,N/A,,,https://www.coushattacasinoresort.com/slot-map.php?sid=2540,https://www.coushattacasinoresort.com/slot-map.php?sid=2540,Coushatta Casino Resort,2026-10-01T17:07:44.497003+00:00
2541,Red Black Double Double Bonus Poker,IGT Poker,Poker,$2.00,N/A,,,https://www.coushattacasinoresort.com/slot-map.php?sid=2541,https://www.coushattacasinoresort.com/slot-map.php?sid=2541,Coushatta Casino Resort,2026-10-01T17:07:44.480848+00:00
2542,Red Black Double Double Bonus Poker,IGT Poker,Poker,$5.00,N/A,,,https://www.coushattacasinoresort.com/slot-map.php?sid=2542,https://www.coushattacasinoresort.com/slot-map.php?sid=2542,Coushatta Casino Resort,2026-10-01T17:07:44.559954+00:00
1707,Red Fortune Rail Blossoms Mc Md Pr,Konami,Video,$0.01,Medium - Low,2.0,,https://www.coushattacasinoresort.com/slot-map.php?sid=1707,https://www.coushattacasinoresort.com/slot-map.php?sid=1707,Coushatta Casino Resort,2026-10-01T17:07:22.715757+00:00
1708,Red Fortune Rail Foliage Mc Md Pr,Konami,Video,$0.01,Medium - Low,2.0,,https://www.coushattacasinoresort.com/slot-map.php?sid=1708,https://www.coushattacasinoresort.com/slot-map.php?sid=1708,Coushatta Casino Resort,2026-10-01T17:07:22.687931+00:00
106,Red Hot Cantina: Chimichangas (P),IGT,Video,$0.01,High,4.0,,https://www.coushattacasinoresort.com/slot-map.php?sid=106,https://www.coushattacasinoresort.com/slot-map.php?sid=106,Coushatta Casino Resort,2026-10-01T17:07:02.945956+00:00
105,Red Hot Cantina: Enchaladas (Prog),IGT,Video,$0.01,High,4.0,,https://www.coushattacasinoresort.com/slot-map.php?sid=105,https://www.coushattacasinoresort.com/slot-map.php?sid=105,Coushatta Casino Resort,2026-10-01T17:07:02.897341+00:00
104,Red Hot Cantina: Red Hot Tamales(P),IGT,Video,$0.01,High,4.0,,https://www.coushattacasinoresort.com/slot-map.php?sid=104,https://www.coushattacasinoresort.com/slot-map.php?sid=104,Coushatta Casino Resort,2026-10-01T17:07:02.865274+00:00
820,Red Hot Tamales (P),IGT,Reel,$0.01,Medium,3.0,,https://www.coushattacasinoresort.com/slot-map.php?sid=820,https://www.coushattacasinoresort.com/slot-map.php?sid=820,Coushatta Casino Resort,2026-10-01T17:07:12.129833+00:00
1349,Red Prosper Bao Zhu Zhao Fu Ignite,Aristocrat,Video,$0.01,Medium - High,3.0,,https://www.coushattacasinoresort.com/slot-map.php?sid=1349,https://www.coushattacasinoresort.com/slot-map.php?sid=1349,Coushatta Casino Resort,2026-10-01T17:07:18.724875+00:00
252,Reel Scorcher: Lions Legacy Mmc Md,Incredible Technologies,Video,$0.01,High,4.0,,https://www.coushattacasinoresort.com/slot-map.php?sid=252,https://www.coushattacasinoresort.com/slot-map.php?sid=252,Coushatta Casino Resort,2026-10-01T17:07:04.882171+00:00
2633,Regal Link Lion (Mc) (Md)(Prog),IGT,Video,$0.01,N/A,,,https://www.coushattacasinoresort.com/slot-map.php?sid=2633,https://www.coushattacasinoresort.com/slot-map.php?sid=2633,Coushatta Casino Resort,2026-10-01T17:07:46.168872+00:00
2634,Regal Link Ravon (Mc) (Md) (Prog),IGT,Video,$0.01,N/A,,,https://www.coushattacasinoresort.com/slot-map.php?sid=2634,https://www.coushattacasinoresort.com/slot-map.php?sid=2634,Coushatta Casino Resort,2026-10-01T17:07:46.180810+00:00
1184,Reign Of Anubus (Mc) (Md) (Prog),AGS,Video,$0.01,Medium,3.0,,https://www.coushattacasinoresort.com/slot-map.php?sid=1184,https://www.coushattacasinoresort.com/slot-map.php?sid=1184,Coushatta Casino Resort,2026-10-01T17:07:16.564623+00:00
2631,Reign Of Gold:Pharoahs Might Md Pr,Aristocrat,Video,$0.01,N/A,,,https://www.coushattacasinoresort.com/slot-map.php?sid=2631,https://www.coushattacasinoresort.com/slot-map.php?sid=2631,Coushatta Casino Resort,2026-10-01T17:07:45.982673+00:00
2630,Reign Of Gold:Power Of King Mc Md P,Aristocrat,Video,$0.01,N/A,,,https://www.coushattacasinoresort.com/slot-map.php?sid=2630,https://www.coushattacasinoresort.com/slot-map.php?sid=2630,Coushatta Casino Resort,2026-10-01T17:07:45.927669+00:00
530,Rembrandt Riches,IGT,Video,$0.01,Low,2.0,,https://www.coushattacasinoresort.com/slot-map.php?sid=530,https://www.coushattacasinoresort.com/slot-map.php?sid=530,Coushatta Casino Resort,2026-10-01T17:07:08.100027+00:00
447,Return To Crystal Forest,Light & Wonder,Video,$0.01,Low,2.0,,https://www.coushattacasinoresort.com/slot-map.php?sid=447,https://www.coushattacasinoresort.com/slot-map.php?sid=447,Coushatta Casino Resort,2026-10-01T17:07:06.934958+00:00
133,Rich Girl,IGT,Video,$1.00,High,4.0,,https://www.coushattacasinoresort.com/slot-map.php?sid=133,https://www.coushattacasinoresort.com/slot-map.php?sid=133,Coushatta Casino Resort,2026-10-01T17:07:03.364521+00:00
1641,Rich Little Piggies Hog Wild (P),Light & Wonder,Video,$0.01,Medium - Low,2.0,,https://www.coushattacasinoresort.com/slot-map.php?sid=1641,https://www.coushattacasinoresort.com/slot-map.php?sid=1641,Coushatta Casino Resort,2026-10-01T17:07:21.738731+00:00
1640,Rich Little Piggies Meal Ticket (P),Light & Wonder,Video,$0.01,Medium - Low,2.0,,https://www.coushattacasinoresort.com/slot-map.php?sid=1640,https://www.coushattacasinoresort.com/slot-map.php?sid=1640,Coushatta Casino Resort,2026-10-01T17:07:21.720559+00:00
921,Rising Rockets Emperor (Mc) (Md)(P),IGT,Video,$0.01,Medium,3.0,,https://www.coushattacasinoresort.com/slot-map.php?sid=921,https://www.coushattacasinoresort.com/slot-map.php?sid=921,Coushatta Casino Resort,2026-10-01T17:07:13.548982+00:00
922,Rising Rockets Empress (Mc) (Md)(P),IGT,Video,$0.01,Medium,3.0,,https://www.coushattacasinoresort.com/slot-map.php?sid=922,https://www.coushattacasinoresort.com/slot-map.php?sid=922,Coushatta Casino Resort,2026-10-01T17:07:13.550658+00:00
1006,River Dragon 888 Boosted Mc Md Pr,AGS,Video,$0.01,Medium,3.0,,https://www.coushattacasinoresort.com/slot-map.php?sid=1006,https://www.coushattacasinoresort.com/slot-map.php?sid=1006,Coushatta Casino Resort,2026-10-01T17:07:14.616978+00:00
1007,River Dragon 888 Ultra Mc Md Pr,AGS,Video,$0.01,Medium,3.0,,https://www.coushattacasinoresort.com/slot-map.php?sid=1007,https://www.coushattacasinoresort.com/slot-map.php?sid=1007,Coushatta Casino Resort,2026-10-01T17:07:14.635129+00:00
89,River Dragons (Prog),AGS,Video,$0.01,High,4.0,,https://www.coushattacasinoresort.com/slot-map.php?sid=89,https://www.coushattacasinoresort.com/slot-map.php?sid=89,Coushatta Casino Resort,2026-10-01T17:07:02.689362+00:00
3215,Royal Deal: Bonus Poker,IGT Poker,Poker,$0.10,N/A,,,https://www.coushattacasinoresort.com/slot-map.php?sid=3215,https://www.coushattacasinoresort.com/slot-map.php?sid=3215,Coushatta Casino Resort,2026-10-01T17:07:59.440879+00:00
3216,Royal Deal: Bonus Poker,IGT Poker,Poker,$0.25,N/A,,,https://www.coushattacasinoresort.com/slot-map.php?sid=3216,https://www.coushattacasinoresort.com/slot-map.php?sid=3216,Coushatta Casino Resort,2026-10-01T17:07:59.494660+00:00
3217,Royal Deal: Bonus Poker,IGT Poker,Poker,$0.50,N/A,,,https://www.coushattacasinoresort.com/slot-map.php?sid=3217,https://www.coushattacasinoresort.com/slot-map.php?sid=3217,Coushatta Casino Resort,2026-10-01T17:07:59.538626+00:00
3218,Royal Deal: Bonus Poker,IGT Poker,Poker,$1.00,N/A,,,https://www.coushattacasinoresort.com/slot-map.php?sid=3218,https://www.coushattacasinoresort.com/slot-map.php?sid=3218,Coushatta Casino Resort,2026-10-01T17:07:59.527866+00:00
3211,Royal Deal: Double Double Bonus,IGT Poker,Poker,$0.10,N/A,,,https://www.coushattacasinoresort.com/slot-map.php?sid=3211,https://www.coushattacasinoresort.com/slot-map.php?sid=3211,Coushatta Casino Resort,2026-10-01T17:07:59.376332+00:00
3212,Royal Deal: Double Double Bonus,IGT Poker,Poker,$0.25,N/A,,,https://www.coushattacasinoresort.com/slot-map.php?sid=3212,https://www.coushattacasinoresort.com/slot-map.php?sid=3212,Coushatta Casino Resort,2026-10-01T17:07:59.530755+00:00
3213,Royal Deal: Double Double Bonus,IGT Poker,Poker,$0.50,N/A,,,https://www.coushattacasinoresort.com/slot-map.php?sid=3213,https://www.coushattacasinoresort.com/slot-map.php?sid=3213,Coushatta Casino Resort,2026-10-01T17:07:59.412977+00:00
3214,Royal Deal: Double Double Bonus,IGT Poker,Poker,$1.00,N/A,,,https://www.coushattacasinoresort.com/slot-map.php?sid=3214,https://www.coushattacasinoresort.com/slot-map.php?sid=3214,Coushatta Casino Resort,2026-10-01T17:07:59.417092+00:00
3953,Royal Deal: Double Double Bonus Poker,IGT Poker,Poker,$0.10,N/A,,,https://www.coushattacasinoresort.com/slot-map.php?sid=3953,https://www.coushattacasinoresort.com/slot-map.php?sid=3953,Coushatta Casino Resort,2026-10-01T17:08:00.923893+00:00
3954,Royal Deal: Double Double Bonus Poker,IGT Poker,Poker,$0.25,N/A,,,https://www.coushattacasinoresort.com/slot-map.php?sid=3954,https://www.coushattacasinoresort.com/slot-map.php?sid=3954,Coushatta Casino Resort,2026-10-01T17:08:00.926209+00:00
3955,Royal Deal: Double Double Bonus Poker,IGT Poker,Poker,$0.50,N/A,,,https://www.coushattacasinoresort.com/slot-map.php?sid=3955,https://www.coushattacasinoresort.com/slot-map.php?sid=3955,Coushatta Casino Resort,2026-10-01T17:08:01.116712+00:00
3956,Royal Deal: Double Double Bonus Poker,IGT Poker,Poker,$1.00,N/A,,,https://www.coushattacasinoresort.com/slot-map.php?sid=3956,https://www.coushattacasinoresort.com/slot-map.php?sid=3956,Coushatta Casino Resort,2026-10-01T17:08:01.105385+00:00
3207,Royal Deal: Triple Double Bonus,IGT Poker,Poker,$0.10,N/A,,,https://www.coushattacasinoresort.com/slot-map.php?sid=3207,https://www.coushattacasinoresort.com/slot-map.php?sid=3207,Coushatta Casino Resort,2026-10-01T17:07:59.364971+00:00
3208,Royal Deal: Triple Double Bonus,IGT Poker,Poker,$0.25,N/A,,,https://www.coushattacasinoresort.com/slot-map.php?sid=3208,https://www.coushattacasinoresort.com/slot-map.php?sid=3208,Coushatta Casino Resort,2026-10-01T17:07:59.340743+00:00
3209,Royal Deal: Triple Double Bonus,IGT Poker,Poker,$0.50,N/A,,,https://www.coushattacasinoresort.com/slot-map.php?sid=3209,https://www.coushattacasinoresort.com/slot-map.php?sid=3209,Coushatta Casino Resort,2026-10-01T17:07:59.384396+00:00
3210,Royal Deal: Triple Double Bonus,IGT Poker,Poker,$1.00,N/A,,,https://www.coushattacasinoresort.com/slot-map.php?sid=3210,https://www.coushattacasinoresort.com/slot-map.php?sid=3210,Coushatta Casino Resort,2026-10-01T17:07:59.380401+00:00
3949,Royal Deal: Triple Double Bonus Poker,IGT Poker,Poker,$0.10,N/A,,,https://www.coushattacasinoresort.com/slot-map.php?sid=3949,https://www.coushattacasinoresort.com/slot-map.php?sid=3949,Coushatta Casino Resort,2026-10-01T17:08:00.833540+00:00
3950,Royal Deal: Triple Double Bonus Poker,IGT Poker,Poker,$0.25,N/A,,,https://www.coushattacasinoresort.com/slot-map.php?sid=3950,https://www.coushattacasinoresort.com/slot-map.php?sid=3950,Coushatta Casino Resort,2026-10-01T17:08:00.891226+00:00
3951,Royal Deal: Triple Double Bonus Poker,IGT Poker,Poker,$0.50,N/A,,,https://www.coushattacasinoresort.com/slot-map.php?sid=3951,https://www.coushattacasinoresort.com/slot-map.php?sid=3951,Coushatta Casino Resort,2026-10-01T17:08:00.895136+00:00
3952,Royal Deal: Triple Double Bonus Poker,IGT Poker,Poker,$1.00,N/A,,,https://www.coushattacasinoresort.com/slot-map.php?sid=3952,https://www.coushattacasinoresort.com/slot-map.php?sid=3952,Coushatta Casino Resort,2026-10-01T17:08:00.928701+00:00
1237,San Fa Pandas (Mc)(Md) (Prog),Ainsworth,Video,$0.01,Medium,3.0,,https://www.coushattacasinoresort.com/slot-map.php?sid=1237,https://www.coushattacasinoresort.com/slot-map.php?sid=1237,Coushatta Casino Resort,2026-10-01T17:07:17.134554+00:00
1238,San Fa Tigers (Mc) (Md) (Prog),Ainsworth,Video,$0.01,Medium,3.0,,https://www.coushattacasinoresort.com/slot-map.php?sid=1238,https://www.coushattacasinoresort.com/slot-map.php?sid=1238,Coushatta Casino Resort,2026-10-01T17:07:17.147085+00:00
1797,Scarab,IGT,Video,$0.01,N/A,,,https://www.coushattacasinoresort.com/slot-map.php?sid=1797,https://www.coushattacasinoresort.com/slot-map.php?sid=1797,Coushatta Casino Resort,2026-10-01T17:07:23.961707+00:00
1798,Scarab,IGT,Video,$0.02,N/A,,,https://www.coushattacasinoresort.com/slot-map.php?sid=1798,https://www.coushattacasinoresort.com/slot-map.php?sid=1798,Coushatta Casino Resort,2026-10-01T17:07:23.965205+00:00
45,Secrets Of Stonehenge,IGT,Video,$0.01,High,4.0,,https://www.coushattacasinoresort.com/slot-map.php?sid=45,https://www.coushattacasinoresort.com/slot-map.php?sid=45,Coushatta Casino Resort,2026-10-01T17:07:01.887808+00:00
529,Secrets of the Forest,IGT,Video,$0.01,Low,2.0,,https://www.coushattacasinoresort.com/slot-map.php?sid=529,https://www.coushattacasinoresort.com/slot-map.php?sid=529,Coushatta Casino Resort,2026-10-01T17:07:08.041807+00:00
37,Sevens,IGT,Video,$0.01,High,4.0,,https://www.coushattacasinoresort.com/slot-map.php?sid=37,https://www.coushattacasinoresort.com/slot-map.php?sid=37,Coushatta Casino Resort,2026-10-01T17:07:01.763744+00:00
38,Sevens,IGT,Video,$0.02,High,4.0,,https://www.coushattacasinoresort.com/slot-map.php?sid=38,https://www.coushattacasinoresort.com/slot-map.php?sid=38,Coushatta Casino Resort,2026-10-01T17:07:01.868209+00:00
668,Shadow Of The Panther,IGT,Video,$0.01,Medium,3.0,,https://www.coushattacasinoresort.com/slot-map.php?sid=668,https://www.coushattacasinoresort.com/slot-map.php?sid=668,Coushatta Casino Resort,2026-10-01T17:07:09.922142+00:00
804,Shamans Magic,Aristocrat,Video,$0.01,Medium,3.0,,https://www.coushattacasinoresort.com/slot-map.php?sid=804,https://www.coushattacasinoresort.com/slot-map.php?sid=804,Coushatta Casino Resort,2026-10-01T17:07:11.897422+00:00
955,Shamrock Fortunes (Mc) (Md) (Prog),AGS,Video,$0.01,Medium,3.0,,https://www.coushattacasinoresort.com/slot-map.php?sid=955,https://www.coushattacasinoresort.com/slot-map.php?sid=955,Coushatta Casino Resort,2026-10-01T17:07:14.044600+00:00
1422,Shark'S Lock (Mc) (Md),Bluberi,Video,$0.01,Medium - High,3.0,,https://www.coushattacasinoresort.com/slot-map.php?sid=1422,https://www.coushattacasinoresort.com/slot-map.php?sid=1422,Coushatta Casino Resort,2026-10-01T17:07:19.713325+00:00
1423,Shark'S Lock (Mc) (Md),Bluberi,Video,$0.02,Medium - High,3.0,,https://www.coushattacasinoresort.com/slot-map.php?sid=1423,https://www.coushattacasinoresort.com/slot-map.php?sid=1423,Coushatta Casino Resort,2026-10-01T17:07:19.717043+00:00
1424,Shark'S Lock (Mc) (Md),Bluberi,Video,$0.05,Medium - High,3.0,,https://www.coushattacasinoresort.com/slot-map.php?sid=1424,https://www.coushattacasinoresort.com/slot-map.php?sid=1424,Coushatta Casino Resort,2026-10-01T17:07:19.706919+00:00
1425,Shark'S Lock (Mc) (Md),Bluberi,Video,$0.10,Medium - High,3.0,,https://www.coushattacasinoresort.com/slot-map.php?sid=1425,https://www.coushattacasinoresort.com/slot-map.php?sid=1425,Coushatta Casino Resort,2026-10-01T17:07:19.739369+00:00
1434,Shark'S Lock Slice'N Dice (Mc) (Md),Bluberi,Video,$0.01,Medium - High,3.0,,https://www.coushattacasinoresort.com/slot-map.php?sid=1434,https://www.coushattacasinoresort.com/slot-map.php?sid=1434,Coushatta Casino Resort,2026-10-01T17:07:19.894726+00:00
1435,Shark'S Lock Slice'N Dice (Mc) (Md),Bluberi,Video,$0.02,Medium - High,3.0,,https://www.coushattacasinoresort.com/slot-map.php?sid=1435,https://www.coushattacasinoresort.com/slot-map.php?sid=1435,Coushatta Casino Resort,2026-10-01T17:07:19.943749+00:00
1436,Shark'S Lock Slice'N Dice (Mc) (Md),Bluberi,Video,$0.05,Medium - High,3.0,,https://www.coushattacasinoresort.com/slot-map.php?sid=1436,https://www.coushattacasinoresort.com/slot-map.php?sid=1436,Coushatta Casino Resort,2026-10-01T17:07:19.915139+00:00
1437,Shark'S Lock Slice'N Dice (Mc) (Md),Bluberi,Video,$0.10,Medium - High,3.0,,https://www.coushattacasinoresort.com/slot-map.php?sid=1437,https://www.coushattacasinoresort.com/slot-map.php?sid=1437,Coushatta Casino Resort,2026-10-01T17:07:19.929660+00:00
1726,Shockwave Poker,IGT Poker,Poker,$0.25,N/A,,,https://www.coushattacasinoresort.com/slot-map.php?sid=1726,https://www.coushattacasinoresort.com/slot-map.php?sid=1726,Coushatta Casino Resort,2026-10-01T17:07:22.951779+00:00
1703,Siberian Spark Inferno Mc Md Prog,Aristocrat,Video,$0.01,Medium - Low,2.0,,https://www.coushattacasinoresort.com/slot-map.php?sid=1703,https://www.coushattacasinoresort.com/slot-map.php?sid=1703,Coushatta Casino Resort,2026-10-01T17:07:22.634572+00:00
521,Siberian Storm,IGT,Video,$1.00,Low,2.0,,https://www.coushattacasinoresort.com/slot-map.php?sid=521,https://www.coushattacasinoresort.com/slot-map.php?sid=521,Coushatta Casino Resort,2026-10-01T17:07:08.036947+00:00
1214,Sizzlin' 7'S Piggy Parade (Prog),IGT,Reel,$0.01,Medium,3.0,,https://www.coushattacasinoresort.com/slot-map.php?sid=1214,https://www.coushattacasinoresort.com/slot-map.php?sid=1214,Coushatta Casino Resort,2026-10-01T17:07:16.757362+00:00
102,Sizzling Sevens (Md),IGT,Reel,$0.01,High,4.0,,https://www.coushattacasinoresort.com/slot-map.php?sid=102,https://www.coushattacasinoresort.com/slot-map.php?sid=102,Coushatta Casino Resort,2026-10-01T17:07:02.853802+00:00
147,Sizzling Sevens (Md),IGT,Reel,$0.25,High,4.0,,https://www.coushattacasinoresort.com/slot-map.php?sid=147,https://www.coushattacasinoresort.com/slot-map.php?sid=147,Coushatta Casino Resort,2026-10-01T17:07:03.564723+00:00
148,Sizzling Sevens (Md),IGT,Reel,$0.50,High,4.0,,https://www.coushattacasinoresort.com/slot-map.php?sid=148,https://www.coushattacasinoresort.com/slot-map.php?sid=148,Coushatta Casino Resort,2026-10-01T17:07:03.570309+00:00
149,Sizzling Sevens (Md),IGT,Reel,$1.00,High,4.0,,https://www.coushattacasinoresort.com/slot-map.php?sid=149,https://www.coushattacasinoresort.com/slot-map.php?sid=149,Coushatta Casino Resort,2026-10-01T17:07:03.576650+00:00
150,Sizzling Sevens (Md),IGT,Reel,$2.00,High,4.0,,https://www.coushattacasinoresort.com/slot-map.php?sid=150,https://www.coushattacasinoresort.com/slot-map.php?sid=150,Coushatta Casino Resort,2026-10-01T17:07:03.542571+00:00
1665,Sky Rider Golden Amulet,Aristocrat,Video,$0.01,Medium - Low,2.0,,https://www.coushattacasinoresort.com/slot-map.php?sid=1665,https://www.coushattacasinoresort.com/slot-map.php?sid=1665,Coushatta Casino Resort,2026-10-01T17:07:22.111536+00:00
1668,Sky Rider Golden Amulet,Aristocrat,Video,$0.02,Medium - Low,2.0,,https://www.coushattacasinoresort.com/slot-map.php?sid=1668,https://www.coushattacasinoresort.com/slot-map.php?sid=1668,Coushatta Casino Resort,2026-10-01T17:07:22.124395+00:00
1670,Sky Rider Golden Amulet,Aristocrat,Video,$0.05,Medium - Low,2.0,,https://www.coushattacasinoresort.com/slot-map.php?sid=1670,https://www.coushattacasinoresort.com/slot-map.php?sid=1670,Coushatta Casino Resort,2026-10-01T17:07:22.182157+00:00
1672,Sky Rider Golden Amulet,Aristocrat,Video,$0.10,Medium - Low,2.0,,https://www.coushattacasinoresort.com/slot-map.php?sid=1672,https://www.coushattacasinoresort.com/slot-map.php?sid=1672,Coushatta Casino Resort,2026-10-01T17:07:22.207467+00:00
1674,Sky Rider Golden Amulet,Aristocrat,Video,$0.25,Medium - Low,2.0,,https://www.coushattacasinoresort.com/slot-map.php?sid=1674,https://www.coushattacasinoresort.com/slot-map.php?sid=1674,Coushatta Casino Resort,2026-10-01T17:07:22.211813+00:00
1220,Sky Riders: Golden Amulet,Aristocrat,Video,$0.01,Medium,3.0,,https://www.coushattacasinoresort.com/slot-map.php?sid=1220,https://www.coushattacasinoresort.com/slot-map.php?sid=1220,Coushatta Casino Resort,2026-10-01T17:07:16.858019+00:00
194,Smokin Hot Gems Grand (Prog),Everi,Reel,$1.00,High,4.0,,https://www.coushattacasinoresort.com/slot-map.php?sid=194,https://www.coushattacasinoresort.com/slot-map.php?sid=194,Coushatta Casino Resort,2026-10-01T17:07:04.119628+00:00
907,Smokin' Hot Jackpots: Smokin'777(P),Everi,Reel,$1.00,Medium,3.0,,https://www.coushattacasinoresort.com/slot-map.php?sid=907,https://www.coushattacasinoresort.com/slot-map.php?sid=907,Coushatta Casino Resort,2026-10-01T17:07:13.337645+00:00
16,Smokin' Hot Stuff Wicked Wheel (P),Everi,Video,$0.01,High,4.0,,https://www.coushattacasinoresort.com/slot-map.php?sid=16,https://www.coushattacasinoresort.com/slot-map.php?sid=16,Coushatta Casino Resort,2026-10-01T17:07:01.248918+00:00
1226,Smokin-Train Mc Md Prog,Bluberi,Video,$0.01,Medium,3.0,,https://www.coushattacasinoresort.com/slot-map.php?sid=1226,https://www.coushattacasinoresort.com/slot-map.php?sid=1226,Coushatta Casino Resort,2026-10-01T17:07:16.932809+00:00
625,Snapdragon,IGT,Video,$0.01,Medium,3.0,,https://www.coushattacasinoresort.com/slot-map.php?sid=625,https://www.coushattacasinoresort.com/slot-map.php?sid=625,Coushatta Casino Resort,2026-10-01T17:07:09.262156+00:00
626,Snapdragon,IGT,Video,$0.02,Medium,3.0,,https://www.coushattacasinoresort.com/slot-map.php?sid=626,https://www.coushattacasinoresort.com/slot-map.php?sid=626,Coushatta Casino Resort,2026-10-01T17:07:09.267111+00:00
1793,Solar Disk 26 line,IGT,Video,$0.01,N/A,,,https://www.coushattacasinoresort.com/slot-map.php?sid=1793,https://www.coushattacasinoresort.com/slot-map.php?sid=1793,Coushatta Casino Resort,2026-10-01T17:07:23.947443+00:00
1794,Solar Disk 26 line,IGT,Video,$0.02,N/A,,,https://www.coushattacasinoresort.com/slot-map.php?sid=1794,https://www.coushattacasinoresort.com/slot-map.php?sid=1794,Coushatta Casino Resort,2026-10-01T17:07:23.918940+00:00
616,Solstice Celebration,Konami,Video,$0.01,Medium,3.0,,https://www.coushattacasinoresort.com/slot-map.php?sid=616,https://www.coushattacasinoresort.com/slot-map.php?sid=616,Coushatta Casino Resort,2026-10-01T17:07:09.126576+00:00
2172,Spin Poker - Bonus Poker,IGT,Poker,$0.05,N/A,,,https://www.coushattacasinoresort.com/slot-map.php?sid=2172,https://www.coushattacasinoresort.com/slot-map.php?sid=2172,Coushatta Casino Resort,2026-10-01T17:07:34.363560+00:00
2173,Spin Poker - Bonus Poker,IGT,Poker,$0.10,N/A,,,https://www.coushattacasinoresort.com/slot-map.php?sid=2173,https://www.coushattacasinoresort.com/slot-map.php?sid=2173,Coushatta Casino Resort,2026-10-01T17:07:34.360512+00:00
2174,Spin Poker - Bonus Poker,IGT,Poker,$0.25,N/A,,,https://www.coushattacasinoresort.com/slot-map.php?sid=2174,https://www.coushattacasinoresort.com/slot-map.php?sid=2174,Coushatta Casino Resort,2026-10-01T17:07:34.456305+00:00
2169,Spin Poker - Bonus Poker Deluxe,IGT,Poker,$0.05,N/A,,,https://www.coushattacasinoresort.com/slot-map.php?sid=2169,https://www.coushattacasinoresort.com/slot-map.php?sid=2169,Coushatta Casino Resort,2026-10-01T17:07:34.243985+00:00
2170,Spin Poker - Bonus Poker Deluxe,IGT,Poker,$0.10,N/A,,,https://www.coushattacasinoresort.com/slot-map.php?sid=2170,https://www.coushattacasinoresort.com/slot-map.php?sid=2170,Coushatta Casino Resort,2026-10-01T17:07:34.277631+00:00
2171,Spin Poker - Bonus Poker Deluxe,IGT,Poker,$0.25,N/A,,,https://www.coushattacasinoresort.com/slot-map.php?sid=2171,https://www.coushattacasinoresort.com/slot-map.php?sid=2171,Coushatta Casino Resort,2026-10-01T17:07:34.282111+00:00
2166,Spin Poker - Decues Wild Bonus,IGT,Poker,$0.05,N/A,,,https://www.coushattacasinoresort.com/slot-map.php?sid=2166,https://www.coushattacasinoresort.com/slot-map.php?sid=2166,Coushatta Casino Resort,2026-10-01T17:07:34.146847+00:00
2167,Spin Poker - Decues Wild Bonus,IGT,Poker,$0.10,N/A,,,https://www.coushattacasinoresort.com/slot-map.php?sid=2167,https://www.coushattacasinoresort.com/slot-map.php?sid=2167,Coushatta Casino Resort,2026-10-01T17:07:34.253007+00:00
2168,Spin Poker - Decues Wild Bonus,IGT,Poker,$0.25,N/A,,,https://www.coushattacasinoresort.com/slot-map.php?sid=2168,https://www.coushattacasinoresort.com/slot-map.php?sid=2168,Coushatta Casino Resort,2026-10-01T17:07:34.247783+00:00
2163,Spin Poker - Deuces Wild,IGT,Poker,$0.05,N/A,,,https://www.coushattacasinoresort.com/slot-map.php?sid=2163,https://www.coushattacasinoresort.com/slot-map.php?sid=2163,Coushatta Casino Resort,2026-10-01T17:07:34.044325+00:00
2164,Spin Poker - Deuces Wild,IGT,Poker,$0.10,N/A,,,https://www.coushattacasinoresort.com/slot-map.php?sid=2164,https://www.coushattacasinoresort.com/slot-map.php?sid=2164,Coushatta Casino Resort,2026-10-01T17:07:34.120461+00:00
2165,Spin Poker - Deuces Wild,IGT,Poker,$0.25,N/A,,,https://www.coushattacasinoresort.com/slot-map.php?sid=2165,https://www.coushattacasinoresort.com/slot-map.php?sid=2165,Coushatta Casino Resort,2026-10-01T17:07:34.262532+00:00
2160,Spin Poker - Double Bonus Poker,IGT,Poker,$0.05,N/A,,,https://www.coushattacasinoresort.com/slot-map.php?sid=2160,https://www.coushattacasinoresort.com/slot-map.php?sid=2160,Coushatta Casino Resort,2026-10-01T17:07:34.004921+00:00
2161,Spin Poker - Double Bonus Poker,IGT,Poker,$0.10,N/A,,,https://www.coushattacasinoresort.com/slot-map.php?sid=2161,https://www.coushattacasinoresort.com/slot-map.php?sid=2161,Coushatta Casino Resort,2026-10-01T17:07:34.020849+00:00
2162,Spin Poker - Double Bonus Poker,IGT,Poker,$0.25,N/A,,,https://www.coushattacasinoresort.com/slot-map.php?sid=2162,https://www.coushattacasinoresort.com/slot-map.php?sid=2162,Coushatta Casino Resort,2026-10-01T17:07:34.050107+00:00
2157,Spin Poker - Double Doubler Bonus Poker,IGT,Poker,$0.05,N/A,,,https://www.coushattacasinoresort.com/slot-map.php?sid=2157,https://www.coushattacasinoresort.com/slot-map.php?sid=2157,Coushatta Casino Resort,2026-10-01T17:07:33.897570+00:00
2158,Spin Poker - Double Doubler Bonus Poker,IGT,Poker,$0.10,N/A,,,https://www.coushattacasinoresort.com/slot-map.php?sid=2158,https://www.coushattacasinoresort.com/slot-map.php?sid=2158,Coushatta Casino Resort,2026-10-01T17:07:34.010597+00:00
2159,Spin Poker - Double Doubler Bonus Poker,IGT,Poker,$0.25,N/A,,,https://www.coushattacasinoresort.com/slot-map.php?sid=2159,https://www.coushattacasinoresort.com/slot-map.php?sid=2159,Coushatta Casino Resort,2026-10-01T17:07:33.931372+00:00
2154,Spin Poker - Jacks or Better,IGT,Poker,$0.05,N/A,,,https://www.coushattacasinoresort.com/slot-map.php?sid=2154,https://www.coushattacasinoresort.com/slot-map.php?sid=2154,Coushatta Casino Resort,2026-10-01T17:07:33.804374+00:00
2155,Spin Poker - Jacks or Better,IGT,Poker,$0.10,N/A,,,https://www.coushattacasinoresort.com/slot-map.php?sid=2155,https://www.coushattacasinoresort.com/slot-map.php?sid=2155,Coushatta Casino Resort,2026-10-01T17:07:33.819394+00:00
2156,Spin Poker - Jacks or Better,IGT,Poker,$0.25,N/A,,,https://www.coushattacasinoresort.com/slot-map.php?sid=2156,https://www.coushattacasinoresort.com/slot-map.php?sid=2156,Coushatta Casino Resort,2026-10-01T17:07:33.927964+00:00
2151,Spin Poker - Joker Poker,IGT,Poker,$0.05,N/A,,,https://www.coushattacasinoresort.com/slot-map.php?sid=2151,https://www.coushattacasinoresort.com/slot-map.php?sid=2151,Coushatta Casino Resort,2026-10-01T17:07:33.727593+00:00
2152,Spin Poker - Joker Poker,IGT,Poker,$0.10,N/A,,,https://www.coushattacasinoresort.com/slot-map.php?sid=2152,https://www.coushattacasinoresort.com/slot-map.php?sid=2152,Coushatta Casino Resort,2026-10-01T17:07:33.785378+00:00
2153,Spin Poker - Joker Poker,IGT,Poker,$0.25,N/A,,,https://www.coushattacasinoresort.com/slot-map.php?sid=2153,https://www.coushattacasinoresort.com/slot-map.php?sid=2153,Coushatta Casino Resort,2026-10-01T17:07:33.799005+00:00
2148,Spin Poker - Triple Douuble Bonus Poker,IGT,Poker,$0.05,N/A,,,https://www.coushattacasinoresort.com/slot-map.php?sid=2148,https://www.coushattacasinoresort.com/slot-map.php?sid=2148,Coushatta Casino Resort,2026-10-01T17:07:33.668108+00:00
2149,Spin Poker - Triple Douuble Bonus Poker,IGT,Poker,$0.10,N/A,,,https://www.coushattacasinoresort.com/slot-map.php?sid=2149,https://www.coushattacasinoresort.com/slot-map.php?sid=2149,Coushatta Casino Resort,2026-10-01T17:07:33.689793+00:00
2150,Spin Poker - Triple Douuble Bonus Poker,IGT,Poker,$0.25,N/A,,,https://www.coushattacasinoresort.com/slot-map.php?sid=2150,https://www.coushattacasinoresort.com/slot-map.php?sid=2150,Coushatta Casino Resort,2026-10-01T17:07:33.684012+00:00
2145,Spin Poker Deluxe - Bonus Poker,IGT,Poker,$0.05,N/A,,,https://www.coushattacasinoresort.com/slot-map.php?sid=2145,https://www.coushattacasinoresort.com/slot-map.php?sid=2145,Coushatta Casino Resort,2026-10-01T17:07:33.594028+00:00
2146,Spin Poker Deluxe - Bonus Poker,IGT,Poker,$0.10,N/A,,,https://www.coushattacasinoresort.com/slot-map.php?sid=2146,https://www.coushattacasinoresort.com/slot-map.php?sid=2146,Coushatta Casino Resort,2026-10-01T17:07:33.561371+00:00
2147,Spin Poker Deluxe - Bonus Poker,IGT,Poker,$0.25,N/A,,,https://www.coushattacasinoresort.com/slot-map.php?sid=2147,https://www.coushattacasinoresort.com/slot-map.php?sid=2147,Coushatta Casino Resort,2026-10-01T17:07:33.608241+00:00
2142,Spin Poker Deluxe - Bonus Poker Dlx,IGT,Poker,$0.05,N/A,,,https://www.coushattacasinoresort.com/slot-map.php?sid=2142,https://www.coushattacasinoresort.com/slot-map.php?sid=2142,Coushatta Casino Resort,2026-10-01T17:07:33.482921+00:00
2143,Spin Poker Deluxe - Bonus Poker Dlx,IGT,Poker,$0.10,N/A,,,https://www.coushattacasinoresort.com/slot-map.php?sid=2143,https://www.coushattacasinoresort.com/slot-map.php?sid=2143,Coushatta Casino Resort,2026-10-01T17:07:33.500336+00:00
2144,Spin Poker Deluxe - Bonus Poker Dlx,IGT,Poker,$0.25,N/A,,,https://www.coushattacasinoresort.com/slot-map.php?sid=2144,https://www.coushattacasinoresort.com/slot-map.php?sid=2144,Coushatta Casino Resort,2026-10-01T17:07:33.567795+00:00
2139,Spin Poker Deluxe - Deuces Wild,IGT,Poker,$0.05,N/A,,,https://www.coushattacasinoresort.com/slot-map.php?sid=2139,https://www.coushattacasinoresort.com/slot-map.php?sid=2139,Coushatta Casino Resort,2026-10-01T17:07:33.388049+00:00
2140,Spin Poker Deluxe - Deuces Wild,IGT,Poker,$0.10,N/A,,,https://www.coushattacasinoresort.com/slot-map.php?sid=2140,https://www.coushattacasinoresort.com/slot-map.php?sid=2140,Coushatta Casino Resort,2026-10-01T17:07:33.417463+00:00
2141,Spin Poker Deluxe - Deuces Wild,IGT,Poker,$0.25,N/A,,,https://www.coushattacasinoresort.com/slot-map.php?sid=2141,https://www.coushattacasinoresort.com/slot-map.php?sid=2141,Coushatta Casino Resort,2026-10-01T17:07:33.458607+00:00
2136,Spin Poker Deluxe - Deuces Wild Bonus,IGT,Poker,$0.05,N/A,,,https://www.coushattacasinoresort.com/slot-map.php?sid=2136,https://www.coushattacasinoresort.com/slot-map.php?sid=2136,Coushatta Casino Resort,2026-10-01T17:07:33.322640+00:00
2137,Spin Poker Deluxe - Deuces Wild Bonus,IGT,Poker,$0.10,N/A,,,https://www.coushattacasinoresort.com/slot-map.php?sid=2137,https://www.coushattacasinoresort.com/slot-map.php?sid=2137,Coushatta Casino Resort,2026-10-01T17:07:33.327792+00:00
2138,Spin Poker Deluxe - Deuces Wild Bonus,IGT,Poker,$0.25,N/A,,,https://www.coushattacasinoresort.com/slot-map.php?sid=2138,https://www.coushattacasinoresort.com/slot-map.php?sid=2138,Coushatta Casino Resort,2026-10-01T17:07:33.360502+00:00
2133,Spin Poker Deluxe - Double Bonus Poker,IGT,Poker,$0.05,N/A,,,https://www.coushattacasinoresort.com/slot-map.php?sid=2133,https://www.coushattacasinoresort.com/slot-map.php?sid=2133,Coushatta Casino Resort,2026-10-01T17:07:33.237342+00:00
2134,Spin Poker Deluxe - Double Bonus Poker,IGT,Poker,$0.10,N/A,,,https://www.coushattacasinoresort.com/slot-map.php?sid=2134,https://www.coushattacasinoresort.com/slot-map.php?sid=2134,Coushatta Casino Resort,2026-10-01T17:07:33.241799+00:00
2135,Spin Poker Deluxe - Double Bonus Poker,IGT,Poker,$0.25,N/A,,,https://www.coushattacasinoresort.com/slot-map.php?sid=2135,https://www.coushattacasinoresort.com/slot-map.php?sid=2135,Coushatta Casino Resort,2026-10-01T17:07:33.294680+00:00
2130,Spin Poker Deluxe - Double Doubler Bonus Poker,IGT,Poker,$0.05,N/A,,,https://www.coushattacasinoresort.com/slot-map.php?sid=2130,https://www.coushattacasinoresort.com/slot-map.php?sid=2130,Coushatta Casino Resort,2026-10-01T17:07:33.158082+00:00
2131,Spin Poker Deluxe - Double Doubler Bonus Poker,IGT,Poker,$0.10,N/A,,,https://www.coushattacasinoresort.com/slot-map.php?sid=2131,https://www.coushattacasinoresort.com/slot-map.php?sid=2131,Coushatta Casino Resort,2026-10-01T17:07:33.154619+00:00
2132,Spin Poker Deluxe - Double Doubler Bonus Poker,IGT,Poker,$0.25,N/A,,,https://www.coushattacasinoresort.com/slot-map.php?sid=2132,https://www.coushattacasinoresort.com/slot-map.php?sid=2132,Coushatta Casino Resort,2026-10-01T17:07:33.205933+00:00
2127,Spin Poker Deluxe - Jacks or Better,IGT,Poker,$0.05,N/A,,,https://www.coushattacasinoresort.com/slot-map.php?sid=2127,https://www.coushattacasinoresort.com/slot-map.php?sid=2127,Coushatta Casino Resort,2026-10-01T17:07:33.033779+00:00
2128,Spin Poker Deluxe - Jacks or Better,IGT,Poker,$0.10,N/A,,,https://www.coushattacasinoresort.com/slot-map.php?sid=2128,https://www.coushattacasinoresort.com/slot-map.php?sid=2128,Coushatta Casino Resort,2026-10-01T17:07:33.089385+00:00
2129,Spin Poker Deluxe - Jacks or Better,IGT,Poker,$0.25,N/A,,,https://www.coushattacasinoresort.com/slot-map.php?sid=2129,https://www.coushattacasinoresort.com/slot-map.php?sid=2129,Coushatta Casino Resort,2026-10-01T17:07:33.094225+00:00
2124,Spin Poker Deluxe - Joker Poker,IGT,Poker,$0.05,N/A,,,https://www.coushattacasinoresort.com/slot-map.php?sid=2124,https://www.coushattacasinoresort.com/slot-map.php?sid=2124,Coushatta Casino Resort,2026-10-01T17:07:32.941630+00:00
2125,Spin Poker Deluxe - Joker Poker,IGT,Poker,$0.10,N/A,,,https://www.coushattacasinoresort.com/slot-map.php?sid=2125,https://www.coushattacasinoresort.com/slot-map.php?sid=2125,Coushatta Casino Resort,2026-10-01T17:07:33.006359+00:00
2126,Spin Poker Deluxe - Joker Poker,IGT,Poker,$0.25,N/A,,,https://www.coushattacasinoresort.com/slot-map.php?sid=2126,https://www.coushattacasinoresort.com/slot-map.php?sid=2126,Coushatta Casino Resort,2026-10-01T17:07:33.076975+00:00
2121,Spin Poker Deluxe - Triple Double Bonus Poker,IGT,Poker,$0.05,N/A,,,https://www.coushattacasinoresort.com/slot-map.php?sid=2121,https://www.coushattacasinoresort.com/slot-map.php?sid=2121,Coushatta Casino Resort,2026-10-01T17:07:32.850104+00:00
2122,Spin Poker Deluxe - Triple Double Bonus Poker,IGT,Poker,$0.10,N/A,,,https://www.coushattacasinoresort.com/slot-map.php?sid=2122,https://www.coushattacasinoresort.com/slot-map.php?sid=2122,Coushatta Casino Resort,2026-10-01T17:07:32.887667+00:00
2123,Spin Poker Deluxe - Triple Double Bonus Poker,IGT,Poker,$0.25,N/A,,,https://www.coushattacasinoresort.com/slot-map.php?sid=2123,https://www.coushattacasinoresort.com/slot-map.php?sid=2123,Coushatta Casino Resort,2026-10-01T17:07:32.968122+00:00
1197,Spin Surge Furry Foo (Mc) (Md) (Pr),Incredible Technologies,Video,$0.01,Medium,3.0,,https://www.coushattacasinoresort.com/slot-map.php?sid=1197,https://www.coushattacasinoresort.com/slot-map.php?sid=1197,Coushatta Casino Resort,2026-10-01T17:07:16.669897+00:00
1198,Spin Surge Furry Foo (Mc) (Md) (Pr),Incredible Technologies,Video,$0.02,Medium,3.0,,https://www.coushattacasinoresort.com/slot-map.php?sid=1198,https://www.coushattacasinoresort.com/slot-map.php?sid=1198,Coushatta Casino Resort,2026-10-01T17:07:16.676657+00:00
1199,Spin Surge Furry Foo (Mc) (Md) (Pr),Incredible Technologies,Video,$0.05,Medium,3.0,,https://www.coushattacasinoresort.com/slot-map.php?sid=1199,https://www.coushattacasinoresort.com/slot-map.php?sid=1199,Coushatta Casino Resort,2026-10-01T17:07:16.744903+00:00
1200,Spin Surge Furry Foo (Mc) (Md) (Pr),Incredible Technologies,Video,$0.10,Medium,3.0,,https://www.coushattacasinoresort.com/slot-map.php?sid=1200,https://www.coushattacasinoresort.com/slot-map.php?sid=1200,Coushatta Casino Resort,2026-10-01T17:07:16.743373+00:00
1148,Spitfire: Triple Double Diamond(Md),IGT,Reel,$0.25,Medium,3.0,,https://www.coushattacasinoresort.com/slot-map.php?sid=1148,https://www.coushattacasinoresort.com/slot-map.php?sid=1148,Coushatta Casino Resort,2026-10-01T17:07:16.071259+00:00
1149,Spitfire: Triple Double Diamond(Md),IGT,Reel,$0.50,Medium,3.0,,https://www.coushattacasinoresort.com/slot-map.php?sid=1149,https://www.coushattacasinoresort.com/slot-map.php?sid=1149,Coushatta Casino Resort,2026-10-01T17:07:16.074866+00:00
1150,Spitfire: Triple Double Diamond(Md),IGT,Reel,$1.00,Medium,3.0,,https://www.coushattacasinoresort.com/slot-map.php?sid=1150,https://www.coushattacasinoresort.com/slot-map.php?sid=1150,Coushatta Casino Resort,2026-10-01T17:07:16.092908+00:00
1151,Spitfire: Triple Double Diamond(Md),IGT,Reel,$2.00,Medium,3.0,,https://www.coushattacasinoresort.com/slot-map.php?sid=1151,https://www.coushattacasinoresort.com/slot-map.php?sid=1151,Coushatta Casino Resort,2026-10-01T17:07:16.104865+00:00
4046,Spitfire: Triple Red Hot Sevens(Md),Everi,Reel,$0.25,N/A,,,https://www.coushattacasinoresort.com/slot-map.php?sid=4046,https://www.coushattacasinoresort.com/slot-map.php?sid=4046,Coushatta Casino Resort,2026-10-01T17:08:02.559182+00:00
2773,Split Card - Five Play Bonus Poker,IGT,Poker,$0.10,N/A,,,https://www.coushattacasinoresort.com/slot-map.php?sid=2773,https://www.coushattacasinoresort.com/slot-map.php?sid=2773,Coushatta Casino Resort,2026-10-01T17:07:50.319516+00:00
2774,Split Card - Five Play Bonus Poker,IGT,Poker,$0.25,N/A,,,https://www.coushattacasinoresort.com/slot-map.php?sid=2774,https://www.coushattacasinoresort.com/slot-map.php?sid=2774,Coushatta Casino Resort,2026-10-01T17:07:50.334778+00:00
2775,Split Card - Five Play Bonus Poker,IGT,Poker,$0.50,N/A,,,https://www.coushattacasinoresort.com/slot-map.php?sid=2775,https://www.coushattacasinoresort.com/slot-map.php?sid=2775,Coushatta Casino Resort,2026-10-01T17:07:50.374141+00:00
2770,Split Card - Five Play Bonus Poker Deluxe,IGT,Poker,$0.10,N/A,,,https://www.coushattacasinoresort.com/slot-map.php?sid=2770,https://www.coushattacasinoresort.com/slot-map.php?sid=2770,Coushatta Casino Resort,2026-10-01T17:07:50.275280+00:00
2771,Split Card - Five Play Bonus Poker Deluxe,IGT,Poker,$0.25,N/A,,,https://www.coushattacasinoresort.com/slot-map.php?sid=2771,https://www.coushattacasinoresort.com/slot-map.php?sid=2771,Coushatta Casino Resort,2026-10-01T17:07:50.273623+00:00
2772,Split Card - Five Play Bonus Poker Deluxe,IGT,Poker,$0.50,N/A,,,https://www.coushattacasinoresort.com/slot-map.php?sid=2772,https://www.coushattacasinoresort.com/slot-map.php?sid=2772,Coushatta Casino Resort,2026-10-01T17:07:50.350024+00:00
2767,Split Card - Five Play Decues Wild Bonus Poker,IGT,Poker,$0.10,N/A,,,https://www.coushattacasinoresort.com/slot-map.php?sid=2767,https://www.coushattacasinoresort.com/slot-map.php?sid=2767,Coushatta Casino Resort,2026-10-01T17:07:50.104406+00:00
2768,Split Card - Five Play Decues Wild Bonus Poker,IGT,Poker,$0.25,N/A,,,https://www.coushattacasinoresort.com/slot-map.php?sid=2768,https://www.coushattacasinoresort.com/slot-map.php?sid=2768,Coushatta Casino Resort,2026-10-01T17:07:50.217969+00:00
2769,Split Card - Five Play Decues Wild Bonus Poker,IGT,Poker,$0.50,N/A,,,https://www.coushattacasinoresort.com/slot-map.php?sid=2769,https://www.coushattacasinoresort.com/slot-map.php?sid=2769,Coushatta Casino Resort,2026-10-01T17:07:50.269189+00:00
2764,Split Card - Five Play Deuces Wild Poker,IGT,Poker,$0.10,N/A,,,https://www.coushattacasinoresort.com/slot-map.php?sid=2764,https://www.coushattacasinoresort.com/slot-map.php?sid=2764,Coushatta Casino Resort,2026-10-01T17:07:50.028435+00:00
2765,Split Card - Five Play Deuces Wild Poker,IGT,Poker,$0.25,N/A,,,https://www.coushattacasinoresort.com/slot-map.php?sid=2765,https://www.coushattacasinoresort.com/slot-map.php?sid=2765,Coushatta Casino Resort,2026-10-01T17:07:50.043609+00:00
2766,Split Card - Five Play Deuces Wild Poker,IGT,Poker,$0.50,N/A,,,https://www.coushattacasinoresort.com/slot-map.php?sid=2766,https://www.coushattacasinoresort.com/slot-map.php?sid=2766,Coushatta Casino Resort,2026-10-01T17:07:50.138545+00:00
2761,Split Card - Five Play Double Bonus Poker,IGT,Poker,$0.10,N/A,,,https://www.coushattacasinoresort.com/slot-map.php?sid=2761,https://www.coushattacasinoresort.com/slot-map.php?sid=2761,Coushatta Casino Resort,2026-10-01T17:07:49.984208+00:00
2762,Split Card - Five Play Double Bonus Poker,IGT,Poker,$0.25,N/A,,,https://www.coushattacasinoresort.com/slot-map.php?sid=2762,https://www.coushattacasinoresort.com/slot-map.php?sid=2762,Coushatta Casino Resort,2026-10-01T17:07:50.109596+00:00
2763,Split Card - Five Play Double Bonus Poker,IGT,Poker,$0.50,N/A,,,https://www.coushattacasinoresort.com/slot-map.php?sid=2763,https://www.coushattacasinoresort.com/slot-map.php?sid=2763,Coushatta Casino Resort,2026-10-01T17:07:50.032283+00:00
2758,Split Card - Five Play Double Double Bonus Poker,IGT,Poker,$0.10,N/A,,,https://www.coushattacasinoresort.com/slot-map.php?sid=2758,https://www.coushattacasinoresort.com/slot-map.php?sid=2758,Coushatta Casino Resort,2026-10-01T17:07:49.835395+00:00
2759,Split Card - Five Play Double Double Bonus Poker,IGT,Poker,$0.25,N/A,,,https://www.coushattacasinoresort.com/slot-map.php?sid=2759,https://www.coushattacasinoresort.com/slot-map.php?sid=2759,Coushatta Casino Resort,2026-10-01T17:07:49.882335+00:00
2760,Split Card - Five Play Double Double Bonus Poker,IGT,Poker,$0.50,N/A,,,https://www.coushattacasinoresort.com/slot-map.php?sid=2760,https://www.coushattacasinoresort.com/slot-map.php?sid=2760,Coushatta Casino Resort,2026-10-01T17:07:49.966274+00:00
2755,Split Card - Five Play Jacks or Better,IGT,Poker,$0.10,N/A,,,https://www.coushattacasinoresort.com/slot-map.php?sid=2755,https://www.coushattacasinoresort.com/slot-map.php?sid=2755,Coushatta Casino Resort,2026-10-01T17:07:49.792429+00:00
2756,Split Card - Five Play Jacks or Better,IGT,Poker,$0.25,N/A,,,https://www.coushattacasinoresort.com/slot-map.php?sid=2756,https://www.coushattacasinoresort.com/slot-map.php?sid=2756,Coushatta Casino Resort,2026-10-01T17:07:49.797464+00:00
2757,Split Card - Five Play Jacks or Better,IGT,Poker,$0.50,N/A,,,https://www.coushattacasinoresort.com/slot-map.php?sid=2757,https://www.coushattacasinoresort.com/slot-map.php?sid=2757,Coushatta Casino Resort,2026-10-01T17:07:49.801478+00:00
2752,Split Card - Five Play Triple Double Bonus Poker,IGT,Poker,$0.10,N/A,,,https://www.coushattacasinoresort.com/slot-map.php?sid=2752,https://www.coushattacasinoresort.com/slot-map.php?sid=2752,Coushatta Casino Resort,2026-10-01T17:07:49.721075+00:00
2753,Split Card - Five Play Triple Double Bonus Poker,IGT,Poker,$0.25,N/A,,,https://www.coushattacasinoresort.com/slot-map.php?sid=2753,https://www.coushattacasinoresort.com/slot-map.php?sid=2753,Coushatta Casino Resort,2026-10-01T17:07:49.764022+00:00
2754,Split Card - Five Play Triple Double Bonus Poker,IGT,Poker,$0.50,N/A,,,https://www.coushattacasinoresort.com/slot-map.php?sid=2754,https://www.coushattacasinoresort.com/slot-map.php?sid=2754,Coushatta Casino Resort,2026-10-01T17:07:49.770455+00:00
2749,Split Card - Five Play Triple Triple Bonus Poker,IGT,Poker,$0.10,N/A,,,https://www.coushattacasinoresort.com/slot-map.php?sid=2749,https://www.coushattacasinoresort.com/slot-map.php?sid=2749,Coushatta Casino Resort,2026-10-01T17:07:49.559986+00:00
2750,Split Card - Five Play Triple Triple Bonus Poker,IGT,Poker,$0.25,N/A,,,https://www.coushattacasinoresort.com/slot-map.php?sid=2750,https://www.coushattacasinoresort.com/slot-map.php?sid=2750,Coushatta Casino Resort,2026-10-01T17:07:49.564566+00:00
2751,Split Card - Five Play Triple Triple Bonus Poker,IGT,Poker,$0.50,N/A,,,https://www.coushattacasinoresort.com/slot-map.php?sid=2751,https://www.coushattacasinoresort.com/slot-map.php?sid=2751,Coushatta Casino Resort,2026-10-01T17:07:49.643628+00:00
2746,Split Card - Ten Play Bonus Poker,IGT,Poker,$0.05,N/A,,,https://www.coushattacasinoresort.com/slot-map.php?sid=2746,https://www.coushattacasinoresort.com/slot-map.php?sid=2746,Coushatta Casino Resort,2026-10-01T17:07:49.528849+00:00
2747,Split Card - Ten Play Bonus Poker,IGT,Poker,$0.10,N/A,,,https://www.coushattacasinoresort.com/slot-map.php?sid=2747,https://www.coushattacasinoresort.com/slot-map.php?sid=2747,Coushatta Casino Resort,2026-10-01T17:07:49.612222+00:00
2748,Split Card - Ten Play Bonus Poker,IGT,Poker,$0.25,N/A,,,https://www.coushattacasinoresort.com/slot-map.php?sid=2748,https://www.coushattacasinoresort.com/slot-map.php?sid=2748,Coushatta Casino Resort,2026-10-01T17:07:49.554629+00:00
2743,Split Card - Ten Play Bonus Poker Deluxe,IGT,Poker,$0.05,N/A,,,https://www.coushattacasinoresort.com/slot-map.php?sid=2743,https://www.coushattacasinoresort.com/slot-map.php?sid=2743,Coushatta Casino Resort,2026-10-01T17:07:49.502258+00:00
2744,Split Card - Ten Play Bonus Poker Deluxe,IGT,Poker,$0.10,N/A,,,https://www.coushattacasinoresort.com/slot-map.php?sid=2744,https://www.coushattacasinoresort.com/slot-map.php?sid=2744,Coushatta Casino Resort,2026-10-01T17:07:49.441344+00:00
2745,Split Card - Ten Play Bonus Poker Deluxe,IGT,Poker,$0.25,N/A,,,https://www.coushattacasinoresort.com/slot-map.php?sid=2745,https://www.coushattacasinoresort.com/slot-map.php?sid=2745,Coushatta Casino Resort,2026-10-01T17:07:49.530379+00:00
2740,Split Card - Ten Play Deuces Wild Bonus Poker,IGT,Poker,$0.05,N/A,,,https://www.coushattacasinoresort.com/slot-map.php?sid=2740,https://www.coushattacasinoresort.com/slot-map.php?sid=2740,Coushatta Casino Resort,2026-10-01T17:07:49.332816+00:00
2741,Split Card - Ten Play Deuces Wild Bonus Poker,IGT,Poker,$0.10,N/A,,,https://www.coushattacasinoresort.com/slot-map.php?sid=2741,https://www.coushattacasinoresort.com/slot-map.php?sid=2741,Coushatta Casino Resort,2026-10-01T17:07:49.327308+00:00
2742,Split Card - Ten Play Deuces Wild Bonus Poker,IGT,Poker,$0.25,N/A,,,https://www.coushattacasinoresort.com/slot-map.php?sid=2742,https://www.coushattacasinoresort.com/slot-map.php?sid=2742,Coushatta Casino Resort,2026-10-01T17:07:49.348407+00:00
2737,Split Card - Ten Play Deuces Wild Poker,IGT,Poker,$0.05,N/A,,,https://www.coushattacasinoresort.com/slot-map.php?sid=2737,https://www.coushattacasinoresort.com/slot-map.php?sid=2737,Coushatta Casino Resort,2026-10-01T17:07:49.286908+00:00
2738,Split Card - Ten Play Deuces Wild Poker,IGT,Poker,$0.10,N/A,,,https://www.coushattacasinoresort.com/slot-map.php?sid=2738,https://www.coushattacasinoresort.com/slot-map.php?sid=2738,Coushatta Casino Resort,2026-10-01T17:07:49.291542+00:00
2739,Split Card - Ten Play Deuces Wild Poker,IGT,Poker,$0.25,N/A,,,https://www.coushattacasinoresort.com/slot-map.php?sid=2739,https://www.coushattacasinoresort.com/slot-map.php?sid=2739,Coushatta Casino Resort,2026-10-01T17:07:49.321183+00:00
2734,Split Card - Ten Play Double Bonus Poker,IGT,Poker,$0.05,N/A,,,https://www.coushattacasinoresort.com/slot-map.php?sid=2734,https://www.coushattacasinoresort.com/slot-map.php?sid=2734,Coushatta Casino Resort,2026-10-01T17:07:49.136299+00:00
2735,Split Card - Ten Play Double Bonus Poker,IGT,Poker,$0.10,N/A,,,https://www.coushattacasinoresort.com/slot-map.php?sid=2735,https://www.coushattacasinoresort.com/slot-map.php?sid=2735,Coushatta Casino Resort,2026-10-01T17:07:49.233451+00:00
2736,Split Card - Ten Play Double Bonus Poker,IGT,Poker,$0.25,N/A,,,https://www.coushattacasinoresort.com/slot-map.php?sid=2736,https://www.coushattacasinoresort.com/slot-map.php?sid=2736,Coushatta Casino Resort,2026-10-01T17:07:49.219647+00:00
2731,Split Card - Ten Play Double Double Bonus Poker,IGT,Poker,$0.05,N/A,,,https://www.coushattacasinoresort.com/slot-map.php?sid=2731,https://www.coushattacasinoresort.com/slot-map.php?sid=2731,Coushatta Casino Resort,2026-10-01T17:07:49.100718+00:00
2732,Split Card - Ten Play Double Double Bonus Poker,IGT,Poker,$0.10,N/A,,,https://www.coushattacasinoresort.com/slot-map.php?sid=2732,https://www.coushattacasinoresort.com/slot-map.php?sid=2732,Coushatta Casino Resort,2026-10-01T17:07:49.107382+00:00
2733,Split Card - Ten Play Double Double Bonus Poker,IGT,Poker,$0.25,N/A,,,https://www.coushattacasinoresort.com/slot-map.php?sid=2733,https://www.coushattacasinoresort.com/slot-map.php?sid=2733,Coushatta Casino Resort,2026-10-01T17:07:49.105118+00:00
2728,Split Card - Ten Play Jacks or Better,IGT,Poker,$0.05,N/A,,,https://www.coushattacasinoresort.com/slot-map.php?sid=2728,https://www.coushattacasinoresort.com/slot-map.php?sid=2728,Coushatta Casino Resort,2026-10-01T17:07:48.929873+00:00
2729,Split Card - Ten Play Jacks or Better,IGT,Poker,$0.10,N/A,,,https://www.coushattacasinoresort.com/slot-map.php?sid=2729,https://www.coushattacasinoresort.com/slot-map.php?sid=2729,Coushatta Casino Resort,2026-10-01T17:07:49.064320+00:00
2730,Split Card - Ten Play Jacks or Better,IGT,Poker,$0.25,N/A,,,https://www.coushattacasinoresort.com/slot-map.php?sid=2730,https://www.coushattacasinoresort.com/slot-map.php?sid=2730,Coushatta Casino Resort,2026-10-01T17:07:49.083680+00:00
2725,Split Card - Ten Play Triple Double Bonus Poker,IGT,Poker,$0.05,N/A,,,https://www.coushattacasinoresort.com/slot-map.php?sid=2725,https://www.coushattacasinoresort.com/slot-map.php?sid=2725,Coushatta Casino Resort,2026-10-01T17:07:48.872447+00:00
2726,Split Card - Ten Play Triple Double Bonus Poker,IGT,Poker,$0.10,N/A,,,https://www.coushattacasinoresort.com/slot-map.php?sid=2726,https://www.coushattacasinoresort.com/slot-map.php?sid=2726,Coushatta Casino Resort,2026-10-01T17:07:48.918206+00:00
2727,Split Card - Ten Play Triple Double Bonus Poker,IGT,Poker,$0.25,N/A,,,https://www.coushattacasinoresort.com/slot-map.php?sid=2727,https://www.coushattacasinoresort.com/slot-map.php?sid=2727,Coushatta Casino Resort,2026-10-01T17:07:48.934050+00:00
2722,Split Card - Ten Play Triple Triple Bonus Poker,IGT,Poker,$0.05,N/A,,,https://www.coushattacasinoresort.com/slot-map.php?sid=2722,https://www.coushattacasinoresort.com/slot-map.php?sid=2722,Coushatta Casino Resort,2026-10-01T17:07:48.879893+00:00
2723,Split Card - Ten Play Triple Triple Bonus Poker,IGT,Poker,$0.10,N/A,,,https://www.coushattacasinoresort.com/slot-map.php?sid=2723,https://www.coushattacasinoresort.com/slot-map.php?sid=2723,Coushatta Casino Resort,2026-10-01T17:07:48.831066+00:00
2724,Split Card - Ten Play Triple Triple Bonus Poker,IGT,Poker,$0.25,N/A,,,https://www.coushattacasinoresort.com/slot-map.php?sid=2724,https://www.coushattacasinoresort.com/slot-map.php?sid=2724,Coushatta Casino Resort,2026-10-01T17:07:48.884182+00:00
2719,Split Card - Triple Play Bonus Poker,IGT,Poker,$0.25,N/A,,,https://www.coushattacasinoresort.com/slot-map.php?sid=2719,https://www.coushattacasinoresort.com/slot-map.php?sid=2719,Coushatta Casino Resort,2026-10-01T17:07:48.693359+00:00
2720,Split Card - Triple Play Bonus Poker,IGT,Poker,$0.50,N/A,,,https://www.coushattacasinoresort.com/slot-map.php?sid=2720,https://www.coushattacasinoresort.com/slot-map.php?sid=2720,Coushatta Casino Resort,2026-10-01T17:07:48.702772+00:00
2721,Split Card - Triple Play Bonus Poker,IGT,Poker,$1.00,N/A,,,https://www.coushattacasinoresort.com/slot-map.php?sid=2721,https://www.coushattacasinoresort.com/slot-map.php?sid=2721,Coushatta Casino Resort,2026-10-01T17:07:48.854884+00:00
2716,Split Card - Triple Play Bonus Poker Deluxe,IGT,Poker,$0.25,N/A,,,https://www.coushattacasinoresort.com/slot-map.php?sid=2716,https://www.coushattacasinoresort.com/slot-map.php?sid=2716,Coushatta Casino Resort,2026-10-01T17:07:48.624650+00:00
2717,Split Card - Triple Play Bonus Poker Deluxe,IGT,Poker,$0.50,N/A,,,https://www.coushattacasinoresort.com/slot-map.php?sid=2717,https://www.coushattacasinoresort.com/slot-map.php?sid=2717,Coushatta Casino Resort,2026-10-01T17:07:48.648907+00:00
2718,Split Card - Triple Play Bonus Poker Deluxe,IGT,Poker,$1.00,N/A,,,https://www.coushattacasinoresort.com/slot-map.php?sid=2718,https://www.coushattacasinoresort.com/slot-map.php?sid=2718,Coushatta Casino Resort,2026-10-01T17:07:48.690041+00:00
2713,Split Card - Triple Play Deuces Wild Bonus Poker,IGT,Poker,$0.25,N/A,,,https://www.coushattacasinoresort.com/slot-map.php?sid=2713,https://www.coushattacasinoresort.com/slot-map.php?sid=2713,Coushatta Casino Resort,2026-10-01T17:07:48.592875+00:00
2714,Split Card - Triple Play Deuces Wild Bonus Poker,IGT,Poker,$0.50,N/A,,,https://www.coushattacasinoresort.com/slot-map.php?sid=2714,https://www.coushattacasinoresort.com/slot-map.php?sid=2714,Coushatta Casino Resort,2026-10-01T17:07:48.589186+00:00
2715,Split Card - Triple Play Deuces Wild Bonus Poker,IGT,Poker,$1.00,N/A,,,https://www.coushattacasinoresort.com/slot-map.php?sid=2715,https://www.coushattacasinoresort.com/slot-map.php?sid=2715,Coushatta Casino Resort,2026-10-01T17:07:48.603211+00:00
2710,Split Card - Triple Play Deuces Wild Poker,IGT,Poker,$0.25,N/A,,,https://www.coushattacasinoresort.com/slot-map.php?sid=2710,https://www.coushattacasinoresort.com/slot-map.php?sid=2710,Coushatta Casino Resort,2026-10-01T17:07:48.414726+00:00
2711,Split Card - Triple Play Deuces Wild Poker,IGT,Poker,$0.50,N/A,,,https://www.coushattacasinoresort.com/slot-map.php?sid=2711,https://www.coushattacasinoresort.com/slot-map.php?sid=2711,Coushatta Casino Resort,2026-10-01T17:07:48.385698+00:00
2712,Split Card - Triple Play Deuces Wild Poker,IGT,Poker,$1.00,N/A,,,https://www.coushattacasinoresort.com/slot-map.php?sid=2712,https://www.coushattacasinoresort.com/slot-map.php?sid=2712,Coushatta Casino Resort,2026-10-01T17:07:48.471604+00:00
2707,Split Card - Triple Play Double Bonus Poker,IGT,Poker,$0.25,N/A,,,https://www.coushattacasinoresort.com/slot-map.php?sid=2707,https://www.coushattacasinoresort.com/slot-map.php?sid=2707,Coushatta Casino Resort,2026-10-01T17:07:48.327130+00:00
2708,Split Card - Triple Play Double Bonus Poker,IGT,Poker,$0.50,N/A,,,https://www.coushattacasinoresort.com/slot-map.php?sid=2708,https://www.coushattacasinoresort.com/slot-map.php?sid=2708,Coushatta Casino Resort,2026-10-01T17:07:48.358283+00:00
2709,Split Card - Triple Play Double Bonus Poker,IGT,Poker,$1.00,N/A,,,https://www.coushattacasinoresort.com/slot-map.php?sid=2709,https://www.coushattacasinoresort.com/slot-map.php?sid=2709,Coushatta Casino Resort,2026-10-01T17:07:48.362177+00:00
2704,Split Card - Triple Play Double Double Bonus Poker,IGT,Poker,$0.25,N/A,,,https://www.coushattacasinoresort.com/slot-map.php?sid=2704,https://www.coushattacasinoresort.com/slot-map.php?sid=2704,Coushatta Casino Resort,2026-10-01T17:07:48.230146+00:00
2705,Split Card - Triple Play Double Double Bonus Poker,IGT,Poker,$0.50,N/A,,,https://www.coushattacasinoresort.com/slot-map.php?sid=2705,https://www.coushattacasinoresort.com/slot-map.php?sid=2705,Coushatta Casino Resort,2026-10-01T17:07:48.365805+00:00
2706,Split Card - Triple Play Double Double Bonus Poker,IGT,Poker,$1.00,N/A,,,https://www.coushattacasinoresort.com/slot-map.php?sid=2706,https://www.coushattacasinoresort.com/slot-map.php?sid=2706,Coushatta Casino Resort,2026-10-01T17:07:48.409749+00:00
2701,Split Card - Triple Play Jacks or Better,IGT,Poker,$0.25,N/A,,,https://www.coushattacasinoresort.com/slot-map.php?sid=2701,https://www.coushattacasinoresort.com/slot-map.php?sid=2701,Coushatta Casino Resort,2026-10-01T17:07:48.161868+00:00
2702,Split Card - Triple Play Jacks or Better,IGT,Poker,$0.50,N/A,,,https://www.coushattacasinoresort.com/slot-map.php?sid=2702,https://www.coushattacasinoresort.com/slot-map.php?sid=2702,Coushatta Casino Resort,2026-10-01T17:07:48.117234+00:00
2703,Split Card - Triple Play Jacks or Better,IGT,Poker,$1.00,N/A,,,https://www.coushattacasinoresort.com/slot-map.php?sid=2703,https://www.coushattacasinoresort.com/slot-map.php?sid=2703,Coushatta Casino Resort,2026-10-01T17:07:48.129347+00:00
2698,Split Card - Triple Play Triple Double Bonus Poker,IGT,Poker,$0.25,N/A,,,https://www.coushattacasinoresort.com/slot-map.php?sid=2698,https://www.coushattacasinoresort.com/slot-map.php?sid=2698,Coushatta Casino Resort,2026-10-01T17:07:48.157546+00:00
2699,Split Card - Triple Play Triple Double Bonus Poker,IGT,Poker,$0.50,N/A,,,https://www.coushattacasinoresort.com/slot-map.php?sid=2699,https://www.coushattacasinoresort.com/slot-map.php?sid=2699,Coushatta Casino Resort,2026-10-01T17:07:48.068679+00:00
2700,Split Card - Triple Play Triple Double Bonus Poker,IGT,Poker,$1.00,N/A,,,https://www.coushattacasinoresort.com/slot-map.php?sid=2700,https://www.coushattacasinoresort.com/slot-map.php?sid=2700,Coushatta Casino Resort,2026-10-01T17:07:48.083707+00:00
2695,Split Card - Triple Play Triple Triple Bonus Poker,IGT,Poker,$0.25,N/A,,,https://www.coushattacasinoresort.com/slot-map.php?sid=2695,https://www.coushattacasinoresort.com/slot-map.php?sid=2695,Coushatta Casino Resort,2026-10-01T17:07:47.905835+00:00
2696,Split Card - Triple Play Triple Triple Bonus Poker,IGT,Poker,$0.50,N/A,,,https://www.coushattacasinoresort.com/slot-map.php?sid=2696,https://www.coushattacasinoresort.com/slot-map.php?sid=2696,Coushatta Casino Resort,2026-10-01T17:07:48.008901+00:00
2697,Split Card - Triple Play Triple Triple Bonus Poker,IGT,Poker,$1.00,N/A,,,https://www.coushattacasinoresort.com/slot-map.php?sid=2697,https://www.coushattacasinoresort.com/slot-map.php?sid=2697,Coushatta Casino Resort,2026-10-01T17:07:48.108711+00:00
2636,Split N Win Link Cats (Md) (Prog),IGT,Video,$0.01,N/A,,,https://www.coushattacasinoresort.com/slot-map.php?sid=2636,https://www.coushattacasinoresort.com/slot-map.php?sid=2636,Coushatta Casino Resort,2026-10-01T17:07:46.191466+00:00
2635,Split N Win Link Fortune (Md) (Pr),IGT,Video,$0.01,N/A,,,https://www.coushattacasinoresort.com/slot-map.php?sid=2635,https://www.coushattacasinoresort.com/slot-map.php?sid=2635,Coushatta Casino Resort,2026-10-01T17:07:46.187738+00:00
401,Spooky Link Grand Go Ghost Mc Md Pr,Aristocrat,Video,$0.01,High,4.0,,https://www.coushattacasinoresort.com/slot-map.php?sid=401,https://www.coushattacasinoresort.com/slot-map.php?sid=401,Coushatta Casino Resort,2026-10-01T17:07:06.208263+00:00
402,Spooky Link Grand Mo Mummy Mc Md Pr,Aristocrat,Video,$0.01,High,4.0,,https://www.coushattacasinoresort.com/slot-map.php?sid=402,https://www.coushattacasinoresort.com/slot-map.php?sid=402,Coushatta Casino Resort,2026-10-01T17:07:06.204744+00:00
403,Spooky Link Grand Yo Yeti Mc Md Pr,Aristocrat,Video,$0.01,High,4.0,,https://www.coushattacasinoresort.com/slot-map.php?sid=403,https://www.coushattacasinoresort.com/slot-map.php?sid=403,Coushatta Casino Resort,2026-10-01T17:07:06.240642+00:00
167,Spot Keno,IGT Poker,Poker,$0.25,High,4.0,,https://www.coushattacasinoresort.com/slot-map.php?sid=167,https://www.coushattacasinoresort.com/slot-map.php?sid=167,Coushatta Casino Resort,2026-10-01T17:07:03.849875+00:00
168,Spot Keno,IGT Poker,Poker,$0.50,High,4.0,,https://www.coushattacasinoresort.com/slot-map.php?sid=168,https://www.coushattacasinoresort.com/slot-map.php?sid=168,Coushatta Casino Resort,2026-10-01T17:07:03.863001+00:00
169,Spot Keno,IGT Poker,Poker,$1.00,High,4.0,,https://www.coushattacasinoresort.com/slot-map.php?sid=169,https://www.coushattacasinoresort.com/slot-map.php?sid=169,Coushatta Casino Resort,2026-10-01T17:07:03.854125+00:00
170,Spot Keno,IGT Poker,Poker,$2.00,High,4.0,,https://www.coushattacasinoresort.com/slot-map.php?sid=170,https://www.coushattacasinoresort.com/slot-map.php?sid=170,Coushatta Casino Resort,2026-10-01T17:07:03.890763+00:00
171,Spot Keno,IGT Poker,Poker,$5.00,High,4.0,,https://www.coushattacasinoresort.com/slot-map.php?sid=171,https://www.coushattacasinoresort.com/slot-map.php?sid=171,Coushatta Casino Resort,2026-10-01T17:07:03.913035+00:00
51,Spot Keno [2-10],IGT,Video,$0.25,High,4.0,,https://www.coushattacasinoresort.com/slot-map.php?sid=51,https://www.coushattacasinoresort.com/slot-map.php?sid=51,Coushatta Casino Resort,2026-10-01T17:07:02.012824+00:00
52,Spot Keno [2-10],IGT,Video,$0.50,High,4.0,,https://www.coushattacasinoresort.com/slot-map.php?sid=52,https://www.coushattacasinoresort.com/slot-map.php?sid=52,Coushatta Casino Resort,2026-10-01T17:07:02.008680+00:00
53,Spot Keno [2-10],IGT,Video,$1.00,High,4.0,,https://www.coushattacasinoresort.com/slot-map.php?sid=53,https://www.coushattacasinoresort.com/slot-map.php?sid=53,Coushatta Casino Resort,2026-10-01T17:07:02.034705+00:00
239,Spot Keno [2-10],IGT Poker,Poker,$0.10,High,4.0,,https://www.coushattacasinoresort.com/slot-map.php?sid=239,https://www.coushattacasinoresort.com/slot-map.php?sid=239,Coushatta Casino Resort,2026-10-01T17:07:04.762224+00:00
240,Spot Keno [2-10],IGT Poker,Poker,$0.25,High,4.0,,https://www.coushattacasinoresort.com/slot-map.php?sid=240,https://www.coushattacasinoresort.com/slot-map.php?sid=240,Coushatta Casino Resort,2026-10-01T17:07:04.771080+00:00
241,Spot Keno [2-10],IGT Poker,Poker,$0.50,High,4.0,,https://www.coushattacasinoresort.com/slot-map.php?sid=241,https://www.coushattacasinoresort.com/slot-map.php?sid=241,Coushatta Casino Resort,2026-10-01T17:07:04.774805+00:00
242,Spot Keno [2-10],IGT Poker,Poker,$1.00,High,4.0,,https://www.coushattacasinoresort.com/slot-map.php?sid=242,https://www.coushattacasinoresort.com/slot-map.php?sid=242,Coushatta Casino Resort,2026-10-01T17:07:04.811129+00:00
12,Stack Of Gold,Aristocrat,Video,$0.01,High,4.0,,https://www.coushattacasinoresort.com/slot-map.php?sid=12,https://www.coushattacasinoresort.com/slot-map.php?sid=12,Coushatta Casino Resort,2026-10-01T17:07:01.217103+00:00
253,Stack Up Pays: Island Riches Mc Md,Incredible Technologies,Video,$0.01,High,4.0,,https://www.coushattacasinoresort.com/slot-map.php?sid=253,https://www.coushattacasinoresort.com/slot-map.php?sid=253,Coushatta Casino Resort,2026-10-01T17:07:04.921948+00:00
254,Stack Up Pays: Sakura Riches Mc Md,Incredible Technologies,Video,$0.01,High,4.0,,https://www.coushattacasinoresort.com/slot-map.php?sid=254,https://www.coushattacasinoresort.com/slot-map.php?sid=254,Coushatta Casino Resort,2026-10-01T17:07:04.918362+00:00
778,Stagecoach Riches (Mc) (Md) (Pr),Light & Wonder,Video,$0.01,Medium,3.0,,https://www.coushattacasinoresort.com/slot-map.php?sid=778,https://www.coushattacasinoresort.com/slot-map.php?sid=778,Coushatta Casino Resort,2026-10-01T17:07:11.529749+00:00
779,Stagecoach Riches (Mc) (Md) (Pr),Light & Wonder,Video,$0.02,Medium,3.0,,https://www.coushattacasinoresort.com/slot-map.php?sid=779,https://www.coushattacasinoresort.com/slot-map.php?sid=779,Coushatta Casino Resort,2026-10-01T17:07:11.526226+00:00
780,Stagecoach Riches (Mc) (Md) (Pr),Light & Wonder,Video,$0.05,Medium,3.0,,https://www.coushattacasinoresort.com/slot-map.php?sid=780,https://www.coushattacasinoresort.com/slot-map.php?sid=780,Coushatta Casino Resort,2026-10-01T17:07:11.519077+00:00
781,Stagecoach Riches (Mc) (Md) (Pr),Light & Wonder,Video,$0.10,Medium,3.0,,https://www.coushattacasinoresort.com/slot-map.php?sid=781,https://www.coushattacasinoresort.com/slot-map.php?sid=781,Coushatta Casino Resort,2026-10-01T17:07:11.548717+00:00
782,Stagecoach Riches (Mc) (Md) (Pr),Light & Wonder,Video,$1.00,Medium,3.0,,https://www.coushattacasinoresort.com/slot-map.php?sid=782,https://www.coushattacasinoresort.com/slot-map.php?sid=782,Coushatta Casino Resort,2026-10-01T17:07:11.550812+00:00
783,Stagecoach Riches (Mc) (Md) (Pr),Light & Wonder,Video,$2.00,Medium,3.0,,https://www.coushattacasinoresort.com/slot-map.php?sid=783,https://www.coushattacasinoresort.com/slot-map.php?sid=783,Coushatta Casino Resort,2026-10-01T17:07:11.544264+00:00
794,Stagecoach Riches (Mc) (Md) (Pr),Light & Wonder,Video,$0.20,Medium,3.0,,https://www.coushattacasinoresort.com/slot-map.php?sid=794,https://www.coushattacasinoresort.com/slot-map.php?sid=794,Coushatta Casino Resort,2026-10-01T17:07:11.772841+00:00
418,Starburst/Starburst Supernova Md Mg,Gaming Arts,Video,$0.01,High,4.0,,https://www.coushattacasinoresort.com/slot-map.php?sid=418,https://www.coushattacasinoresort.com/slot-map.php?sid=418,Coushatta Casino Resort,2026-10-01T17:07:06.478769+00:00
1787,Stikin Rich,IGT,Video,$0.01,N/A,,,https://www.coushattacasinoresort.com/slot-map.php?sid=1787,https://www.coushattacasinoresort.com/slot-map.php?sid=1787,Coushatta Casino Resort,2026-10-01T17:07:23.843737+00:00
1788,Stikin Rich,IGT,Video,$0.02,N/A,,,https://www.coushattacasinoresort.com/slot-map.php?sid=1788,https://www.coushattacasinoresort.com/slot-map.php?sid=1788,Coushatta Casino Resort,2026-10-01T17:07:23.835122+00:00
865,Stinkin Rich,IGT,Video,$1.00,Medium,3.0,,https://www.coushattacasinoresort.com/slot-map.php?sid=865,https://www.coushattacasinoresort.com/slot-map.php?sid=865,Coushatta Casino Resort,2026-10-01T17:07:12.760497+00:00
1327,Stinkin Rich Stink Link Hawaii Pr,IGT,Video,$0.01,Medium - High,3.0,,https://www.coushattacasinoresort.com/slot-map.php?sid=1327,https://www.coushattacasinoresort.com/slot-map.php?sid=1327,Coushatta Casino Resort,2026-10-01T17:07:18.330312+00:00
1480,Stinkin Rich Stink Link Hawaii Pr,IGT,Video,$0.02,Medium - High,3.0,,https://www.coushattacasinoresort.com/slot-map.php?sid=1480,https://www.coushattacasinoresort.com/slot-map.php?sid=1480,Coushatta Casino Resort,2026-10-01T17:07:20.366858+00:00
1481,Stinkin Rich Stink Link Hawaii Pr,IGT,Video,$0.05,Medium - High,3.0,,https://www.coushattacasinoresort.com/slot-map.php?sid=1481,https://www.coushattacasinoresort.com/slot-map.php?sid=1481,Coushatta Casino Resort,2026-10-01T17:07:20.389684+00:00
1482,Stinkin Rich Stink Link Hawaii Pr,IGT,Video,$0.10,Medium - High,3.0,,https://www.coushattacasinoresort.com/slot-map.php?sid=1482,https://www.coushattacasinoresort.com/slot-map.php?sid=1482,Coushatta Casino Resort,2026-10-01T17:07:20.394552+00:00
1326,Stinkin Rich Stink Link Wild West,IGT,Video,$0.01,Medium - High,3.0,,https://www.coushattacasinoresort.com/slot-map.php?sid=1326,https://www.coushattacasinoresort.com/slot-map.php?sid=1326,Coushatta Casino Resort,2026-10-01T17:07:18.306344+00:00
1476,Stinkin Rich Stink Link Wild West,IGT,Video,$0.02,Medium - High,3.0,,https://www.coushattacasinoresort.com/slot-map.php?sid=1476,https://www.coushattacasinoresort.com/slot-map.php?sid=1476,Coushatta Casino Resort,2026-10-01T17:07:20.335267+00:00
1477,Stinkin Rich Stink Link Wild West,IGT,Video,$0.05,Medium - High,3.0,,https://www.coushattacasinoresort.com/slot-map.php?sid=1477,https://www.coushattacasinoresort.com/slot-map.php?sid=1477,Coushatta Casino Resort,2026-10-01T17:07:20.338816+00:00
1478,Stinkin Rich Stink Link Wild West,IGT,Video,$0.10,Medium - High,3.0,,https://www.coushattacasinoresort.com/slot-map.php?sid=1478,https://www.coushattacasinoresort.com/slot-map.php?sid=1478,Coushatta Casino Resort,2026-10-01T17:07:20.347804+00:00
10,Stinkin' Rich,IGT,Video,$0.01,High,4.0,,https://www.coushattacasinoresort.com/slot-map.php?sid=10,https://www.coushattacasinoresort.com/slot-map.php?sid=10,Coushatta Casino Resort,2026-10-01T17:07:01.244842+00:00
40,Stinkin' Rich,IGT,Video,$0.02,High,4.0,,https://www.coushattacasinoresort.com/slot-map.php?sid=40,https://www.coushattacasinoresort.com/slot-map.php?sid=40,Coushatta Casino Resort,2026-10-01T17:07:01.857902+00:00
1077,Straight Cash 3 Play (Md) (Prog),AGS,Video,$5.00,Medium,3.0,,https://www.coushattacasinoresort.com/slot-map.php?sid=1077,https://www.coushattacasinoresort.com/slot-map.php?sid=1077,Coushatta Casino Resort,2026-10-01T17:07:15.472461+00:00
599,Stuffed Coins: Goat (Md) (Pr),Konami,Video,$0.01,Medium,3.0,,https://www.coushattacasinoresort.com/slot-map.php?sid=599,https://www.coushattacasinoresort.com/slot-map.php?sid=599,Coushatta Casino Resort,2026-10-01T17:07:08.884885+00:00
1233,Stuffed Coins: Toad (Md) (Pr),Konami,Video,$0.01,Medium,3.0,,https://www.coushattacasinoresort.com/slot-map.php?sid=1233,https://www.coushattacasinoresort.com/slot-map.php?sid=1233,Coushatta Casino Resort,2026-10-01T17:07:17.040918+00:00
2465,Suited Roual Double Double Bonus Poker,IGT,Poker,$5.00,N/A,,,https://www.coushattacasinoresort.com/slot-map.php?sid=2465,https://www.coushattacasinoresort.com/slot-map.php?sid=2465,Coushatta Casino Resort,2026-10-01T17:07:43.259557+00:00
2466,Suited Roual Double Double Bonus Poker,IGT,Poker,$10.00,N/A,,,https://www.coushattacasinoresort.com/slot-map.php?sid=2466,https://www.coushattacasinoresort.com/slot-map.php?sid=2466,Coushatta Casino Resort,2026-10-01T17:07:43.263119+00:00
2467,Suited Roual Double Double Bonus Poker,IGT,Poker,$25.00,N/A,,,https://www.coushattacasinoresort.com/slot-map.php?sid=2467,https://www.coushattacasinoresort.com/slot-map.php?sid=2467,Coushatta Casino Resort,2026-10-01T17:07:43.342303+00:00
1304,Sun & Moon,Aristocrat,Video,$0.01,Medium - High,3.0,,https://www.coushattacasinoresort.com/slot-map.php?sid=1304,https://www.coushattacasinoresort.com/slot-map.php?sid=1304,Coushatta Casino Resort,2026-10-01T17:07:17.996624+00:00
1418,Sun & Moon,Aristocrat,Video,$0.02,Medium - High,3.0,,https://www.coushattacasinoresort.com/slot-map.php?sid=1418,https://www.coushattacasinoresort.com/slot-map.php?sid=1418,Coushatta Casino Resort,2026-10-01T17:07:19.635069+00:00
1419,Sun & Moon,Aristocrat,Video,$0.05,Medium - High,3.0,,https://www.coushattacasinoresort.com/slot-map.php?sid=1419,https://www.coushattacasinoresort.com/slot-map.php?sid=1419,Coushatta Casino Resort,2026-10-01T17:07:19.684822+00:00
1420,Sun & Moon,Aristocrat,Video,$0.10,Medium - High,3.0,,https://www.coushattacasinoresort.com/slot-map.php?sid=1420,https://www.coushattacasinoresort.com/slot-map.php?sid=1420,Coushatta Casino Resort,2026-10-01T17:07:19.669313+00:00
1421,Sun & Moon,Aristocrat,Video,$0.25,Medium - High,3.0,,https://www.coushattacasinoresort.com/slot-map.php?sid=1421,https://www.coushattacasinoresort.com/slot-map.php?sid=1421,Coushatta Casino Resort,2026-10-01T17:07:19.677662+00:00
1571,Sun & Moon: Total Eclipse (Prog),Aristocrat,Video,$0.01,Medium - Low,2.0,,https://www.coushattacasinoresort.com/slot-map.php?sid=1571,https://www.coushattacasinoresort.com/slot-map.php?sid=1571,Coushatta Casino Resort,2026-10-01T17:07:21.210313+00:00
519,Super 8 Race,IGT,Video,$1.00,Low,2.0,,https://www.coushattacasinoresort.com/slot-map.php?sid=519,https://www.coushattacasinoresort.com/slot-map.php?sid=519,Coushatta Casino Resort,2026-10-01T17:07:07.998218+00:00
520,Super 8 Race,IGT,Video,$2.00,Low,2.0,,https://www.coushattacasinoresort.com/slot-map.php?sid=520,https://www.coushattacasinoresort.com/slot-map.php?sid=520,Coushatta Casino Resort,2026-10-01T17:07:08.015410+00:00
2462,Super Aces Bonus Poker,IGT,Poker,$5.00,N/A,,,https://www.coushattacasinoresort.com/slot-map.php?sid=2462,https://www.coushattacasinoresort.com/slot-map.php?sid=2462,Coushatta Casino Resort,2026-10-01T17:07:43.323689+00:00
2463,Super Aces Bonus Poker,IGT,Poker,$10.00,N/A,,,https://www.coushattacasinoresort.com/slot-map.php?sid=2463,https://www.coushattacasinoresort.com/slot-map.php?sid=2463,Coushatta Casino Resort,2026-10-01T17:07:43.199134+00:00
2464,Super Aces Bonus Poker,IGT,Poker,$25.00,N/A,,,https://www.coushattacasinoresort.com/slot-map.php?sid=2464,https://www.coushattacasinoresort.com/slot-map.php?sid=2464,Coushatta Casino Resort,2026-10-01T17:07:43.204471+00:00
672,Super Collosal Reels Lil' Red (P),Light & Wonder,Video,$0.01,Medium,3.0,,https://www.coushattacasinoresort.com/slot-map.php?sid=672,https://www.coushattacasinoresort.com/slot-map.php?sid=672,Coushatta Casino Resort,2026-10-01T17:07:10.002100+00:00
673,Super Collosal Reels Sparticus (P),Light & Wonder,Video,$0.01,Medium,3.0,,https://www.coushattacasinoresort.com/slot-map.php?sid=673,https://www.coushattacasinoresort.com/slot-map.php?sid=673,Coushatta Casino Resort,2026-10-01T17:07:09.975515+00:00
3203,Super Double Double Bonus,IGT Poker,Poker,$0.10,N/A,,,https://www.coushattacasinoresort.com/slot-map.php?sid=3203,https://www.coushattacasinoresort.com/slot-map.php?sid=3203,Coushatta Casino Resort,2026-10-01T17:07:59.248923+00:00
3204,Super Double Double Bonus,IGT Poker,Poker,$0.25,N/A,,,https://www.coushattacasinoresort.com/slot-map.php?sid=3204,https://www.coushattacasinoresort.com/slot-map.php?sid=3204,Coushatta Casino Resort,2026-10-01T17:07:59.289569+00:00
3205,Super Double Double Bonus,IGT Poker,Poker,$0.50,N/A,,,https://www.coushattacasinoresort.com/slot-map.php?sid=3205,https://www.coushattacasinoresort.com/slot-map.php?sid=3205,Coushatta Casino Resort,2026-10-01T17:07:59.292158+00:00
3206,Super Double Double Bonus,IGT Poker,Poker,$1.00,N/A,,,https://www.coushattacasinoresort.com/slot-map.php?sid=3206,https://www.coushattacasinoresort.com/slot-map.php?sid=3206,Coushatta Casino Resort,2026-10-01T17:07:59.282049+00:00
2533,Super Double Double Bonus Poker,IGT Poker,Poker,$0.25,N/A,,,https://www.coushattacasinoresort.com/slot-map.php?sid=2533,https://www.coushattacasinoresort.com/slot-map.php?sid=2533,Coushatta Casino Resort,2026-10-01T17:07:44.320424+00:00
2534,Super Double Double Bonus Poker,IGT Poker,Poker,$0.50,N/A,,,https://www.coushattacasinoresort.com/slot-map.php?sid=2534,https://www.coushattacasinoresort.com/slot-map.php?sid=2534,Coushatta Casino Resort,2026-10-01T17:07:44.281009+00:00
2535,Super Double Double Bonus Poker,IGT Poker,Poker,$1.00,N/A,,,https://www.coushattacasinoresort.com/slot-map.php?sid=2535,https://www.coushattacasinoresort.com/slot-map.php?sid=2535,Coushatta Casino Resort,2026-10-01T17:07:44.299137+00:00
2536,Super Double Double Bonus Poker,IGT Poker,Poker,$2.00,N/A,,,https://www.coushattacasinoresort.com/slot-map.php?sid=2536,https://www.coushattacasinoresort.com/slot-map.php?sid=2536,Coushatta Casino Resort,2026-10-01T17:07:44.388682+00:00
2537,Super Double Double Bonus Poker,IGT Poker,Poker,$5.00,N/A,,,https://www.coushattacasinoresort.com/slot-map.php?sid=2537,https://www.coushattacasinoresort.com/slot-map.php?sid=2537,Coushatta Casino Resort,2026-10-01T17:07:44.364164+00:00
3945,Super Double Double Bonus Poker,IGT Poker,Poker,$0.10,N/A,,,https://www.coushattacasinoresort.com/slot-map.php?sid=3945,https://www.coushattacasinoresort.com/slot-map.php?sid=3945,Coushatta Casino Resort,2026-10-01T17:08:00.827408+00:00
207,Super Hot Flaming Pots Lee Mc Md P,Light & Wonder,Video,$0.01,High,4.0,,https://www.coushattacasinoresort.com/slot-map.php?sid=207,https://www.coushattacasinoresort.com/slot-map.php?sid=207,Coushatta Casino Resort,2026-10-01T17:07:04.293145+00:00
208,Super Hot Flaming Pots Lee Mc Md P,Light & Wonder,Video,$0.02,High,4.0,,https://www.coushattacasinoresort.com/slot-map.php?sid=208,https://www.coushattacasinoresort.com/slot-map.php?sid=208,Coushatta Casino Resort,2026-10-01T17:07:04.282285+00:00
209,Super Hot Flaming Pots Lee Mc Md P,Light & Wonder,Video,$0.05,High,4.0,,https://www.coushattacasinoresort.com/slot-map.php?sid=209,https://www.coushattacasinoresort.com/slot-map.php?sid=209,Coushatta Casino Resort,2026-10-01T17:07:04.324116+00:00
210,Super Hot Flaming Pots Lee Mc Md P,Light & Wonder,Video,$0.10,High,4.0,,https://www.coushattacasinoresort.com/slot-map.php?sid=210,https://www.coushattacasinoresort.com/slot-map.php?sid=210,Coushatta Casino Resort,2026-10-01T17:07:04.359530+00:00
211,Super Hot Flaming Pots Lee Mc Md P,Light & Wonder,Video,$1.00,High,4.0,,https://www.coushattacasinoresort.com/slot-map.php?sid=211,https://www.coushattacasinoresort.com/slot-map.php?sid=211,Coushatta Casino Resort,2026-10-01T17:07:04.365127+00:00
212,Super Hot Flaming Pots Lee Mc Md P,Light & Wonder,Video,$2.00,High,4.0,,https://www.coushattacasinoresort.com/slot-map.php?sid=212,https://www.coushattacasinoresort.com/slot-map.php?sid=212,Coushatta Casino Resort,2026-10-01T17:07:04.368778+00:00
1332,Super Hot Flaming Pots Wong Mc Md P,Light & Wonder,Video,$0.01,Medium - High,3.0,,https://www.coushattacasinoresort.com/slot-map.php?sid=1332,https://www.coushattacasinoresort.com/slot-map.php?sid=1332,Coushatta Casino Resort,2026-10-01T17:07:18.511674+00:00
1333,Super Hot Flaming Pots Wong Mc Md P,Light & Wonder,Video,$0.02,Medium - High,3.0,,https://www.coushattacasinoresort.com/slot-map.php?sid=1333,https://www.coushattacasinoresort.com/slot-map.php?sid=1333,Coushatta Casino Resort,2026-10-01T17:07:18.441787+00:00
1334,Super Hot Flaming Pots Wong Mc Md P,Light & Wonder,Video,$0.05,Medium - High,3.0,,https://www.coushattacasinoresort.com/slot-map.php?sid=1334,https://www.coushattacasinoresort.com/slot-map.php?sid=1334,Coushatta Casino Resort,2026-10-01T17:07:18.484213+00:00
1335,Super Hot Flaming Pots Wong Mc Md P,Light & Wonder,Video,$0.10,Medium - High,3.0,,https://www.coushattacasinoresort.com/slot-map.php?sid=1335,https://www.coushattacasinoresort.com/slot-map.php?sid=1335,Coushatta Casino Resort,2026-10-01T17:07:18.479368+00:00
1336,Super Hot Flaming Pots Wong Mc Md P,Light & Wonder,Video,$1.00,Medium - High,3.0,,https://www.coushattacasinoresort.com/slot-map.php?sid=1336,https://www.coushattacasinoresort.com/slot-map.php?sid=1336,Coushatta Casino Resort,2026-10-01T17:07:18.482385+00:00
1337,Super Hot Flaming Pots Wong Mc Md P,Light & Wonder,Video,$2.00,Medium - High,3.0,,https://www.coushattacasinoresort.com/slot-map.php?sid=1337,https://www.coushattacasinoresort.com/slot-map.php?sid=1337,Coushatta Casino Resort,2026-10-01T17:07:18.521166+00:00
2693,Super Hot Roll Poker - Five Play Bonus Poker,IGT,Poker,$0.10,N/A,,,https://www.coushattacasinoresort.com/slot-map.php?sid=2693,https://www.coushattacasinoresort.com/slot-map.php?sid=2693,Coushatta Casino Resort,2026-10-01T17:07:47.841109+00:00
2694,Super Hot Roll Poker - Five Play Bonus Poker,IGT,Poker,$0.25,N/A,,,https://www.coushattacasinoresort.com/slot-map.php?sid=2694,https://www.coushattacasinoresort.com/slot-map.php?sid=2694,Coushatta Casino Resort,2026-10-01T17:07:47.836346+00:00
2691,Super Hot Roll Poker - Five Play Bonus Poker Deluxe,IGT,Poker,$0.10,N/A,,,https://www.coushattacasinoresort.com/slot-map.php?sid=2691,https://www.coushattacasinoresort.com/slot-map.php?sid=2691,Coushatta Casino Resort,2026-10-01T17:07:47.808376+00:00
2692,Super Hot Roll Poker - Five Play Bonus Poker Deluxe,IGT,Poker,$0.25,N/A,,,https://www.coushattacasinoresort.com/slot-map.php?sid=2692,https://www.coushattacasinoresort.com/slot-map.php?sid=2692,Coushatta Casino Resort,2026-10-01T17:07:47.872993+00:00
2689,Super Hot Roll Poker - Five Play Deuces Wild,IGT,Poker,$0.10,N/A,,,https://www.coushattacasinoresort.com/slot-map.php?sid=2689,https://www.coushattacasinoresort.com/slot-map.php?sid=2689,Coushatta Casino Resort,2026-10-01T17:07:47.780305+00:00
2690,Super Hot Roll Poker - Five Play Deuces Wild,IGT,Poker,$0.25,N/A,,,https://www.coushattacasinoresort.com/slot-map.php?sid=2690,https://www.coushattacasinoresort.com/slot-map.php?sid=2690,Coushatta Casino Resort,2026-10-01T17:07:47.804933+00:00
2687,Super Hot Roll Poker - Five Play Deuces Wild Bonus,IGT,Poker,$0.10,N/A,,,https://www.coushattacasinoresort.com/slot-map.php?sid=2687,https://www.coushattacasinoresort.com/slot-map.php?sid=2687,Coushatta Casino Resort,2026-10-01T17:07:47.690708+00:00
2688,Super Hot Roll Poker - Five Play Deuces Wild Bonus,IGT,Poker,$0.25,N/A,,,https://www.coushattacasinoresort.com/slot-map.php?sid=2688,https://www.coushattacasinoresort.com/slot-map.php?sid=2688,Coushatta Casino Resort,2026-10-01T17:07:47.761309+00:00
2685,Super Hot Roll Poker - Five Play Double Bonus Poker,IGT,Poker,$0.10,N/A,,,https://www.coushattacasinoresort.com/slot-map.php?sid=2685,https://www.coushattacasinoresort.com/slot-map.php?sid=2685,Coushatta Casino Resort,2026-10-01T17:07:47.617128+00:00
2686,Super Hot Roll Poker - Five Play Double Bonus Poker,IGT,Poker,$0.25,N/A,,,https://www.coushattacasinoresort.com/slot-map.php?sid=2686,https://www.coushattacasinoresort.com/slot-map.php?sid=2686,Coushatta Casino Resort,2026-10-01T17:07:47.633923+00:00
2683,Super Hot Roll Poker - Five Play Double Double Bonus Poker,IGT,Poker,$0.10,N/A,,,https://www.coushattacasinoresort.com/slot-map.php?sid=2683,https://www.coushattacasinoresort.com/slot-map.php?sid=2683,Coushatta Casino Resort,2026-10-01T17:07:47.548215+00:00
2684,Super Hot Roll Poker - Five Play Double Double Bonus Poker,IGT,Poker,$0.25,N/A,,,https://www.coushattacasinoresort.com/slot-map.php?sid=2684,https://www.coushattacasinoresort.com/slot-map.php?sid=2684,Coushatta Casino Resort,2026-10-01T17:07:47.591955+00:00
2681,Super Hot Roll Poker - Five Play Jacks or Better,IGT,Poker,$0.10,N/A,,,https://www.coushattacasinoresort.com/slot-map.php?sid=2681,https://www.coushattacasinoresort.com/slot-map.php?sid=2681,Coushatta Casino Resort,2026-10-01T17:07:47.552794+00:00
2682,Super Hot Roll Poker - Five Play Jacks or Better,IGT,Poker,$0.25,N/A,,,https://www.coushattacasinoresort.com/slot-map.php?sid=2682,https://www.coushattacasinoresort.com/slot-map.php?sid=2682,Coushatta Casino Resort,2026-10-01T17:07:47.531788+00:00
2679,Super Hot Roll Poker - Five Play Triple Double Bonus Poker,IGT,Poker,$0.10,N/A,,,https://www.coushattacasinoresort.com/slot-map.php?sid=2679,https://www.coushattacasinoresort.com/slot-map.php?sid=2679,Coushatta Casino Resort,2026-10-01T17:07:47.474360+00:00
2680,Super Hot Roll Poker - Five Play Triple Double Bonus Poker,IGT,Poker,$0.25,N/A,,,https://www.coushattacasinoresort.com/slot-map.php?sid=2680,https://www.coushattacasinoresort.com/slot-map.php?sid=2680,Coushatta Casino Resort,2026-10-01T17:07:47.510848+00:00
2677,Super Hot Roll Poker - Five Play Triple Triple Bonus Poker,IGT,Poker,$0.10,N/A,,,https://www.coushattacasinoresort.com/slot-map.php?sid=2677,https://www.coushattacasinoresort.com/slot-map.php?sid=2677,Coushatta Casino Resort,2026-10-01T17:07:47.311925+00:00
2678,Super Hot Roll Poker - Five Play Triple Triple Bonus Poker,IGT,Poker,$0.25,N/A,,,https://www.coushattacasinoresort.com/slot-map.php?sid=2678,https://www.coushattacasinoresort.com/slot-map.php?sid=2678,Coushatta Casino Resort,2026-10-01T17:07:47.418871+00:00
2675,Super Hot Roll Poker - Ten Play Bonus Poker,IGT,Poker,$0.05,N/A,,,https://www.coushattacasinoresort.com/slot-map.php?sid=2675,https://www.coushattacasinoresort.com/slot-map.php?sid=2675,Coushatta Casino Resort,2026-10-01T17:07:47.315711+00:00
2676,Super Hot Roll Poker - Ten Play Bonus Poker,IGT,Poker,$0.10,N/A,,,https://www.coushattacasinoresort.com/slot-map.php?sid=2676,https://www.coushattacasinoresort.com/slot-map.php?sid=2676,Coushatta Casino Resort,2026-10-01T17:07:47.303127+00:00
2673,Super Hot Roll Poker - Ten Play Bonus Poker Deluxe,IGT,Poker,$0.05,N/A,,,https://www.coushattacasinoresort.com/slot-map.php?sid=2673,https://www.coushattacasinoresort.com/slot-map.php?sid=2673,Coushatta Casino Resort,2026-10-01T17:07:47.241266+00:00
2674,Super Hot Roll Poker - Ten Play Bonus Poker Deluxe,IGT,Poker,$0.10,N/A,,,https://www.coushattacasinoresort.com/slot-map.php?sid=2674,https://www.coushattacasinoresort.com/slot-map.php?sid=2674,Coushatta Casino Resort,2026-10-01T17:07:47.332222+00:00
2671,Super Hot Roll Poker - Ten Play Deuces Wild,IGT,Poker,$0.05,N/A,,,https://www.coushattacasinoresort.com/slot-map.php?sid=2671,https://www.coushattacasinoresort.com/slot-map.php?sid=2671,Coushatta Casino Resort,2026-10-01T17:07:47.394534+00:00
2672,Super Hot Roll Poker - Ten Play Deuces Wild,IGT,Poker,$0.10,N/A,,,https://www.coushattacasinoresort.com/slot-map.php?sid=2672,https://www.coushattacasinoresort.com/slot-map.php?sid=2672,Coushatta Casino Resort,2026-10-01T17:07:47.236883+00:00
2669,Super Hot Roll Poker - Ten Play Deuces Wild Bonus,IGT,Poker,$0.05,N/A,,,https://www.coushattacasinoresort.com/slot-map.php?sid=2669,https://www.coushattacasinoresort.com/slot-map.php?sid=2669,Coushatta Casino Resort,2026-10-01T17:07:47.105214+00:00
2670,Super Hot Roll Poker - Ten Play Deuces Wild Bonus,IGT,Poker,$0.10,N/A,,,https://www.coushattacasinoresort.com/slot-map.php?sid=2670,https://www.coushattacasinoresort.com/slot-map.php?sid=2670,Coushatta Casino Resort,2026-10-01T17:07:47.128021+00:00
2667,Super Hot Roll Poker - Ten Play Double Bonus Poker,IGT,Poker,$0.05,N/A,,,https://www.coushattacasinoresort.com/slot-map.php?sid=2667,https://www.coushattacasinoresort.com/slot-map.php?sid=2667,Coushatta Casino Resort,2026-10-01T17:07:47.070194+00:00
2668,Super Hot Roll Poker - Ten Play Double Bonus Poker,IGT,Poker,$0.10,N/A,,,https://www.coushattacasinoresort.com/slot-map.php?sid=2668,https://www.coushattacasinoresort.com/slot-map.php?sid=2668,Coushatta Casino Resort,2026-10-01T17:07:47.060522+00:00
2665,Super Hot Roll Poker - Ten Play Double Double Bonus Poker,IGT,Poker,$0.05,N/A,,,https://www.coushattacasinoresort.com/slot-map.php?sid=2665,https://www.coushattacasinoresort.com/slot-map.php?sid=2665,Coushatta Casino Resort,2026-10-01T17:07:46.974961+00:00
2666,Super Hot Roll Poker - Ten Play Double Double Bonus Poker,IGT,Poker,$0.10,N/A,,,https://www.coushattacasinoresort.com/slot-map.php?sid=2666,https://www.coushattacasinoresort.com/slot-map.php?sid=2666,Coushatta Casino Resort,2026-10-01T17:07:46.997180+00:00
2663,Super Hot Roll Poker - Ten Play Jacks or Better,IGT,Poker,$0.05,N/A,,,https://www.coushattacasinoresort.com/slot-map.php?sid=2663,https://www.coushattacasinoresort.com/slot-map.php?sid=2663,Coushatta Casino Resort,2026-10-01T17:07:46.927114+00:00
2664,Super Hot Roll Poker - Ten Play Jacks or Better,IGT,Poker,$0.10,N/A,,,https://www.coushattacasinoresort.com/slot-map.php?sid=2664,https://www.coushattacasinoresort.com/slot-map.php?sid=2664,Coushatta Casino Resort,2026-10-01T17:07:47.072887+00:00
2661,Super Hot Roll Poker - Ten Play Triple Double Bonus Poker,IGT,Poker,$0.05,N/A,,,https://www.coushattacasinoresort.com/slot-map.php?sid=2661,https://www.coushattacasinoresort.com/slot-map.php?sid=2661,Coushatta Casino Resort,2026-10-01T17:07:46.892095+00:00
2662,Super Hot Roll Poker - Ten Play Triple Double Bonus Poker,IGT,Poker,$0.10,N/A,,,https://www.coushattacasinoresort.com/slot-map.php?sid=2662,https://www.coushattacasinoresort.com/slot-map.php?sid=2662,Coushatta Casino Resort,2026-10-01T17:07:46.916655+00:00
2659,Super Hot Roll Poker - Ten Play Triple Triple Bonus Poker,IGT,Poker,$0.05,N/A,,,https://www.coushattacasinoresort.com/slot-map.php?sid=2659,https://www.coushattacasinoresort.com/slot-map.php?sid=2659,Coushatta Casino Resort,2026-10-01T17:07:46.764528+00:00
2660,Super Hot Roll Poker - Ten Play Triple Triple Bonus Poker,IGT,Poker,$0.10,N/A,,,https://www.coushattacasinoresort.com/slot-map.php?sid=2660,https://www.coushattacasinoresort.com/slot-map.php?sid=2660,Coushatta Casino Resort,2026-10-01T17:07:46.834737+00:00
2657,Super Hot Roll Poker - Triple Play Bonus Poker,IGT,Poker,$0.25,N/A,,,https://www.coushattacasinoresort.com/slot-map.php?sid=2657,https://www.coushattacasinoresort.com/slot-map.php?sid=2657,Coushatta Casino Resort,2026-10-01T17:07:46.703539+00:00
2658,Super Hot Roll Poker - Triple Play Bonus Poker,IGT,Poker,$0.50,N/A,,,https://www.coushattacasinoresort.com/slot-map.php?sid=2658,https://www.coushattacasinoresort.com/slot-map.php?sid=2658,Coushatta Casino Resort,2026-10-01T17:07:46.714732+00:00
2655,Super Hot Roll Poker - Triple Play Bonus Poker Deluxe,IGT,Poker,$0.25,N/A,,,https://www.coushattacasinoresort.com/slot-map.php?sid=2655,https://www.coushattacasinoresort.com/slot-map.php?sid=2655,Coushatta Casino Resort,2026-10-01T17:07:46.699871+00:00
2656,Super Hot Roll Poker - Triple Play Bonus Poker Deluxe,IGT,Poker,$0.50,N/A,,,https://www.coushattacasinoresort.com/slot-map.php?sid=2656,https://www.coushattacasinoresort.com/slot-map.php?sid=2656,Coushatta Casino Resort,2026-10-01T17:07:46.838613+00:00
2653,Super Hot Roll Poker - Triple Play Deuces Wild,IGT,Poker,$0.25,N/A,,,https://www.coushattacasinoresort.com/slot-map.php?sid=2653,https://www.coushattacasinoresort.com/slot-map.php?sid=2653,Coushatta Casino Resort,2026-10-01T17:07:46.774543+00:00
2654,Super Hot Roll Poker - Triple Play Deuces Wild,IGT,Poker,$0.50,N/A,,,https://www.coushattacasinoresort.com/slot-map.php?sid=2654,https://www.coushattacasinoresort.com/slot-map.php?sid=2654,Coushatta Casino Resort,2026-10-01T17:07:46.674370+00:00
2651,Super Hot Roll Poker - Triple Play Deuces Wild Bonus,IGT,Poker,$0.25,N/A,,,https://www.coushattacasinoresort.com/slot-map.php?sid=2651,https://www.coushattacasinoresort.com/slot-map.php?sid=2651,Coushatta Casino Resort,2026-10-01T17:07:46.559610+00:00
2652,Super Hot Roll Poker - Triple Play Deuces Wild Bonus,IGT,Poker,$0.50,N/A,,,https://www.coushattacasinoresort.com/slot-map.php?sid=2652,https://www.coushattacasinoresort.com/slot-map.php?sid=2652,Coushatta Casino Resort,2026-10-01T17:07:46.584210+00:00
2649,Super Hot Roll Poker - Triple Play Double Bonus Poker,IGT,Poker,$0.25,N/A,,,https://www.coushattacasinoresort.com/slot-map.php?sid=2649,https://www.coushattacasinoresort.com/slot-map.php?sid=2649,Coushatta Casino Resort,2026-10-01T17:07:46.450704+00:00
2650,Super Hot Roll Poker - Triple Play Double Bonus Poker,IGT,Poker,$0.50,N/A,,,https://www.coushattacasinoresort.com/slot-map.php?sid=2650,https://www.coushattacasinoresort.com/slot-map.php?sid=2650,Coushatta Casino Resort,2026-10-01T17:07:46.449004+00:00
2647,Super Hot Roll Poker - Triple Play Double Double Bonus Poker,IGT,Poker,$0.25,N/A,,,https://www.coushattacasinoresort.com/slot-map.php?sid=2647,https://www.coushattacasinoresort.com/slot-map.php?sid=2647,Coushatta Casino Resort,2026-10-01T17:07:46.435221+00:00
2648,Super Hot Roll Poker - Triple Play Double Double Bonus Poker,IGT,Poker,$0.50,N/A,,,https://www.coushattacasinoresort.com/slot-map.php?sid=2648,https://www.coushattacasinoresort.com/slot-map.php?sid=2648,Coushatta Casino Resort,2026-10-01T17:07:46.454219+00:00
2645,Super Hot Roll Poker - Triple Play Jacks or Better,IGT,Poker,$0.25,N/A,,,https://www.coushattacasinoresort.com/slot-map.php?sid=2645,https://www.coushattacasinoresort.com/slot-map.php?sid=2645,Coushatta Casino Resort,2026-10-01T17:07:46.461224+00:00
2646,Super Hot Roll Poker - Triple Play Jacks or Better,IGT,Poker,$0.50,N/A,,,https://www.coushattacasinoresort.com/slot-map.php?sid=2646,https://www.coushattacasinoresort.com/slot-map.php?sid=2646,Coushatta Casino Resort,2026-10-01T17:07:46.438939+00:00
2643,Super Hot Roll Poker - Triple Play Triple Double Bonus Poker,IGT,Poker,$0.25,N/A,,,https://www.coushattacasinoresort.com/slot-map.php?sid=2643,https://www.coushattacasinoresort.com/slot-map.php?sid=2643,Coushatta Casino Resort,2026-10-01T17:07:46.345063+00:00
2644,Super Hot Roll Poker - Triple Play Triple Double Bonus Poker,IGT,Poker,$0.50,N/A,,,https://www.coushattacasinoresort.com/slot-map.php?sid=2644,https://www.coushattacasinoresort.com/slot-map.php?sid=2644,Coushatta Casino Resort,2026-10-01T17:07:46.382885+00:00
2641,Super Hot Roll Poker - Triple Play Triple Triple Bonus Poker,IGT,Poker,$0.25,N/A,,,https://www.coushattacasinoresort.com/slot-map.php?sid=2641,https://www.coushattacasinoresort.com/slot-map.php?sid=2641,Coushatta Casino Resort,2026-10-01T17:07:46.227471+00:00
2642,Super Hot Roll Poker - Triple Play Triple Triple Bonus Poker,IGT,Poker,$0.50,N/A,,,https://www.coushattacasinoresort.com/slot-map.php?sid=2642,https://www.coushattacasinoresort.com/slot-map.php?sid=2642,Coushatta Casino Resort,2026-10-01T17:07:46.231433+00:00
893,Super Jackpot: Double Lion (Prog),Everi,Video,$1.00,Medium,3.0,,https://www.coushattacasinoresort.com/slot-map.php?sid=893,https://www.coushattacasinoresort.com/slot-map.php?sid=893,Coushatta Casino Resort,2026-10-01T17:07:13.168603+00:00
900,Super Jackpots: Wild Gems (Prog),Everi,Video,$1.00,Medium,3.0,,https://www.coushattacasinoresort.com/slot-map.php?sid=900,https://www.coushattacasinoresort.com/slot-map.php?sid=900,Coushatta Casino Resort,2026-10-01T17:07:13.288735+00:00
1133,Super Nudge Grand Jewel Deluxe (Pr),Everi,Reel,$1.00,Medium,3.0,,https://www.coushattacasinoresort.com/slot-map.php?sid=1133,https://www.coushattacasinoresort.com/slot-map.php?sid=1133,Coushatta Casino Resort,2026-10-01T17:07:15.859926+00:00
1136,Super Nudge Grand Jewel Deluxe (Pr),Everi,Reel,$0.25,Medium,3.0,,https://www.coushattacasinoresort.com/slot-map.php?sid=1136,https://www.coushattacasinoresort.com/slot-map.php?sid=1136,Coushatta Casino Resort,2026-10-01T17:07:15.894763+00:00
1137,Super Nudge Ruby Fire Deluxe (Pr),Everi,Reel,$0.25,Medium,3.0,,https://www.coushattacasinoresort.com/slot-map.php?sid=1137,https://www.coushattacasinoresort.com/slot-map.php?sid=1137,Coushatta Casino Resort,2026-10-01T17:07:15.931454+00:00
1181,Super Nudge Ruby Fire Deluxe (Pr),Everi,Reel,$1.00,Medium,3.0,,https://www.coushattacasinoresort.com/slot-map.php?sid=1181,https://www.coushattacasinoresort.com/slot-map.php?sid=1181,Coushatta Casino Resort,2026-10-01T17:07:16.489680+00:00
165,Super Power Keno,IGT Poker,Poker,$0.25,High,4.0,,https://www.coushattacasinoresort.com/slot-map.php?sid=165,https://www.coushattacasinoresort.com/slot-map.php?sid=165,Coushatta Casino Resort,2026-10-01T17:07:03.817742+00:00
166,Super Power Keno,IGT Poker,Poker,$0.50,High,4.0,,https://www.coushattacasinoresort.com/slot-map.php?sid=166,https://www.coushattacasinoresort.com/slot-map.php?sid=166,Coushatta Casino Resort,2026-10-01T17:07:03.857759+00:00
1651,Super Push Firesbird Festival Md Pr,Incredible Technologies,Video,$0.01,Medium - Low,2.0,,https://www.coushattacasinoresort.com/slot-map.php?sid=1651,https://www.coushattacasinoresort.com/slot-map.php?sid=1651,Coushatta Casino Resort,2026-10-01T17:07:21.888523+00:00
588,Super Sky Wheel: Money Roll (Pr),Incredible Technologies,Video,$0.01,Medium,3.0,,https://www.coushattacasinoresort.com/slot-map.php?sid=588,https://www.coushattacasinoresort.com/slot-map.php?sid=588,Coushatta Casino Resort,2026-10-01T17:07:08.731735+00:00
41,Super Times Pay,IGT,Video,$0.01,High,4.0,,https://www.coushattacasinoresort.com/slot-map.php?sid=41,https://www.coushattacasinoresort.com/slot-map.php?sid=41,Coushatta Casino Resort,2026-10-01T17:07:01.875767+00:00
896,Super Times Pay (Prog),IGT,Reel,$1.00,Medium,3.0,,https://www.coushattacasinoresort.com/slot-map.php?sid=896,https://www.coushattacasinoresort.com/slot-map.php?sid=896,Coushatta Casino Resort,2026-10-01T17:07:13.213441+00:00
2119,Super Times Pay - Five Play Bonus Poker,IGT,Poker,$0.25,N/A,,,https://www.coushattacasinoresort.com/slot-map.php?sid=2119,https://www.coushattacasinoresort.com/slot-map.php?sid=2119,Coushatta Casino Resort,2026-10-01T17:07:32.780088+00:00
2120,Super Times Pay - Five Play Bonus Poker,IGT,Poker,$0.50,N/A,,,https://www.coushattacasinoresort.com/slot-map.php?sid=2120,https://www.coushattacasinoresort.com/slot-map.php?sid=2120,Coushatta Casino Resort,2026-10-01T17:07:32.816020+00:00
2117,Super Times Pay - Five Play Bonus Poker Deluxe,IGT,Poker,$0.25,N/A,,,https://www.coushattacasinoresort.com/slot-map.php?sid=2117,https://www.coushattacasinoresort.com/slot-map.php?sid=2117,Coushatta Casino Resort,2026-10-01T17:07:32.783587+00:00
2118,Super Times Pay - Five Play Bonus Poker Deluxe,IGT,Poker,$0.50,N/A,,,https://www.coushattacasinoresort.com/slot-map.php?sid=2118,https://www.coushattacasinoresort.com/slot-map.php?sid=2118,Coushatta Casino Resort,2026-10-01T17:07:32.789335+00:00
2115,Super Times Pay - Five Play Decues Wild Bonus,IGT,Poker,$0.25,N/A,,,https://www.coushattacasinoresort.com/slot-map.php?sid=2115,https://www.coushattacasinoresort.com/slot-map.php?sid=2115,Coushatta Casino Resort,2026-10-01T17:07:32.695972+00:00
2116,Super Times Pay - Five Play Decues Wild Bonus,IGT,Poker,$0.50,N/A,,,https://www.coushattacasinoresort.com/slot-map.php?sid=2116,https://www.coushattacasinoresort.com/slot-map.php?sid=2116,Coushatta Casino Resort,2026-10-01T17:07:32.719230+00:00
2113,Super Times Pay - Five Play Deuces Wild,IGT,Poker,$0.25,N/A,,,https://www.coushattacasinoresort.com/slot-map.php?sid=2113,https://www.coushattacasinoresort.com/slot-map.php?sid=2113,Coushatta Casino Resort,2026-10-01T17:07:32.619288+00:00
2114,Super Times Pay - Five Play Deuces Wild,IGT,Poker,$0.50,N/A,,,https://www.coushattacasinoresort.com/slot-map.php?sid=2114,https://www.coushattacasinoresort.com/slot-map.php?sid=2114,Coushatta Casino Resort,2026-10-01T17:07:32.631521+00:00
2111,Super Times Pay - Five Play Double Bonus Poker,IGT,Poker,$0.25,N/A,,,https://www.coushattacasinoresort.com/slot-map.php?sid=2111,https://www.coushattacasinoresort.com/slot-map.php?sid=2111,Coushatta Casino Resort,2026-10-01T17:07:32.549568+00:00
2112,Super Times Pay - Five Play Double Bonus Poker,IGT,Poker,$0.50,N/A,,,https://www.coushattacasinoresort.com/slot-map.php?sid=2112,https://www.coushattacasinoresort.com/slot-map.php?sid=2112,Coushatta Casino Resort,2026-10-01T17:07:32.591704+00:00
2109,Super Times Pay - Five Play Double Double Bonus Poker,IGT,Poker,$0.25,N/A,,,https://www.coushattacasinoresort.com/slot-map.php?sid=2109,https://www.coushattacasinoresort.com/slot-map.php?sid=2109,Coushatta Casino Resort,2026-10-01T17:07:32.556783+00:00
2110,Super Times Pay - Five Play Double Double Bonus Poker,IGT,Poker,$0.50,N/A,,,https://www.coushattacasinoresort.com/slot-map.php?sid=2110,https://www.coushattacasinoresort.com/slot-map.php?sid=2110,Coushatta Casino Resort,2026-10-01T17:07:32.553159+00:00
2107,Super Times Pay - Five Play Jacks or Better,IGT,Poker,$0.25,N/A,,,https://www.coushattacasinoresort.com/slot-map.php?sid=2107,https://www.coushattacasinoresort.com/slot-map.php?sid=2107,Coushatta Casino Resort,2026-10-01T17:07:32.484638+00:00
2108,Super Times Pay - Five Play Jacks or Better,IGT,Poker,$0.50,N/A,,,https://www.coushattacasinoresort.com/slot-map.php?sid=2108,https://www.coushattacasinoresort.com/slot-map.php?sid=2108,Coushatta Casino Resort,2026-10-01T17:07:32.471511+00:00
2105,Super Times Pay - Five Play Joker Poker,IGT,Poker,$0.25,N/A,,,https://www.coushattacasinoresort.com/slot-map.php?sid=2105,https://www.coushattacasinoresort.com/slot-map.php?sid=2105,Coushatta Casino Resort,2026-10-01T17:07:32.362396+00:00
2106,Super Times Pay - Five Play Joker Poker,IGT,Poker,$0.50,N/A,,,https://www.coushattacasinoresort.com/slot-map.php?sid=2106,https://www.coushattacasinoresort.com/slot-map.php?sid=2106,Coushatta Casino Resort,2026-10-01T17:07:32.394776+00:00
2103,Super Times Pay - Five Play Triple Double Bonus Poker,IGT,Poker,$0.25,N/A,,,https://www.coushattacasinoresort.com/slot-map.php?sid=2103,https://www.coushattacasinoresort.com/slot-map.php?sid=2103,Coushatta Casino Resort,2026-10-01T17:07:32.316048+00:00
2104,Super Times Pay - Five Play Triple Double Bonus Poker,IGT,Poker,$0.50,N/A,,,https://www.coushattacasinoresort.com/slot-map.php?sid=2104,https://www.coushattacasinoresort.com/slot-map.php?sid=2104,Coushatta Casino Resort,2026-10-01T17:07:32.422680+00:00
2102,Super Times Pay - Ten Play Bonus Poker,IGT,Poker,$0.25,N/A,,,https://www.coushattacasinoresort.com/slot-map.php?sid=2102,https://www.coushattacasinoresort.com/slot-map.php?sid=2102,Coushatta Casino Resort,2026-10-01T17:07:32.305516+00:00
2101,Super Times Pay - Ten Play Bonus Poker Deluxe,IGT,Poker,$0.25,N/A,,,https://www.coushattacasinoresort.com/slot-map.php?sid=2101,https://www.coushattacasinoresort.com/slot-map.php?sid=2101,Coushatta Casino Resort,2026-10-01T17:07:32.309601+00:00
2100,Super Times Pay - Ten Play Decues Wild Bonus,IGT,Poker,$0.25,N/A,,,https://www.coushattacasinoresort.com/slot-map.php?sid=2100,https://www.coushattacasinoresort.com/slot-map.php?sid=2100,Coushatta Casino Resort,2026-10-01T17:07:32.258815+00:00
2099,Super Times Pay - Ten Play Deuces Wild,IGT,Poker,$0.25,N/A,,,https://www.coushattacasinoresort.com/slot-map.php?sid=2099,https://www.coushattacasinoresort.com/slot-map.php?sid=2099,Coushatta Casino Resort,2026-10-01T17:07:32.149174+00:00
2098,Super Times Pay - Ten Play Double Bonus Poker,IGT,Poker,$0.25,N/A,,,https://www.coushattacasinoresort.com/slot-map.php?sid=2098,https://www.coushattacasinoresort.com/slot-map.php?sid=2098,Coushatta Casino Resort,2026-10-01T17:07:32.174245+00:00
2097,Super Times Pay - Ten Play Double Double Bonus Poker,IGT,Poker,$0.25,N/A,,,https://www.coushattacasinoresort.com/slot-map.php?sid=2097,https://www.coushattacasinoresort.com/slot-map.php?sid=2097,Coushatta Casino Resort,2026-10-01T17:07:32.118369+00:00
2096,Super Times Pay - Ten Play Jacks or Better,IGT,Poker,$0.25,N/A,,,https://www.coushattacasinoresort.com/slot-map.php?sid=2096,https://www.coushattacasinoresort.com/slot-map.php?sid=2096,Coushatta Casino Resort,2026-10-01T17:07:32.164354+00:00
2095,Super Times Pay - Ten Play Joker Poker,IGT,Poker,$0.25,N/A,,,https://www.coushattacasinoresort.com/slot-map.php?sid=2095,https://www.coushattacasinoresort.com/slot-map.php?sid=2095,Coushatta Casino Resort,2026-10-01T17:07:32.078328+00:00
2094,Super Times Pay - Ten Play Triple Double Bonus Poker,IGT,Poker,$0.25,N/A,,,https://www.coushattacasinoresort.com/slot-map.php?sid=2094,https://www.coushattacasinoresort.com/slot-map.php?sid=2094,Coushatta Casino Resort,2026-10-01T17:07:32.082991+00:00
2092,Super Times Pay - Triple Play Bonus Poker,IGT,Poker,$0.25,N/A,,,https://www.coushattacasinoresort.com/slot-map.php?sid=2092,https://www.coushattacasinoresort.com/slot-map.php?sid=2092,Coushatta Casino Resort,2026-10-01T17:07:32.038679+00:00
2093,Super Times Pay - Triple Play Bonus Poker,IGT,Poker,$0.50,N/A,,,https://www.coushattacasinoresort.com/slot-map.php?sid=2093,https://www.coushattacasinoresort.com/slot-map.php?sid=2093,Coushatta Casino Resort,2026-10-01T17:07:32.090278+00:00
2090,Super Times Pay - Triple Play Bonus Poker Deluxe,IGT,Poker,$0.25,N/A,,,https://www.coushattacasinoresort.com/slot-map.php?sid=2090,https://www.coushattacasinoresort.com/slot-map.php?sid=2090,Coushatta Casino Resort,2026-10-01T17:07:31.903586+00:00
2091,Super Times Pay - Triple Play Bonus Poker Deluxe,IGT,Poker,$0.50,N/A,,,https://www.coushattacasinoresort.com/slot-map.php?sid=2091,https://www.coushattacasinoresort.com/slot-map.php?sid=2091,Coushatta Casino Resort,2026-10-01T17:07:31.949613+00:00
2088,Super Times Pay - Triple Play Decues Wild Bonus,IGT,Poker,$0.25,N/A,,,https://www.coushattacasinoresort.com/slot-map.php?sid=2088,https://www.coushattacasinoresort.com/slot-map.php?sid=2088,Coushatta Casino Resort,2026-10-01T17:07:31.866594+00:00
2089,Super Times Pay - Triple Play Decues Wild Bonus,IGT,Poker,$0.50,N/A,,,https://www.coushattacasinoresort.com/slot-map.php?sid=2089,https://www.coushattacasinoresort.com/slot-map.php?sid=2089,Coushatta Casino Resort,2026-10-01T17:07:31.896750+00:00
2086,Super Times Pay - Triple Play Deuces Wild,IGT,Poker,$0.25,N/A,,,https://www.coushattacasinoresort.com/slot-map.php?sid=2086,https://www.coushattacasinoresort.com/slot-map.php?sid=2086,Coushatta Casino Resort,2026-10-01T17:07:31.847266+00:00
2087,Super Times Pay - Triple Play Deuces Wild,IGT,Poker,$0.50,N/A,,,https://www.coushattacasinoresort.com/slot-map.php?sid=2087,https://www.coushattacasinoresort.com/slot-map.php?sid=2087,Coushatta Casino Resort,2026-10-01T17:07:31.873723+00:00
2084,Super Times Pay - Triple Play Double Bonus Poker,IGT,Poker,$0.25,N/A,,,https://www.coushattacasinoresort.com/slot-map.php?sid=2084,https://www.coushattacasinoresort.com/slot-map.php?sid=2084,Coushatta Casino Resort,2026-10-01T17:07:31.825493+00:00
2085,Super Times Pay - Triple Play Double Bonus Poker,IGT,Poker,$0.50,N/A,,,https://www.coushattacasinoresort.com/slot-map.php?sid=2085,https://www.coushattacasinoresort.com/slot-map.php?sid=2085,Coushatta Casino Resort,2026-10-01T17:07:31.843217+00:00
2082,Super Times Pay - Triple Play Double Double Bonus Poker,IGT,Poker,$0.25,N/A,,,https://www.coushattacasinoresort.com/slot-map.php?sid=2082,https://www.coushattacasinoresort.com/slot-map.php?sid=2082,Coushatta Casino Resort,2026-10-01T17:07:31.679755+00:00
2083,Super Times Pay - Triple Play Double Double Bonus Poker,IGT,Poker,$0.50,N/A,,,https://www.coushattacasinoresort.com/slot-map.php?sid=2083,https://www.coushattacasinoresort.com/slot-map.php?sid=2083,Coushatta Casino Resort,2026-10-01T17:07:31.691844+00:00
2080,Super Times Pay - Triple Play Jacks or Better,IGT,Poker,$0.25,N/A,,,https://www.coushattacasinoresort.com/slot-map.php?sid=2080,https://www.coushattacasinoresort.com/slot-map.php?sid=2080,Coushatta Casino Resort,2026-10-01T17:07:31.645722+00:00
2081,Super Times Pay - Triple Play Jacks or Better,IGT,Poker,$0.50,N/A,,,https://www.coushattacasinoresort.com/slot-map.php?sid=2081,https://www.coushattacasinoresort.com/slot-map.php?sid=2081,Coushatta Casino Resort,2026-10-01T17:07:31.662570+00:00
2078,Super Times Pay - Triple Play Joker Poker,IGT,Poker,$0.25,N/A,,,https://www.coushattacasinoresort.com/slot-map.php?sid=2078,https://www.coushattacasinoresort.com/slot-map.php?sid=2078,Coushatta Casino Resort,2026-10-01T17:07:31.589245+00:00
2079,Super Times Pay - Triple Play Joker Poker,IGT,Poker,$0.50,N/A,,,https://www.coushattacasinoresort.com/slot-map.php?sid=2079,https://www.coushattacasinoresort.com/slot-map.php?sid=2079,Coushatta Casino Resort,2026-10-01T17:07:31.609810+00:00
2076,Super Times Pay - Triple Play Triple Double Bonus Poker,IGT,Poker,$0.25,N/A,,,https://www.coushattacasinoresort.com/slot-map.php?sid=2076,https://www.coushattacasinoresort.com/slot-map.php?sid=2076,Coushatta Casino Resort,2026-10-01T17:07:31.594839+00:00
2077,Super Times Pay - Triple Play Triple Double Bonus Poker,IGT,Poker,$0.50,N/A,,,https://www.coushattacasinoresort.com/slot-map.php?sid=2077,https://www.coushattacasinoresort.com/slot-map.php?sid=2077,Coushatta Casino Resort,2026-10-01T17:07:31.597858+00:00
629,Super Times Pay Free Games,IGT,Video,$0.01,Medium,3.0,,https://www.coushattacasinoresort.com/slot-map.php?sid=629,https://www.coushattacasinoresort.com/slot-map.php?sid=629,Coushatta Casino Resort,2026-10-01T17:07:09.312440+00:00
630,Super Times Pay Free Games,IGT,Video,$0.02,Medium,3.0,,https://www.coushattacasinoresort.com/slot-map.php?sid=630,https://www.coushattacasinoresort.com/slot-map.php?sid=630,Coushatta Casino Resort,2026-10-01T17:07:09.360036+00:00
2073,Super Triple Play - Five Play Bonus Poker,IGT,Poker,$0.25,N/A,,,https://www.coushattacasinoresort.com/slot-map.php?sid=2073,https://www.coushattacasinoresort.com/slot-map.php?sid=2073,Coushatta Casino Resort,2026-10-01T17:07:31.453465+00:00
2074,Super Triple Play - Five Play Bonus Poker,IGT,Poker,$0.50,N/A,,,https://www.coushattacasinoresort.com/slot-map.php?sid=2074,https://www.coushattacasinoresort.com/slot-map.php?sid=2074,Coushatta Casino Resort,2026-10-01T17:07:31.436132+00:00
2075,Super Triple Play - Five Play Bonus Poker,IGT,Poker,$1.00,N/A,,,https://www.coushattacasinoresort.com/slot-map.php?sid=2075,https://www.coushattacasinoresort.com/slot-map.php?sid=2075,Coushatta Casino Resort,2026-10-01T17:07:31.463309+00:00
2070,Super Triple Play - Five Play Bonus Poker Deluxe,IGT,Poker,$0.25,N/A,,,https://www.coushattacasinoresort.com/slot-map.php?sid=2070,https://www.coushattacasinoresort.com/slot-map.php?sid=2070,Coushatta Casino Resort,2026-10-01T17:07:31.408512+00:00
2071,Super Triple Play - Five Play Bonus Poker Deluxe,IGT,Poker,$0.50,N/A,,,https://www.coushattacasinoresort.com/slot-map.php?sid=2071,https://www.coushattacasinoresort.com/slot-map.php?sid=2071,Coushatta Casino Resort,2026-10-01T17:07:31.369668+00:00
2072,Super Triple Play - Five Play Bonus Poker Deluxe,IGT,Poker,$1.00,N/A,,,https://www.coushattacasinoresort.com/slot-map.php?sid=2072,https://www.coushattacasinoresort.com/slot-map.php?sid=2072,Coushatta Casino Resort,2026-10-01T17:07:31.400128+00:00
2067,Super Triple Play - Five Play Deuces Wild,IGT,Poker,$0.25,N/A,,,https://www.coushattacasinoresort.com/slot-map.php?sid=2067,https://www.coushattacasinoresort.com/slot-map.php?sid=2067,Coushatta Casino Resort,2026-10-01T17:07:31.250022+00:00
2068,Super Triple Play - Five Play Deuces Wild,IGT,Poker,$0.50,N/A,,,https://www.coushattacasinoresort.com/slot-map.php?sid=2068,https://www.coushattacasinoresort.com/slot-map.php?sid=2068,Coushatta Casino Resort,2026-10-01T17:07:31.344583+00:00
2069,Super Triple Play - Five Play Deuces Wild,IGT,Poker,$1.00,N/A,,,https://www.coushattacasinoresort.com/slot-map.php?sid=2069,https://www.coushattacasinoresort.com/slot-map.php?sid=2069,Coushatta Casino Resort,2026-10-01T17:07:31.341327+00:00
2064,Super Triple Play - Five Play Deuces Wild Bonus,IGT,Poker,$0.25,N/A,,,https://www.coushattacasinoresort.com/slot-map.php?sid=2064,https://www.coushattacasinoresort.com/slot-map.php?sid=2064,Coushatta Casino Resort,2026-10-01T17:07:31.192203+00:00
2065,Super Triple Play - Five Play Deuces Wild Bonus,IGT,Poker,$0.50,N/A,,,https://www.coushattacasinoresort.com/slot-map.php?sid=2065,https://www.coushattacasinoresort.com/slot-map.php?sid=2065,Coushatta Casino Resort,2026-10-01T17:07:31.215150+00:00
2066,Super Triple Play - Five Play Deuces Wild Bonus,IGT,Poker,$1.00,N/A,,,https://www.coushattacasinoresort.com/slot-map.php?sid=2066,https://www.coushattacasinoresort.com/slot-map.php?sid=2066,Coushatta Casino Resort,2026-10-01T17:07:31.225208+00:00
2061,Super Triple Play - Five Play Double Bonus Poker,IGT,Poker,$0.25,N/A,,,https://www.coushattacasinoresort.com/slot-map.php?sid=2061,https://www.coushattacasinoresort.com/slot-map.php?sid=2061,Coushatta Casino Resort,2026-10-01T17:07:31.105105+00:00
2062,Super Triple Play - Five Play Double Bonus Poker,IGT,Poker,$0.50,N/A,,,https://www.coushattacasinoresort.com/slot-map.php?sid=2062,https://www.coushattacasinoresort.com/slot-map.php?sid=2062,Coushatta Casino Resort,2026-10-01T17:07:31.160396+00:00
2063,Super Triple Play - Five Play Double Bonus Poker,IGT,Poker,$1.00,N/A,,,https://www.coushattacasinoresort.com/slot-map.php?sid=2063,https://www.coushattacasinoresort.com/slot-map.php?sid=2063,Coushatta Casino Resort,2026-10-01T17:07:31.153355+00:00
2058,Super Triple Play - Five Play Double Doubler Bonus Poker,IGT,Poker,$0.25,N/A,,,https://www.coushattacasinoresort.com/slot-map.php?sid=2058,https://www.coushattacasinoresort.com/slot-map.php?sid=2058,Coushatta Casino Resort,2026-10-01T17:07:31.000163+00:00
2059,Super Triple Play - Five Play Double Doubler Bonus Poker,IGT,Poker,$0.50,N/A,,,https://www.coushattacasinoresort.com/slot-map.php?sid=2059,https://www.coushattacasinoresort.com/slot-map.php?sid=2059,Coushatta Casino Resort,2026-10-01T17:07:31.023806+00:00
2060,Super Triple Play - Five Play Double Doubler Bonus Poker,IGT,Poker,$1.00,N/A,,,https://www.coushattacasinoresort.com/slot-map.php?sid=2060,https://www.coushattacasinoresort.com/slot-map.php?sid=2060,Coushatta Casino Resort,2026-10-01T17:07:31.100423+00:00
2055,Super Triple Play - Five Play Jacks or Better,IGT,Poker,$0.25,N/A,,,https://www.coushattacasinoresort.com/slot-map.php?sid=2055,https://www.coushattacasinoresort.com/slot-map.php?sid=2055,Coushatta Casino Resort,2026-10-01T17:07:30.936134+00:00
2056,Super Triple Play - Five Play Jacks or Better,IGT,Poker,$0.50,N/A,,,https://www.coushattacasinoresort.com/slot-map.php?sid=2056,https://www.coushattacasinoresort.com/slot-map.php?sid=2056,Coushatta Casino Resort,2026-10-01T17:07:30.971164+00:00
2057,Super Triple Play - Five Play Jacks or Better,IGT,Poker,$1.00,N/A,,,https://www.coushattacasinoresort.com/slot-map.php?sid=2057,https://www.coushattacasinoresort.com/slot-map.php?sid=2057,Coushatta Casino Resort,2026-10-01T17:07:30.983976+00:00
2052,Super Triple Play - Five Play Triple Double Bonus Poker,IGT,Poker,$0.25,N/A,,,https://www.coushattacasinoresort.com/slot-map.php?sid=2052,https://www.coushattacasinoresort.com/slot-map.php?sid=2052,Coushatta Casino Resort,2026-10-01T17:07:30.854928+00:00
2053,Super Triple Play - Five Play Triple Double Bonus Poker,IGT,Poker,$0.50,N/A,,,https://www.coushattacasinoresort.com/slot-map.php?sid=2053,https://www.coushattacasinoresort.com/slot-map.php?sid=2053,Coushatta Casino Resort,2026-10-01T17:07:30.891400+00:00
2054,Super Triple Play - Five Play Triple Double Bonus Poker,IGT,Poker,$1.00,N/A,,,https://www.coushattacasinoresort.com/slot-map.php?sid=2054,https://www.coushattacasinoresort.com/slot-map.php?sid=2054,Coushatta Casino Resort,2026-10-01T17:07:30.940919+00:00
2049,Super Triple Play - Ten Play Bonus Poker,IGT,Poker,$0.25,N/A,,,https://www.coushattacasinoresort.com/slot-map.php?sid=2049,https://www.coushattacasinoresort.com/slot-map.php?sid=2049,Coushatta Casino Resort,2026-10-01T17:07:30.741906+00:00
2050,Super Triple Play - Ten Play Bonus Poker,IGT,Poker,$0.50,N/A,,,https://www.coushattacasinoresort.com/slot-map.php?sid=2050,https://www.coushattacasinoresort.com/slot-map.php?sid=2050,Coushatta Casino Resort,2026-10-01T17:07:30.779701+00:00
2051,Super Triple Play - Ten Play Bonus Poker,IGT,Poker,$1.00,N/A,,,https://www.coushattacasinoresort.com/slot-map.php?sid=2051,https://www.coushattacasinoresort.com/slot-map.php?sid=2051,Coushatta Casino Resort,2026-10-01T17:07:30.773237+00:00
2046,Super Triple Play - Ten Play Bonus Poker Deluxe,IGT,Poker,$0.25,N/A,,,https://www.coushattacasinoresort.com/slot-map.php?sid=2046,https://www.coushattacasinoresort.com/slot-map.php?sid=2046,Coushatta Casino Resort,2026-10-01T17:07:30.687205+00:00
2047,Super Triple Play - Ten Play Bonus Poker Deluxe,IGT,Poker,$0.50,N/A,,,https://www.coushattacasinoresort.com/slot-map.php?sid=2047,https://www.coushattacasinoresort.com/slot-map.php?sid=2047,Coushatta Casino Resort,2026-10-01T17:07:30.704557+00:00
2048,Super Triple Play - Ten Play Bonus Poker Deluxe,IGT,Poker,$1.00,N/A,,,https://www.coushattacasinoresort.com/slot-map.php?sid=2048,https://www.coushattacasinoresort.com/slot-map.php?sid=2048,Coushatta Casino Resort,2026-10-01T17:07:30.738462+00:00
2043,Super Triple Play - Ten Play Deuces Wild,IGT,Poker,$0.25,N/A,,,https://www.coushattacasinoresort.com/slot-map.php?sid=2043,https://www.coushattacasinoresort.com/slot-map.php?sid=2043,Coushatta Casino Resort,2026-10-01T17:07:30.546594+00:00
2044,Super Triple Play - Ten Play Deuces Wild,IGT,Poker,$0.50,N/A,,,https://www.coushattacasinoresort.com/slot-map.php?sid=2044,https://www.coushattacasinoresort.com/slot-map.php?sid=2044,Coushatta Casino Resort,2026-10-01T17:07:30.633445+00:00
2045,Super Triple Play - Ten Play Deuces Wild,IGT,Poker,$1.00,N/A,,,https://www.coushattacasinoresort.com/slot-map.php?sid=2045,https://www.coushattacasinoresort.com/slot-map.php?sid=2045,Coushatta Casino Resort,2026-10-01T17:07:30.721267+00:00
2040,Super Triple Play - Ten Play Deuces Wild Bonus,IGT,Poker,$0.25,N/A,,,https://www.coushattacasinoresort.com/slot-map.php?sid=2040,https://www.coushattacasinoresort.com/slot-map.php?sid=2040,Coushatta Casino Resort,2026-10-01T17:07:30.511599+00:00
2041,Super Triple Play - Ten Play Deuces Wild Bonus,IGT,Poker,$0.50,N/A,,,https://www.coushattacasinoresort.com/slot-map.php?sid=2041,https://www.coushattacasinoresort.com/slot-map.php?sid=2041,Coushatta Casino Resort,2026-10-01T17:07:30.518902+00:00
2042,Super Triple Play - Ten Play Deuces Wild Bonus,IGT,Poker,$1.00,N/A,,,https://www.coushattacasinoresort.com/slot-map.php?sid=2042,https://www.coushattacasinoresort.com/slot-map.php?sid=2042,Coushatta Casino Resort,2026-10-01T17:07:30.532730+00:00
2037,Super Triple Play - Ten Play Double Bonus Poker,IGT,Poker,$0.25,N/A,,,https://www.coushattacasinoresort.com/slot-map.php?sid=2037,https://www.coushattacasinoresort.com/slot-map.php?sid=2037,Coushatta Casino Resort,2026-10-01T17:07:30.481522+00:00
2038,Super Triple Play - Ten Play Double Bonus Poker,IGT,Poker,$0.50,N/A,,,https://www.coushattacasinoresort.com/slot-map.php?sid=2038,https://www.coushattacasinoresort.com/slot-map.php?sid=2038,Coushatta Casino Resort,2026-10-01T17:07:30.467972+00:00
2039,Super Triple Play - Ten Play Double Bonus Poker,IGT,Poker,$1.00,N/A,,,https://www.coushattacasinoresort.com/slot-map.php?sid=2039,https://www.coushattacasinoresort.com/slot-map.php?sid=2039,Coushatta Casino Resort,2026-10-01T17:07:30.477832+00:00
2034,Super Triple Play - Ten Play Double Doubler Bonus Poker,IGT,Poker,$0.25,N/A,,,https://www.coushattacasinoresort.com/slot-map.php?sid=2034,https://www.coushattacasinoresort.com/slot-map.php?sid=2034,Coushatta Casino Resort,2026-10-01T17:07:30.327471+00:00
2035,Super Triple Play - Ten Play Double Doubler Bonus Poker,IGT,Poker,$0.50,N/A,,,https://www.coushattacasinoresort.com/slot-map.php?sid=2035,https://www.coushattacasinoresort.com/slot-map.php?sid=2035,Coushatta Casino Resort,2026-10-01T17:07:30.339207+00:00
2036,Super Triple Play - Ten Play Double Doubler Bonus Poker,IGT,Poker,$1.00,N/A,,,https://www.coushattacasinoresort.com/slot-map.php?sid=2036,https://www.coushattacasinoresort.com/slot-map.php?sid=2036,Coushatta Casino Resort,2026-10-01T17:07:30.388908+00:00
2031,Super Triple Play - Ten Play Jacks or Better,IGT,Poker,$0.25,N/A,,,https://www.coushattacasinoresort.com/slot-map.php?sid=2031,https://www.coushattacasinoresort.com/slot-map.php?sid=2031,Coushatta Casino Resort,2026-10-01T17:07:30.285410+00:00
2032,Super Triple Play - Ten Play Jacks or Better,IGT,Poker,$0.50,N/A,,,https://www.coushattacasinoresort.com/slot-map.php?sid=2032,https://www.coushattacasinoresort.com/slot-map.php?sid=2032,Coushatta Casino Resort,2026-10-01T17:07:30.256701+00:00
2033,Super Triple Play - Ten Play Jacks or Better,IGT,Poker,$1.00,N/A,,,https://www.coushattacasinoresort.com/slot-map.php?sid=2033,https://www.coushattacasinoresort.com/slot-map.php?sid=2033,Coushatta Casino Resort,2026-10-01T17:07:30.252431+00:00
2028,Super Triple Play - Ten Play Triple Double Bonus Poker,IGT,Poker,$0.25,N/A,,,https://www.coushattacasinoresort.com/slot-map.php?sid=2028,https://www.coushattacasinoresort.com/slot-map.php?sid=2028,Coushatta Casino Resort,2026-10-01T17:07:30.315815+00:00
2029,Super Triple Play - Ten Play Triple Double Bonus Poker,IGT,Poker,$0.50,N/A,,,https://www.coushattacasinoresort.com/slot-map.php?sid=2029,https://www.coushattacasinoresort.com/slot-map.php?sid=2029,Coushatta Casino Resort,2026-10-01T17:07:30.160026+00:00
2030,Super Triple Play - Ten Play Triple Double Bonus Poker,IGT,Poker,$1.00,N/A,,,https://www.coushattacasinoresort.com/slot-map.php?sid=2030,https://www.coushattacasinoresort.com/slot-map.php?sid=2030,Coushatta Casino Resort,2026-10-01T17:07:30.215658+00:00
2025,Super Triple Play - Triple Play Bonus Poker,IGT,Poker,$0.25,N/A,,,https://www.coushattacasinoresort.com/slot-map.php?sid=2025,https://www.coushattacasinoresort.com/slot-map.php?sid=2025,Coushatta Casino Resort,2026-10-01T17:07:29.942266+00:00
2026,Super Triple Play - Triple Play Bonus Poker,IGT,Poker,$0.50,N/A,,,https://www.coushattacasinoresort.com/slot-map.php?sid=2026,https://www.coushattacasinoresort.com/slot-map.php?sid=2026,Coushatta Casino Resort,2026-10-01T17:07:30.088451+00:00
2027,Super Triple Play - Triple Play Bonus Poker,IGT,Poker,$1.00,N/A,,,https://www.coushattacasinoresort.com/slot-map.php?sid=2027,https://www.coushattacasinoresort.com/slot-map.php?sid=2027,Coushatta Casino Resort,2026-10-01T17:07:30.127666+00:00
2022,Super Triple Play - Triple Play Bonus Poker Deluxe,IGT,Poker,$0.25,N/A,,,https://www.coushattacasinoresort.com/slot-map.php?sid=2022,https://www.coushattacasinoresort.com/slot-map.php?sid=2022,Coushatta Casino Resort,2026-10-01T17:07:29.952498+00:00
2023,Super Triple Play - Triple Play Bonus Poker Deluxe,IGT,Poker,$0.50,N/A,,,https://www.coushattacasinoresort.com/slot-map.php?sid=2023,https://www.coushattacasinoresort.com/slot-map.php?sid=2023,Coushatta Casino Resort,2026-10-01T17:07:30.038978+00:00
2024,Super Triple Play - Triple Play Bonus Poker Deluxe,IGT,Poker,$1.00,N/A,,,https://www.coushattacasinoresort.com/slot-map.php?sid=2024,https://www.coushattacasinoresort.com/slot-map.php?sid=2024,Coushatta Casino Resort,2026-10-01T17:07:29.966994+00:00
2019,Super Triple Play - Triple Play Deuces Wild,IGT,Poker,$0.25,N/A,,,https://www.coushattacasinoresort.com/slot-map.php?sid=2019,https://www.coushattacasinoresort.com/slot-map.php?sid=2019,Coushatta Casino Resort,2026-10-01T17:07:29.921525+00:00
2020,Super Triple Play - Triple Play Deuces Wild,IGT,Poker,$0.50,N/A,,,https://www.coushattacasinoresort.com/slot-map.php?sid=2020,https://www.coushattacasinoresort.com/slot-map.php?sid=2020,Coushatta Casino Resort,2026-10-01T17:07:30.006162+00:00
2021,Super Triple Play - Triple Play Deuces Wild,IGT,Poker,$1.00,N/A,,,https://www.coushattacasinoresort.com/slot-map.php?sid=2021,https://www.coushattacasinoresort.com/slot-map.php?sid=2021,Coushatta Casino Resort,2026-10-01T17:07:30.009843+00:00
2016,Super Triple Play - Triple Play Deuces Wild Bonus,IGT,Poker,$0.25,N/A,,,https://www.coushattacasinoresort.com/slot-map.php?sid=2016,https://www.coushattacasinoresort.com/slot-map.php?sid=2016,Coushatta Casino Resort,2026-10-01T17:07:29.672423+00:00
2017,Super Triple Play - Triple Play Deuces Wild Bonus,IGT,Poker,$0.50,N/A,,,https://www.coushattacasinoresort.com/slot-map.php?sid=2017,https://www.coushattacasinoresort.com/slot-map.php?sid=2017,Coushatta Casino Resort,2026-10-01T17:07:29.680586+00:00
2018,Super Triple Play - Triple Play Deuces Wild Bonus,IGT,Poker,$1.00,N/A,,,https://www.coushattacasinoresort.com/slot-map.php?sid=2018,https://www.coushattacasinoresort.com/slot-map.php?sid=2018,Coushatta Casino Resort,2026-10-01T17:07:29.864414+00:00
2013,Super Triple Play - Triple Play Double Bonus Poker,IGT,Poker,$0.25,N/A,,,https://www.coushattacasinoresort.com/slot-map.php?sid=2013,https://www.coushattacasinoresort.com/slot-map.php?sid=2013,Coushatta Casino Resort,2026-10-01T17:07:29.710009+00:00
2014,Super Triple Play - Triple Play Double Bonus Poker,IGT,Poker,$0.50,N/A,,,https://www.coushattacasinoresort.com/slot-map.php?sid=2014,https://www.coushattacasinoresort.com/slot-map.php?sid=2014,Coushatta Casino Resort,2026-10-01T17:07:29.694712+00:00
2015,Super Triple Play - Triple Play Double Bonus Poker,IGT,Poker,$1.00,N/A,,,https://www.coushattacasinoresort.com/slot-map.php?sid=2015,https://www.coushattacasinoresort.com/slot-map.php?sid=2015,Coushatta Casino Resort,2026-10-01T17:07:29.676190+00:00
2010,Super Triple Play - Triple Play Double Doubler Bonus Poker,IGT,Poker,$0.25,N/A,,,https://www.coushattacasinoresort.com/slot-map.php?sid=2010,https://www.coushattacasinoresort.com/slot-map.php?sid=2010,Coushatta Casino Resort,2026-10-01T17:07:29.462691+00:00
2011,Super Triple Play - Triple Play Double Doubler Bonus Poker,IGT,Poker,$0.50,N/A,,,https://www.coushattacasinoresort.com/slot-map.php?sid=2011,https://www.coushattacasinoresort.com/slot-map.php?sid=2011,Coushatta Casino Resort,2026-10-01T17:07:29.684505+00:00
2012,Super Triple Play - Triple Play Double Doubler Bonus Poker,IGT,Poker,$1.00,N/A,,,https://www.coushattacasinoresort.com/slot-map.php?sid=2012,https://www.coushattacasinoresort.com/slot-map.php?sid=2012,Coushatta Casino Resort,2026-10-01T17:07:29.687784+00:00
2007,Super Triple Play - Triple Play Jacks or Better,IGT,Poker,$0.25,N/A,,,https://www.coushattacasinoresort.com/slot-map.php?sid=2007,https://www.coushattacasinoresort.com/slot-map.php?sid=2007,Coushatta Casino Resort,2026-10-01T17:07:29.449334+00:00
2008,Super Triple Play - Triple Play Jacks or Better,IGT,Poker,$0.50,N/A,,,https://www.coushattacasinoresort.com/slot-map.php?sid=2008,https://www.coushattacasinoresort.com/slot-map.php?sid=2008,Coushatta Casino Resort,2026-10-01T17:07:29.457897+00:00
2009,Super Triple Play - Triple Play Jacks or Better,IGT,Poker,$1.00,N/A,,,https://www.coushattacasinoresort.com/slot-map.php?sid=2009,https://www.coushattacasinoresort.com/slot-map.php?sid=2009,Coushatta Casino Resort,2026-10-01T17:07:29.563266+00:00
2004,Super Triple Play - Triple Play Triple Double Bonus Poker,IGT,Poker,$0.25,N/A,,,https://www.coushattacasinoresort.com/slot-map.php?sid=2004,https://www.coushattacasinoresort.com/slot-map.php?sid=2004,Coushatta Casino Resort,2026-10-01T17:07:29.407483+00:00
2005,Super Triple Play - Triple Play Triple Double Bonus Poker,IGT,Poker,$0.50,N/A,,,https://www.coushattacasinoresort.com/slot-map.php?sid=2005,https://www.coushattacasinoresort.com/slot-map.php?sid=2005,Coushatta Casino Resort,2026-10-01T17:07:29.410778+00:00
2006,Super Triple Play - Triple Play Triple Double Bonus Poker,IGT,Poker,$1.00,N/A,,,https://www.coushattacasinoresort.com/slot-map.php?sid=2006,https://www.coushattacasinoresort.com/slot-map.php?sid=2006,Coushatta Casino Resort,2026-10-01T17:07:29.415304+00:00
163,Super Way Keno,IGT Poker,Poker,$0.25,High,4.0,,https://www.coushattacasinoresort.com/slot-map.php?sid=163,https://www.coushattacasinoresort.com/slot-map.php?sid=163,Coushatta Casino Resort,2026-10-01T17:07:03.813916+00:00
164,Super Way Keno,IGT Poker,Poker,$0.50,High,4.0,,https://www.coushattacasinoresort.com/slot-map.php?sid=164,https://www.coushattacasinoresort.com/slot-map.php?sid=164,Coushatta Casino Resort,2026-10-01T17:07:03.836677+00:00
1034,Surefire Frenzy Link Abundance Md P,IGT,Video,$0.01,Medium,3.0,,https://www.coushattacasinoresort.com/slot-map.php?sid=1034,https://www.coushattacasinoresort.com/slot-map.php?sid=1034,Coushatta Casino Resort,2026-10-01T17:07:14.966888+00:00
1035,Surefire Frenzy Link Splendor Md Pr,IGT,Video,$0.01,Medium,3.0,,https://www.coushattacasinoresort.com/slot-map.php?sid=1035,https://www.coushattacasinoresort.com/slot-map.php?sid=1035,Coushatta Casino Resort,2026-10-01T17:07:14.991482+00:00
111,Tabasco,IGT,Video,$1.00,High,4.0,,https://www.coushattacasinoresort.com/slot-map.php?sid=111,https://www.coushattacasinoresort.com/slot-map.php?sid=111,Coushatta Casino Resort,2026-10-01T17:07:02.966672+00:00
2629,Table Master Blackjack (Mc)(Md)(Pr),Light & Wonder,Video,$1.00,N/A,,,https://www.coushattacasinoresort.com/slot-map.php?sid=2629,https://www.coushattacasinoresort.com/slot-map.php?sid=2629,Coushatta Casino Resort,2026-10-01T17:07:46.022108+00:00
577,Tailgate Party,IGT,Video,$1.00,Medium,3.0,,https://www.coushattacasinoresort.com/slot-map.php?sid=577,https://www.coushattacasinoresort.com/slot-map.php?sid=577,Coushatta Casino Resort,2026-10-01T17:07:08.560655+00:00
749,Tasty Treasures:Big Hot Flaming Pot,Light & Wonder,Video,$0.01,Medium,3.0,,https://www.coushattacasinoresort.com/slot-map.php?sid=749,https://www.coushattacasinoresort.com/slot-map.php?sid=749,Coushatta Casino Resort,2026-10-01T17:07:11.049448+00:00
750,Tasty Treasures:Big Hot Flaming Pot,Light & Wonder,Video,$0.02,Medium,3.0,,https://www.coushattacasinoresort.com/slot-map.php?sid=750,https://www.coushattacasinoresort.com/slot-map.php?sid=750,Coushatta Casino Resort,2026-10-01T17:07:11.112630+00:00
751,Tasty Treasures:Big Hot Flaming Pot,Light & Wonder,Video,$0.05,Medium,3.0,,https://www.coushattacasinoresort.com/slot-map.php?sid=751,https://www.coushattacasinoresort.com/slot-map.php?sid=751,Coushatta Casino Resort,2026-10-01T17:07:11.119237+00:00
752,Tasty Treasures:Big Hot Flaming Pot,Light & Wonder,Video,$0.10,Medium,3.0,,https://www.coushattacasinoresort.com/slot-map.php?sid=752,https://www.coushattacasinoresort.com/slot-map.php?sid=752,Coushatta Casino Resort,2026-10-01T17:07:11.115527+00:00
753,Tasty Treasures:Big Hot Flaming Pot,Light & Wonder,Video,$1.00,Medium,3.0,,https://www.coushattacasinoresort.com/slot-map.php?sid=753,https://www.coushattacasinoresort.com/slot-map.php?sid=753,Coushatta Casino Resort,2026-10-01T17:07:11.125181+00:00
754,Tasty Treasures:Big Hot Flaming Pot,Light & Wonder,Video,$2.00,Medium,3.0,,https://www.coushattacasinoresort.com/slot-map.php?sid=754,https://www.coushattacasinoresort.com/slot-map.php?sid=754,Coushatta Casino Resort,2026-10-01T17:07:11.131716+00:00
918,Temple Falls Jungle Adventure Mc Md,Incredible Technologies,Video,$0.01,Medium,3.0,,https://www.coushattacasinoresort.com/slot-map.php?sid=918,https://www.coushattacasinoresort.com/slot-map.php?sid=918,Coushatta Casino Resort,2026-10-01T17:07:13.465157+00:00
975,Temple Falls Jungle Adventure Mc Md,Incredible Technologies,Video,$0.02,Medium,3.0,,https://www.coushattacasinoresort.com/slot-map.php?sid=975,https://www.coushattacasinoresort.com/slot-map.php?sid=975,Coushatta Casino Resort,2026-10-01T17:07:14.208117+00:00
976,Temple Falls Jungle Adventure Mc Md,Incredible Technologies,Video,$0.05,Medium,3.0,,https://www.coushattacasinoresort.com/slot-map.php?sid=976,https://www.coushattacasinoresort.com/slot-map.php?sid=976,Coushatta Casino Resort,2026-10-01T17:07:14.212001+00:00
977,Temple Falls Jungle Adventure Mc Md,Incredible Technologies,Video,$0.10,Medium,3.0,,https://www.coushattacasinoresort.com/slot-map.php?sid=977,https://www.coushattacasinoresort.com/slot-map.php?sid=977,Coushatta Casino Resort,2026-10-01T17:07:14.264872+00:00
595,Temple Of Fire (Md) (Pr),IGT,Video,$0.01,Medium,3.0,,https://www.coushattacasinoresort.com/slot-map.php?sid=595,https://www.coushattacasinoresort.com/slot-map.php?sid=595,Coushatta Casino Resort,2026-10-01T17:07:08.832511+00:00
596,Temple Of Fire (Md) (Pr),IGT,Video,$0.02,Medium,3.0,,https://www.coushattacasinoresort.com/slot-map.php?sid=596,https://www.coushattacasinoresort.com/slot-map.php?sid=596,Coushatta Casino Resort,2026-10-01T17:07:08.858947+00:00
597,Temple Of Fire (Md) (Pr),IGT,Video,$0.05,Medium,3.0,,https://www.coushattacasinoresort.com/slot-map.php?sid=597,https://www.coushattacasinoresort.com/slot-map.php?sid=597,Coushatta Casino Resort,2026-10-01T17:07:08.851272+00:00
1795,Temple of Fire 30 line,IGT,Video,$0.01,N/A,,,https://www.coushattacasinoresort.com/slot-map.php?sid=1795,https://www.coushattacasinoresort.com/slot-map.php?sid=1795,Coushatta Casino Resort,2026-10-01T17:07:23.956926+00:00
1796,Temple of Fire 30 line,IGT,Video,$0.02,N/A,,,https://www.coushattacasinoresort.com/slot-map.php?sid=1796,https://www.coushattacasinoresort.com/slot-map.php?sid=1796,Coushatta Casino Resort,2026-10-01T17:07:23.972816+00:00
2001,Ten Play - Bonus Poker,IGT,Poker,$0.25,N/A,,,https://www.coushattacasinoresort.com/slot-map.php?sid=2001,https://www.coushattacasinoresort.com/slot-map.php?sid=2001,Coushatta Casino Resort,2026-10-01T17:07:29.213005+00:00
2002,Ten Play - Bonus Poker,IGT,Poker,$0.50,N/A,,,https://www.coushattacasinoresort.com/slot-map.php?sid=2002,https://www.coushattacasinoresort.com/slot-map.php?sid=2002,Coushatta Casino Resort,2026-10-01T17:07:29.231485+00:00
2003,Ten Play - Bonus Poker,IGT,Poker,$1.00,N/A,,,https://www.coushattacasinoresort.com/slot-map.php?sid=2003,https://www.coushattacasinoresort.com/slot-map.php?sid=2003,Coushatta Casino Resort,2026-10-01T17:07:29.418543+00:00
1998,Ten Play - Bonus Poker Dlx,IGT,Poker,$0.25,N/A,,,https://www.coushattacasinoresort.com/slot-map.php?sid=1998,https://www.coushattacasinoresort.com/slot-map.php?sid=1998,Coushatta Casino Resort,2026-10-01T17:07:29.179643+00:00
1999,Ten Play - Bonus Poker Dlx,IGT,Poker,$0.50,N/A,,,https://www.coushattacasinoresort.com/slot-map.php?sid=1999,https://www.coushattacasinoresort.com/slot-map.php?sid=1999,Coushatta Casino Resort,2026-10-01T17:07:29.220696+00:00
2000,Ten Play - Bonus Poker Dlx,IGT,Poker,$1.00,N/A,,,https://www.coushattacasinoresort.com/slot-map.php?sid=2000,https://www.coushattacasinoresort.com/slot-map.php?sid=2000,Coushatta Casino Resort,2026-10-01T17:07:29.225737+00:00
1995,Ten Play - Deuces Bonus,IGT,Poker,$0.25,N/A,,,https://www.coushattacasinoresort.com/slot-map.php?sid=1995,https://www.coushattacasinoresort.com/slot-map.php?sid=1995,Coushatta Casino Resort,2026-10-01T17:07:29.163981+00:00
1996,Ten Play - Deuces Bonus,IGT,Poker,$0.50,N/A,,,https://www.coushattacasinoresort.com/slot-map.php?sid=1996,https://www.coushattacasinoresort.com/slot-map.php?sid=1996,Coushatta Casino Resort,2026-10-01T17:07:29.166391+00:00
1997,Ten Play - Deuces Bonus,IGT,Poker,$1.00,N/A,,,https://www.coushattacasinoresort.com/slot-map.php?sid=1997,https://www.coushattacasinoresort.com/slot-map.php?sid=1997,Coushatta Casino Resort,2026-10-01T17:07:29.176875+00:00
1992,Ten Play - Deuces Wild,IGT,Poker,$0.25,N/A,,,https://www.coushattacasinoresort.com/slot-map.php?sid=1992,https://www.coushattacasinoresort.com/slot-map.php?sid=1992,Coushatta Casino Resort,2026-10-01T17:07:28.985730+00:00
1993,Ten Play - Deuces Wild,IGT,Poker,$0.50,N/A,,,https://www.coushattacasinoresort.com/slot-map.php?sid=1993,https://www.coushattacasinoresort.com/slot-map.php?sid=1993,Coushatta Casino Resort,2026-10-01T17:07:28.982599+00:00
1994,Ten Play - Deuces Wild,IGT,Poker,$1.00,N/A,,,https://www.coushattacasinoresort.com/slot-map.php?sid=1994,https://www.coushattacasinoresort.com/slot-map.php?sid=1994,Coushatta Casino Resort,2026-10-01T17:07:28.978137+00:00
1989,Ten Play - Double Bonus Poker,IGT,Poker,$0.25,N/A,,,https://www.coushattacasinoresort.com/slot-map.php?sid=1989,https://www.coushattacasinoresort.com/slot-map.php?sid=1989,Coushatta Casino Resort,2026-10-01T17:07:28.944845+00:00
1990,Ten Play - Double Bonus Poker,IGT,Poker,$0.50,N/A,,,https://www.coushattacasinoresort.com/slot-map.php?sid=1990,https://www.coushattacasinoresort.com/slot-map.php?sid=1990,Coushatta Casino Resort,2026-10-01T17:07:28.940137+00:00
1991,Ten Play - Double Bonus Poker,IGT,Poker,$1.00,N/A,,,https://www.coushattacasinoresort.com/slot-map.php?sid=1991,https://www.coushattacasinoresort.com/slot-map.php?sid=1991,Coushatta Casino Resort,2026-10-01T17:07:29.007039+00:00
1986,Ten Play - Double Doubler Bonus Poker,IGT,Poker,$0.25,N/A,,,https://www.coushattacasinoresort.com/slot-map.php?sid=1986,https://www.coushattacasinoresort.com/slot-map.php?sid=1986,Coushatta Casino Resort,2026-10-01T17:07:28.732596+00:00
1987,Ten Play - Double Doubler Bonus Poker,IGT,Poker,$0.50,N/A,,,https://www.coushattacasinoresort.com/slot-map.php?sid=1987,https://www.coushattacasinoresort.com/slot-map.php?sid=1987,Coushatta Casino Resort,2026-10-01T17:07:28.892582+00:00
1988,Ten Play - Double Doubler Bonus Poker,IGT,Poker,$1.00,N/A,,,https://www.coushattacasinoresort.com/slot-map.php?sid=1988,https://www.coushattacasinoresort.com/slot-map.php?sid=1988,Coushatta Casino Resort,2026-10-01T17:07:28.935865+00:00
1983,Ten Play - Jacks or Better,IGT,Poker,$0.25,N/A,,,https://www.coushattacasinoresort.com/slot-map.php?sid=1983,https://www.coushattacasinoresort.com/slot-map.php?sid=1983,Coushatta Casino Resort,2026-10-01T17:07:28.738331+00:00
1984,Ten Play - Jacks or Better,IGT,Poker,$0.50,N/A,,,https://www.coushattacasinoresort.com/slot-map.php?sid=1984,https://www.coushattacasinoresort.com/slot-map.php?sid=1984,Coushatta Casino Resort,2026-10-01T17:07:28.755227+00:00
1985,Ten Play - Jacks or Better,IGT,Poker,$1.00,N/A,,,https://www.coushattacasinoresort.com/slot-map.php?sid=1985,https://www.coushattacasinoresort.com/slot-map.php?sid=1985,Coushatta Casino Resort,2026-10-01T17:07:28.736840+00:00
1980,Ten Play - Joker Poker,IGT,Poker,$0.25,N/A,,,https://www.coushattacasinoresort.com/slot-map.php?sid=1980,https://www.coushattacasinoresort.com/slot-map.php?sid=1980,Coushatta Casino Resort,2026-10-01T17:07:28.683787+00:00
1981,Ten Play - Joker Poker,IGT,Poker,$0.50,N/A,,,https://www.coushattacasinoresort.com/slot-map.php?sid=1981,https://www.coushattacasinoresort.com/slot-map.php?sid=1981,Coushatta Casino Resort,2026-10-01T17:07:28.710546+00:00
1982,Ten Play - Joker Poker,IGT,Poker,$1.00,N/A,,,https://www.coushattacasinoresort.com/slot-map.php?sid=1982,https://www.coushattacasinoresort.com/slot-map.php?sid=1982,Coushatta Casino Resort,2026-10-01T17:07:28.702029+00:00
3163,Ten Play - Ten Play Bonus Poker,IGT,Poker,$0.05,N/A,,,https://www.coushattacasinoresort.com/slot-map.php?sid=3163,https://www.coushattacasinoresort.com/slot-map.php?sid=3163,Coushatta Casino Resort,2026-10-01T17:07:58.677773+00:00
3164,Ten Play - Ten Play Bonus Poker,IGT,Poker,$0.10,N/A,,,https://www.coushattacasinoresort.com/slot-map.php?sid=3164,https://www.coushattacasinoresort.com/slot-map.php?sid=3164,Coushatta Casino Resort,2026-10-01T17:07:58.707526+00:00
3165,Ten Play - Ten Play Bonus Poker,IGT,Poker,$0.25,N/A,,,https://www.coushattacasinoresort.com/slot-map.php?sid=3165,https://www.coushattacasinoresort.com/slot-map.php?sid=3165,Coushatta Casino Resort,2026-10-01T17:07:58.715966+00:00
3160,Ten Play - Ten Play Bonus Poker Deluxe,IGT,Poker,$0.05,N/A,,,https://www.coushattacasinoresort.com/slot-map.php?sid=3160,https://www.coushattacasinoresort.com/slot-map.php?sid=3160,Coushatta Casino Resort,2026-10-01T17:07:58.596448+00:00
3161,Ten Play - Ten Play Bonus Poker Deluxe,IGT,Poker,$0.10,N/A,,,https://www.coushattacasinoresort.com/slot-map.php?sid=3161,https://www.coushattacasinoresort.com/slot-map.php?sid=3161,Coushatta Casino Resort,2026-10-01T17:07:58.608655+00:00
3162,Ten Play - Ten Play Bonus Poker Deluxe,IGT,Poker,$0.25,N/A,,,https://www.coushattacasinoresort.com/slot-map.php?sid=3162,https://www.coushattacasinoresort.com/slot-map.php?sid=3162,Coushatta Casino Resort,2026-10-01T17:07:58.663092+00:00
3157,Ten Play - Ten Play Deuces Wild,IGT,Poker,$0.05,N/A,,,https://www.coushattacasinoresort.com/slot-map.php?sid=3157,https://www.coushattacasinoresort.com/slot-map.php?sid=3157,Coushatta Casino Resort,2026-10-01T17:07:58.547462+00:00
3158,Ten Play - Ten Play Deuces Wild,IGT,Poker,$0.10,N/A,,,https://www.coushattacasinoresort.com/slot-map.php?sid=3158,https://www.coushattacasinoresort.com/slot-map.php?sid=3158,Coushatta Casino Resort,2026-10-01T17:07:58.670284+00:00
3159,Ten Play - Ten Play Deuces Wild,IGT,Poker,$0.25,N/A,,,https://www.coushattacasinoresort.com/slot-map.php?sid=3159,https://www.coushattacasinoresort.com/slot-map.php?sid=3159,Coushatta Casino Resort,2026-10-01T17:07:58.572870+00:00
3154,Ten Play - Ten Play Deuces Wild Bonus,IGT,Poker,$0.05,N/A,,,https://www.coushattacasinoresort.com/slot-map.php?sid=3154,https://www.coushattacasinoresort.com/slot-map.php?sid=3154,Coushatta Casino Resort,2026-10-01T17:07:58.557342+00:00
3155,Ten Play - Ten Play Deuces Wild Bonus,IGT,Poker,$0.10,N/A,,,https://www.coushattacasinoresort.com/slot-map.php?sid=3155,https://www.coushattacasinoresort.com/slot-map.php?sid=3155,Coushatta Casino Resort,2026-10-01T17:07:58.560576+00:00
3156,Ten Play - Ten Play Deuces Wild Bonus,IGT,Poker,$0.25,N/A,,,https://www.coushattacasinoresort.com/slot-map.php?sid=3156,https://www.coushattacasinoresort.com/slot-map.php?sid=3156,Coushatta Casino Resort,2026-10-01T17:07:58.553033+00:00
3151,Ten Play - Ten Play Double Bonus Poker,IGT,Poker,$0.05,N/A,,,https://www.coushattacasinoresort.com/slot-map.php?sid=3151,https://www.coushattacasinoresort.com/slot-map.php?sid=3151,Coushatta Casino Resort,2026-10-01T17:07:58.472430+00:00
3152,Ten Play - Ten Play Double Bonus Poker,IGT,Poker,$0.10,N/A,,,https://www.coushattacasinoresort.com/slot-map.php?sid=3152,https://www.coushattacasinoresort.com/slot-map.php?sid=3152,Coushatta Casino Resort,2026-10-01T17:07:58.493128+00:00
3153,Ten Play - Ten Play Double Bonus Poker,IGT,Poker,$0.25,N/A,,,https://www.coushattacasinoresort.com/slot-map.php?sid=3153,https://www.coushattacasinoresort.com/slot-map.php?sid=3153,Coushatta Casino Resort,2026-10-01T17:07:58.505773+00:00
3148,Ten Play - Ten Play Double Double Bonus Poker,IGT,Poker,$0.05,N/A,,,https://www.coushattacasinoresort.com/slot-map.php?sid=3148,https://www.coushattacasinoresort.com/slot-map.php?sid=3148,Coushatta Casino Resort,2026-10-01T17:07:58.423581+00:00
3149,Ten Play - Ten Play Double Double Bonus Poker,IGT,Poker,$0.10,N/A,,,https://www.coushattacasinoresort.com/slot-map.php?sid=3149,https://www.coushattacasinoresort.com/slot-map.php?sid=3149,Coushatta Casino Resort,2026-10-01T17:07:58.428291+00:00
3150,Ten Play - Ten Play Double Double Bonus Poker,IGT,Poker,$0.25,N/A,,,https://www.coushattacasinoresort.com/slot-map.php?sid=3150,https://www.coushattacasinoresort.com/slot-map.php?sid=3150,Coushatta Casino Resort,2026-10-01T17:07:58.448766+00:00
3145,Ten Play - Ten Play Double Double Bonus Poker Plus,IGT,Poker,$0.05,N/A,,,https://www.coushattacasinoresort.com/slot-map.php?sid=3145,https://www.coushattacasinoresort.com/slot-map.php?sid=3145,Coushatta Casino Resort,2026-10-01T17:07:58.405607+00:00
3146,Ten Play - Ten Play Double Double Bonus Poker Plus,IGT,Poker,$0.10,N/A,,,https://www.coushattacasinoresort.com/slot-map.php?sid=3146,https://www.coushattacasinoresort.com/slot-map.php?sid=3146,Coushatta Casino Resort,2026-10-01T17:07:58.420461+00:00
3147,Ten Play - Ten Play Double Double Bonus Poker Plus,IGT,Poker,$0.25,N/A,,,https://www.coushattacasinoresort.com/slot-map.php?sid=3147,https://www.coushattacasinoresort.com/slot-map.php?sid=3147,Coushatta Casino Resort,2026-10-01T17:07:58.433550+00:00
3142,Ten Play - Ten Play Jacks or Better,IGT,Poker,$0.05,N/A,,,https://www.coushattacasinoresort.com/slot-map.php?sid=3142,https://www.coushattacasinoresort.com/slot-map.php?sid=3142,Coushatta Casino Resort,2026-10-01T17:07:58.320583+00:00
3143,Ten Play - Ten Play Jacks or Better,IGT,Poker,$0.10,N/A,,,https://www.coushattacasinoresort.com/slot-map.php?sid=3143,https://www.coushattacasinoresort.com/slot-map.php?sid=3143,Coushatta Casino Resort,2026-10-01T17:07:58.333880+00:00
3144,Ten Play - Ten Play Jacks or Better,IGT,Poker,$0.25,N/A,,,https://www.coushattacasinoresort.com/slot-map.php?sid=3144,https://www.coushattacasinoresort.com/slot-map.php?sid=3144,Coushatta Casino Resort,2026-10-01T17:07:58.395950+00:00
3139,Ten Play - Ten Play Super Bonus Deuces Wild,IGT,Poker,$0.05,N/A,,,https://www.coushattacasinoresort.com/slot-map.php?sid=3139,https://www.coushattacasinoresort.com/slot-map.php?sid=3139,Coushatta Casino Resort,2026-10-01T17:07:58.275351+00:00
3140,Ten Play - Ten Play Super Bonus Deuces Wild,IGT,Poker,$0.10,N/A,,,https://www.coushattacasinoresort.com/slot-map.php?sid=3140,https://www.coushattacasinoresort.com/slot-map.php?sid=3140,Coushatta Casino Resort,2026-10-01T17:07:58.328649+00:00
3141,Ten Play - Ten Play Super Bonus Deuces Wild,IGT,Poker,$0.25,N/A,,,https://www.coushattacasinoresort.com/slot-map.php?sid=3141,https://www.coushattacasinoresort.com/slot-map.php?sid=3141,Coushatta Casino Resort,2026-10-01T17:07:58.305374+00:00
3136,Ten Play - Ten Play Super Double Bonus Poker,IGT,Poker,$0.05,N/A,,,https://www.coushattacasinoresort.com/slot-map.php?sid=3136,https://www.coushattacasinoresort.com/slot-map.php?sid=3136,Coushatta Casino Resort,2026-10-01T17:07:58.235225+00:00
3137,Ten Play - Ten Play Super Double Bonus Poker,IGT,Poker,$0.10,N/A,,,https://www.coushattacasinoresort.com/slot-map.php?sid=3137,https://www.coushattacasinoresort.com/slot-map.php?sid=3137,Coushatta Casino Resort,2026-10-01T17:07:58.288994+00:00
3138,Ten Play - Ten Play Super Double Bonus Poker,IGT,Poker,$0.25,N/A,,,https://www.coushattacasinoresort.com/slot-map.php?sid=3138,https://www.coushattacasinoresort.com/slot-map.php?sid=3138,Coushatta Casino Resort,2026-10-01T17:07:58.278261+00:00
3133,Ten Play - Ten Play Triple Double Bonus Poker,IGT,Poker,$0.05,N/A,,,https://www.coushattacasinoresort.com/slot-map.php?sid=3133,https://www.coushattacasinoresort.com/slot-map.php?sid=3133,Coushatta Casino Resort,2026-10-01T17:07:58.194004+00:00
3134,Ten Play - Ten Play Triple Double Bonus Poker,IGT,Poker,$0.10,N/A,,,https://www.coushattacasinoresort.com/slot-map.php?sid=3134,https://www.coushattacasinoresort.com/slot-map.php?sid=3134,Coushatta Casino Resort,2026-10-01T17:07:58.224538+00:00
3135,Ten Play - Ten Play Triple Double Bonus Poker,IGT,Poker,$0.25,N/A,,,https://www.coushattacasinoresort.com/slot-map.php?sid=3135,https://www.coushattacasinoresort.com/slot-map.php?sid=3135,Coushatta Casino Resort,2026-10-01T17:07:58.292441+00:00
1977,Ten Play - Triple Double Bonus Poker,IGT,Poker,$0.25,N/A,,,https://www.coushattacasinoresort.com/slot-map.php?sid=1977,https://www.coushattacasinoresort.com/slot-map.php?sid=1977,Coushatta Casino Resort,2026-10-01T17:07:28.503164+00:00
1978,Ten Play - Triple Double Bonus Poker,IGT,Poker,$0.50,N/A,,,https://www.coushattacasinoresort.com/slot-map.php?sid=1978,https://www.coushattacasinoresort.com/slot-map.php?sid=1978,Coushatta Casino Resort,2026-10-01T17:07:28.500670+00:00
1979,Ten Play - Triple Double Bonus Poker,IGT,Poker,$1.00,N/A,,,https://www.coushattacasinoresort.com/slot-map.php?sid=1979,https://www.coushattacasinoresort.com/slot-map.php?sid=1979,Coushatta Casino Resort,2026-10-01T17:07:28.639983+00:00
1274,Texas Tea,IGT,Video,$1.00,Medium - High,3.0,,https://www.coushattacasinoresort.com/slot-map.php?sid=1274,https://www.coushattacasinoresort.com/slot-map.php?sid=1274,Coushatta Casino Resort,2026-10-01T17:07:17.569093+00:00
1314,Texas Tea,IGT,Video,$2.00,Medium - High,3.0,,https://www.coushattacasinoresort.com/slot-map.php?sid=1314,https://www.coushattacasinoresort.com/slot-map.php?sid=1314,Coushatta Casino Resort,2026-10-01T17:07:18.165939+00:00
905,The Amazing Money Machine Gold (Pr),IGT,Video,$0.01,Medium,3.0,,https://www.coushattacasinoresort.com/slot-map.php?sid=905,https://www.coushattacasinoresort.com/slot-map.php?sid=905,Coushatta Casino Resort,2026-10-01T17:07:13.330992+00:00
906,The Amazing Money Machine Saphire P,IGT,Video,$0.01,Medium,3.0,,https://www.coushattacasinoresort.com/slot-map.php?sid=906,https://www.coushattacasinoresort.com/slot-map.php?sid=906,Coushatta Casino Resort,2026-10-01T17:07:13.328382+00:00
229,The Enforcer (Prog),Ainsworth,Video,$0.01,High,4.0,,https://www.coushattacasinoresort.com/slot-map.php?sid=229,https://www.coushattacasinoresort.com/slot-map.php?sid=229,Coushatta Casino Resort,2026-10-01T17:07:04.592653+00:00
251,The Nighthawk (Prog),Ainsworth,Video,$0.01,High,4.0,,https://www.coushattacasinoresort.com/slot-map.php?sid=251,https://www.coushattacasinoresort.com/slot-map.php?sid=251,Coushatta Casino Resort,2026-10-01T17:07:04.876044+00:00
408,The Phantom Link Mc Md Prog,Aristocrat,Video,$0.01,High,4.0,,https://www.coushattacasinoresort.com/slot-map.php?sid=408,https://www.coushattacasinoresort.com/slot-map.php?sid=408,Coushatta Casino Resort,2026-10-01T17:07:06.305376+00:00
631,Three Kings,IGT,Video,$0.01,Medium,3.0,,https://www.coushattacasinoresort.com/slot-map.php?sid=631,https://www.coushattacasinoresort.com/slot-map.php?sid=631,Coushatta Casino Resort,2026-10-01T17:07:09.382658+00:00
505,Three Times Pay,IGT,Reel,$0.01,Low,2.0,,https://www.coushattacasinoresort.com/slot-map.php?sid=505,https://www.coushattacasinoresort.com/slot-map.php?sid=505,Coushatta Casino Resort,2026-10-01T17:07:07.793618+00:00
769,Thunder Drums:Leaping Lions Md Pr,Light & Wonder,Video,$0.01,Medium,3.0,,https://www.coushattacasinoresort.com/slot-map.php?sid=769,https://www.coushattacasinoresort.com/slot-map.php?sid=769,Coushatta Casino Resort,2026-10-01T17:07:11.380102+00:00
768,Thunder Drums:Mayan Mask Md Pr,Light & Wonder,Video,$0.01,Medium,3.0,,https://www.coushattacasinoresort.com/slot-map.php?sid=768,https://www.coushattacasinoresort.com/slot-map.php?sid=768,Coushatta Casino Resort,2026-10-01T17:07:11.371176+00:00
1188,Tiger Treasure Mc Md Prog,AGS,Video,$0.01,Medium,3.0,,https://www.coushattacasinoresort.com/slot-map.php?sid=1188,https://www.coushattacasinoresort.com/slot-map.php?sid=1188,Coushatta Casino Resort,2026-10-01T17:07:16.680795+00:00
1339,Tigers And Dragons Super Bonus (Pr),IGT,Video,$0.01,Medium - High,3.0,,https://www.coushattacasinoresort.com/slot-map.php?sid=1339,https://www.coushattacasinoresort.com/slot-map.php?sid=1339,Coushatta Casino Resort,2026-10-01T17:07:18.646853+00:00
1340,Tigers And Dragons Super Gong (Pr),IGT,Video,$0.01,Medium - High,3.0,,https://www.coushattacasinoresort.com/slot-map.php?sid=1340,https://www.coushattacasinoresort.com/slot-map.php?sid=1340,Coushatta Casino Resort,2026-10-01T17:07:18.543602+00:00
1039,Tiki Inferno Jungle Mc Md (Pr),AGS,VIdeo,$0.01,Medium,3.0,,https://www.coushattacasinoresort.com/slot-map.php?sid=1039,https://www.coushattacasinoresort.com/slot-map.php?sid=1039,Coushatta Casino Resort,2026-10-01T17:07:15.064418+00:00
802,Timber Wolf,Aristocrat,Video,$0.01,Medium,3.0,,https://www.coushattacasinoresort.com/slot-map.php?sid=802,https://www.coushattacasinoresort.com/slot-map.php?sid=802,Coushatta Casino Resort,2026-10-01T17:07:11.862159+00:00
1306,Timber Wolf Triple Power (Md) (Pr),Aristocrat,Video,$0.01,Medium - High,3.0,,https://www.coushattacasinoresort.com/slot-map.php?sid=1306,https://www.coushattacasinoresort.com/slot-map.php?sid=1306,Coushatta Casino Resort,2026-10-01T17:07:18.039324+00:00
307,Top Dollar (Md),IGT,Reel,$0.25,High,4.0,,https://www.coushattacasinoresort.com/slot-map.php?sid=307,https://www.coushattacasinoresort.com/slot-map.php?sid=307,Coushatta Casino Resort,2026-10-01T17:07:05.347195+00:00
308,Top Dollar (Md),IGT,Reel,$0.50,High,4.0,,https://www.coushattacasinoresort.com/slot-map.php?sid=308,https://www.coushattacasinoresort.com/slot-map.php?sid=308,Coushatta Casino Resort,2026-10-01T17:07:05.370149+00:00
309,Top Dollar (Md),IGT,Reel,$1.00,High,4.0,,https://www.coushattacasinoresort.com/slot-map.php?sid=309,https://www.coushattacasinoresort.com/slot-map.php?sid=309,Coushatta Casino Resort,2026-10-01T17:07:05.374393+00:00
310,Top Dollar (Md),IGT,Reel,$2.00,High,4.0,,https://www.coushattacasinoresort.com/slot-map.php?sid=310,https://www.coushattacasinoresort.com/slot-map.php?sid=310,Coushatta Casino Resort,2026-10-01T17:07:05.382334+00:00
311,Top Dollar Sizzling 7 (Md),IGT,Reel,$0.25,High,4.0,,https://www.coushattacasinoresort.com/slot-map.php?sid=311,https://www.coushattacasinoresort.com/slot-map.php?sid=311,Coushatta Casino Resort,2026-10-01T17:07:05.385019+00:00
312,Top Dollar Sizzling 7 (Md),IGT,Reel,$0.50,High,4.0,,https://www.coushattacasinoresort.com/slot-map.php?sid=312,https://www.coushattacasinoresort.com/slot-map.php?sid=312,Coushatta Casino Resort,2026-10-01T17:07:05.378316+00:00
313,Top Dollar Sizzling 7 (Md),IGT,Reel,$1.00,High,4.0,,https://www.coushattacasinoresort.com/slot-map.php?sid=313,https://www.coushattacasinoresort.com/slot-map.php?sid=313,Coushatta Casino Resort,2026-10-01T17:07:05.400147+00:00
314,Top Dollar Sizzling 7 (Md),IGT,Reel,$2.00,High,4.0,,https://www.coushattacasinoresort.com/slot-map.php?sid=314,https://www.coushattacasinoresort.com/slot-map.php?sid=314,Coushatta Casino Resort,2026-10-01T17:07:05.430761+00:00
1490,Top Dollar: Triple Diamond,IGT,Reel,$5.00,Medium - Low,2.0,,https://www.coushattacasinoresort.com/slot-map.php?sid=1490,https://www.coushattacasinoresort.com/slot-map.php?sid=1490,Coushatta Casino Resort,2026-10-01T17:07:20.480185+00:00
1067,Top Stop (Mc) (Md) (Prog),IGT,Reel,$10.00,Medium,3.0,,https://www.coushattacasinoresort.com/slot-map.php?sid=1067,https://www.coushattacasinoresort.com/slot-map.php?sid=1067,Coushatta Casino Resort,2026-10-01T17:07:15.317073+00:00
1068,Top Stop (Mc) (Md) (Prog),IGT,Reel,$25.00,Medium,3.0,,https://www.coushattacasinoresort.com/slot-map.php?sid=1068,https://www.coushattacasinoresort.com/slot-map.php?sid=1068,Coushatta Casino Resort,2026-10-01T17:07:15.321606+00:00
1069,Top Stop (Mc) (Md) (Prog),IGT,Reel,$50.00,Medium,3.0,,https://www.coushattacasinoresort.com/slot-map.php?sid=1069,https://www.coushattacasinoresort.com/slot-map.php?sid=1069,Coushatta Casino Resort,2026-10-01T17:07:15.337455+00:00
301,Total Meltdown (Md),Everi,Reel,$0.25,High,4.0,,https://www.coushattacasinoresort.com/slot-map.php?sid=301,https://www.coushattacasinoresort.com/slot-map.php?sid=301,Coushatta Casino Resort,2026-10-01T17:07:05.241720+00:00
302,Total Meltdown (Md),Everi,Reel,$0.50,High,4.0,,https://www.coushattacasinoresort.com/slot-map.php?sid=302,https://www.coushattacasinoresort.com/slot-map.php?sid=302,Coushatta Casino Resort,2026-10-01T17:07:05.240084+00:00
303,Total Meltdown (Md),Everi,Reel,$1.00,High,4.0,,https://www.coushattacasinoresort.com/slot-map.php?sid=303,https://www.coushattacasinoresort.com/slot-map.php?sid=303,Coushatta Casino Resort,2026-10-01T17:07:05.267194+00:00
304,Total Meltdown (Md),Everi,Reel,$2.00,High,4.0,,https://www.coushattacasinoresort.com/slot-map.php?sid=304,https://www.coushattacasinoresort.com/slot-map.php?sid=304,Coushatta Casino Resort,2026-10-01T17:07:05.246471+00:00
1858,Totaly Puzzled (Md),IGT,Video,$0.01,N/A,,,https://www.coushattacasinoresort.com/slot-map.php?sid=1858,https://www.coushattacasinoresort.com/slot-map.php?sid=1858,Coushatta Casino Resort,2026-10-01T17:07:24.950569+00:00
1859,Totaly Puzzled (Md),IGT,Video,$0.02,N/A,,,https://www.coushattacasinoresort.com/slot-map.php?sid=1859,https://www.coushattacasinoresort.com/slot-map.php?sid=1859,Coushatta Casino Resort,2026-10-01T17:07:24.996038+00:00
1860,Totaly Puzzled (Md),IGT,Video,$0.05,N/A,,,https://www.coushattacasinoresort.com/slot-map.php?sid=1860,https://www.coushattacasinoresort.com/slot-map.php?sid=1860,Coushatta Casino Resort,2026-10-01T17:07:24.993887+00:00
924,Treasure Ball: Selexion G (6T)(P),Konami,Video,$0.01,Medium,3.0,,https://www.coushattacasinoresort.com/slot-map.php?sid=924,https://www.coushattacasinoresort.com/slot-map.php?sid=924,Coushatta Casino Resort,2026-10-01T17:07:13.605957+00:00
1652,Treasure Burst Lamp Of Luxury Mc Md,Incredible Technologies,Video,$0.01,Medium - Low,2.0,,https://www.coushattacasinoresort.com/slot-map.php?sid=1652,https://www.coushattacasinoresort.com/slot-map.php?sid=1652,Coushatta Casino Resort,2026-10-01T17:07:21.892904+00:00
800,Treasure Dragon (Prog),IGT,Video,$0.01,Medium,3.0,,https://www.coushattacasinoresort.com/slot-map.php?sid=800,https://www.coushattacasinoresort.com/slot-map.php?sid=800,Coushatta Casino Resort,2026-10-01T17:07:11.814856+00:00
801,Treasure Tiger (Prog),IGT,Video,$0.01,Medium,3.0,,https://www.coushattacasinoresort.com/slot-map.php?sid=801,https://www.coushattacasinoresort.com/slot-map.php?sid=801,Coushatta Casino Resort,2026-10-01T17:07:11.841286+00:00
582,Treasure Voyage,Konami,Video,$0.01,Medium,3.0,,https://www.coushattacasinoresort.com/slot-map.php?sid=582,https://www.coushattacasinoresort.com/slot-map.php?sid=582,Coushatta Casino Resort,2026-10-01T17:07:08.626478+00:00
772,Triple Blast From Planet Moolah Pr,Light & Wonder,Video,$0.01,Medium,3.0,,https://www.coushattacasinoresort.com/slot-map.php?sid=772,https://www.coushattacasinoresort.com/slot-map.php?sid=772,Coushatta Casino Resort,2026-10-01T17:07:11.417807+00:00
773,Triple Blast From Planet Moolah Pr,Light & Wonder,Video,$0.02,Medium,3.0,,https://www.coushattacasinoresort.com/slot-map.php?sid=773,https://www.coushattacasinoresort.com/slot-map.php?sid=773,Coushatta Casino Resort,2026-10-01T17:07:11.393436+00:00
774,Triple Blast From Planet Moolah Pr,Light & Wonder,Video,$0.05,Medium,3.0,,https://www.coushattacasinoresort.com/slot-map.php?sid=774,https://www.coushattacasinoresort.com/slot-map.php?sid=774,Coushatta Casino Resort,2026-10-01T17:07:11.422500+00:00
775,Triple Blast From Planet Moolah Pr,Light & Wonder,Video,$0.10,Medium,3.0,,https://www.coushattacasinoresort.com/slot-map.php?sid=775,https://www.coushattacasinoresort.com/slot-map.php?sid=775,Coushatta Casino Resort,2026-10-01T17:07:11.435694+00:00
776,Triple Blast From Planet Moolah Pr,Light & Wonder,Video,$1.00,Medium,3.0,,https://www.coushattacasinoresort.com/slot-map.php?sid=776,https://www.coushattacasinoresort.com/slot-map.php?sid=776,Coushatta Casino Resort,2026-10-01T17:07:11.445884+00:00
777,Triple Blast From Planet Moolah Pr,Light & Wonder,Video,$2.00,Medium,3.0,,https://www.coushattacasinoresort.com/slot-map.php?sid=777,https://www.coushattacasinoresort.com/slot-map.php?sid=777,Coushatta Casino Resort,2026-10-01T17:07:11.522850+00:00
1725,Triple Bonus Poker Plus,IGT Poker,Poker,$0.25,N/A,,,https://www.coushattacasinoresort.com/slot-map.php?sid=1725,https://www.coushattacasinoresort.com/slot-map.php?sid=1725,Coushatta Casino Resort,2026-10-01T17:07:22.947212+00:00
1305,Triple Cash (Md),IGT,Reel,$0.25,Medium - High,3.0,,https://www.coushattacasinoresort.com/slot-map.php?sid=1305,https://www.coushattacasinoresort.com/slot-map.php?sid=1305,Coushatta Casino Resort,2026-10-01T17:07:18.046887+00:00
1,Triple Diamond,IGT,Reel,$5.00,High,4.0,,https://www.coushattacasinoresort.com/slot-map.php?sid=1,https://www.coushattacasinoresort.com/slot-map.php?sid=1,Coushatta Casino Resort,2026-10-01T17:07:01.055703+00:00
95,Triple Diamond,IGT,Reel,$0.01,High,4.0,,https://www.coushattacasinoresort.com/slot-map.php?sid=95,https://www.coushattacasinoresort.com/slot-map.php?sid=95,Coushatta Casino Resort,2026-10-01T17:07:02.892228+00:00
112,Triple Diamond,IGT,Reel,$100.00,High,4.0,,https://www.coushattacasinoresort.com/slot-map.php?sid=112,https://www.coushattacasinoresort.com/slot-map.php?sid=112,Coushatta Casino Resort,2026-10-01T17:07:02.993316+00:00
205,Triple Diamond (Md),IGT,Reel,$1.00,High,4.0,,https://www.coushattacasinoresort.com/slot-map.php?sid=205,https://www.coushattacasinoresort.com/slot-map.php?sid=205,Coushatta Casino Resort,2026-10-01T17:07:04.244577+00:00
192,Triple Diamond Deluxe,IGT,Reel,$1.00,High,4.0,,https://www.coushattacasinoresort.com/slot-map.php?sid=192,https://www.coushattacasinoresort.com/slot-map.php?sid=192,Coushatta Casino Resort,2026-10-01T17:07:04.121609+00:00
206,Triple Diamond Strike,IGT,Reel,$1.00,High,4.0,,https://www.coushattacasinoresort.com/slot-map.php?sid=206,https://www.coushattacasinoresort.com/slot-map.php?sid=206,Coushatta Casino Resort,2026-10-01T17:07:04.355448+00:00
846,Triple Diamond Top Dollar,IGT,Reel,$5.00,Medium,3.0,,https://www.coushattacasinoresort.com/slot-map.php?sid=846,https://www.coushattacasinoresort.com/slot-map.php?sid=846,Coushatta Casino Resort,2026-10-01T17:07:12.582634+00:00
849,Triple Diamond Top Dollar (Md),IGT,Reel,$5.00,Medium,3.0,,https://www.coushattacasinoresort.com/slot-map.php?sid=849,https://www.coushattacasinoresort.com/slot-map.php?sid=849,Coushatta Casino Resort,2026-10-01T17:07:12.524851+00:00
850,Triple Diamond Top Dollar (Md),IGT,Reel,$10.00,Medium,3.0,,https://www.coushattacasinoresort.com/slot-map.php?sid=850,https://www.coushattacasinoresort.com/slot-map.php?sid=850,Coushatta Casino Resort,2026-10-01T17:07:12.539522+00:00
851,Triple Diamond Top Dollar (Md),IGT,Reel,$25.00,Medium,3.0,,https://www.coushattacasinoresort.com/slot-map.php?sid=851,https://www.coushattacasinoresort.com/slot-map.php?sid=851,Coushatta Casino Resort,2026-10-01T17:07:12.531401+00:00
852,Triple Diamond Top Dollar (Md),IGT,Reel,$50.00,Medium,3.0,,https://www.coushattacasinoresort.com/slot-map.php?sid=852,https://www.coushattacasinoresort.com/slot-map.php?sid=852,Coushatta Casino Resort,2026-10-01T17:07:12.576286+00:00
1120,Triple Diamond Top Dollar (Md),IGT,Reel,$0.25,Medium,3.0,,https://www.coushattacasinoresort.com/slot-map.php?sid=1120,https://www.coushattacasinoresort.com/slot-map.php?sid=1120,Coushatta Casino Resort,2026-10-01T17:07:15.752575+00:00
1121,Triple Diamond Top Dollar (Md),IGT,Reel,$0.50,Medium,3.0,,https://www.coushattacasinoresort.com/slot-map.php?sid=1121,https://www.coushattacasinoresort.com/slot-map.php?sid=1121,Coushatta Casino Resort,2026-10-01T17:07:15.748716+00:00
3199,Triple Double Bonus,IGT Poker,Poker,$0.10,N/A,,,https://www.coushattacasinoresort.com/slot-map.php?sid=3199,https://www.coushattacasinoresort.com/slot-map.php?sid=3199,Coushatta Casino Resort,2026-10-01T17:07:59.184468+00:00
3200,Triple Double Bonus,IGT Poker,Poker,$0.25,N/A,,,https://www.coushattacasinoresort.com/slot-map.php?sid=3200,https://www.coushattacasinoresort.com/slot-map.php?sid=3200,Coushatta Casino Resort,2026-10-01T17:07:59.235278+00:00
3201,Triple Double Bonus,IGT Poker,Poker,$0.50,N/A,,,https://www.coushattacasinoresort.com/slot-map.php?sid=3201,https://www.coushattacasinoresort.com/slot-map.php?sid=3201,Coushatta Casino Resort,2026-10-01T17:07:59.228852+00:00
3202,Triple Double Bonus,IGT Poker,Poker,$1.00,N/A,,,https://www.coushattacasinoresort.com/slot-map.php?sid=3202,https://www.coushattacasinoresort.com/slot-map.php?sid=3202,Coushatta Casino Resort,2026-10-01T17:07:59.254791+00:00
2395,Triple Double Bonus Poker,IGT,Poker,$0.25,N/A,,,https://www.coushattacasinoresort.com/slot-map.php?sid=2395,https://www.coushattacasinoresort.com/slot-map.php?sid=2395,Coushatta Casino Resort,2026-10-01T17:07:41.263543+00:00
2396,Triple Double Bonus Poker,IGT,Poker,$0.50,N/A,,,https://www.coushattacasinoresort.com/slot-map.php?sid=2396,https://www.coushattacasinoresort.com/slot-map.php?sid=2396,Coushatta Casino Resort,2026-10-01T17:07:41.160796+00:00
2397,Triple Double Bonus Poker,IGT,Poker,$1.00,N/A,,,https://www.coushattacasinoresort.com/slot-map.php?sid=2397,https://www.coushattacasinoresort.com/slot-map.php?sid=2397,Coushatta Casino Resort,2026-10-01T17:07:41.203946+00:00
2398,Triple Double Bonus Poker,IGT,Poker,$2.00,N/A,,,https://www.coushattacasinoresort.com/slot-map.php?sid=2398,https://www.coushattacasinoresort.com/slot-map.php?sid=2398,Coushatta Casino Resort,2026-10-01T17:07:41.328551+00:00
2459,Triple Double Bonus Poker,IGT,Poker,$5.00,N/A,,,https://www.coushattacasinoresort.com/slot-map.php?sid=2459,https://www.coushattacasinoresort.com/slot-map.php?sid=2459,Coushatta Casino Resort,2026-10-01T17:07:43.142323+00:00
2460,Triple Double Bonus Poker,IGT,Poker,$10.00,N/A,,,https://www.coushattacasinoresort.com/slot-map.php?sid=2460,https://www.coushattacasinoresort.com/slot-map.php?sid=2460,Coushatta Casino Resort,2026-10-01T17:07:43.156688+00:00
2461,Triple Double Bonus Poker,IGT,Poker,$25.00,N/A,,,https://www.coushattacasinoresort.com/slot-map.php?sid=2461,https://www.coushattacasinoresort.com/slot-map.php?sid=2461,Coushatta Casino Resort,2026-10-01T17:07:43.330982+00:00
3941,Triple Double Bonus Poker,IGT Poker,Poker,$0.10,N/A,,,https://www.coushattacasinoresort.com/slot-map.php?sid=3941,https://www.coushattacasinoresort.com/slot-map.php?sid=3941,Coushatta Casino Resort,2026-10-01T17:08:00.785456+00:00
3942,Triple Double Bonus Poker,IGT Poker,Poker,$0.25,N/A,,,https://www.coushattacasinoresort.com/slot-map.php?sid=3942,https://www.coushattacasinoresort.com/slot-map.php?sid=3942,Coushatta Casino Resort,2026-10-01T17:08:00.792247+00:00
3943,Triple Double Bonus Poker,IGT Poker,Poker,$0.50,N/A,,,https://www.coushattacasinoresort.com/slot-map.php?sid=3943,https://www.coushattacasinoresort.com/slot-map.php?sid=3943,Coushatta Casino Resort,2026-10-01T17:08:00.788458+00:00
3944,Triple Double Bonus Poker,IGT Poker,Poker,$1.00,N/A,,,https://www.coushattacasinoresort.com/slot-map.php?sid=3944,https://www.coushattacasinoresort.com/slot-map.php?sid=3944,Coushatta Casino Resort,2026-10-01T17:08:00.817445+00:00
1152,Triple Double Butterfly Sevens (Md),IGT,Reel,$0.25,Medium,3.0,,https://www.coushattacasinoresort.com/slot-map.php?sid=1152,https://www.coushattacasinoresort.com/slot-map.php?sid=1152,Coushatta Casino Resort,2026-10-01T17:07:16.100320+00:00
1153,Triple Double Butterfly Sevens (Md),IGT,Reel,$0.50,Medium,3.0,,https://www.coushattacasinoresort.com/slot-map.php?sid=1153,https://www.coushattacasinoresort.com/slot-map.php?sid=1153,Coushatta Casino Resort,2026-10-01T17:07:16.109555+00:00
1154,Triple Double Butterfly Sevens (Md),IGT,Reel,$1.00,Medium,3.0,,https://www.coushattacasinoresort.com/slot-map.php?sid=1154,https://www.coushattacasinoresort.com/slot-map.php?sid=1154,Coushatta Casino Resort,2026-10-01T17:07:16.148281+00:00
1155,Triple Double Butterfly Sevens (Md),IGT,Reel,$2.00,Medium,3.0,,https://www.coushattacasinoresort.com/slot-map.php?sid=1155,https://www.coushattacasinoresort.com/slot-map.php?sid=1155,Coushatta Casino Resort,2026-10-01T17:07:16.139002+00:00
1270,Triple Double Diamond,IGT,Reel,$1.00,Medium - High,3.0,,https://www.coushattacasinoresort.com/slot-map.php?sid=1270,https://www.coushattacasinoresort.com/slot-map.php?sid=1270,Coushatta Casino Resort,2026-10-01T17:07:17.543025+00:00
623,Triple Double Diamond Free Games,IGT,Video,$0.01,Medium,3.0,,https://www.coushattacasinoresort.com/slot-map.php?sid=623,https://www.coushattacasinoresort.com/slot-map.php?sid=623,Coushatta Casino Resort,2026-10-01T17:07:09.273112+00:00
624,Triple Double Diamond Free Games,IGT,Video,$0.02,Medium,3.0,,https://www.coushattacasinoresort.com/slot-map.php?sid=624,https://www.coushattacasinoresort.com/slot-map.php?sid=624,Coushatta Casino Resort,2026-10-01T17:07:09.271493+00:00
914,Triple Double Diamond Haywire (Md),IGT,Reel,$1.00,Medium,3.0,,https://www.coushattacasinoresort.com/slot-map.php?sid=914,https://www.coushattacasinoresort.com/slot-map.php?sid=914,Coushatta Casino Resort,2026-10-01T17:07:13.413330+00:00
561,Triple Double Gem (Md) (Prog),Everi,Reel,$1.00,Low,2.0,,https://www.coushattacasinoresort.com/slot-map.php?sid=561,https://www.coushattacasinoresort.com/slot-map.php?sid=561,Coushatta Casino Resort,2026-10-01T17:07:08.373923+00:00
504,Triple Double Hot Peppers,IGT,Reel,$0.01,Low,2.0,,https://www.coushattacasinoresort.com/slot-map.php?sid=504,https://www.coushattacasinoresort.com/slot-map.php?sid=504,Coushatta Casino Resort,2026-10-01T17:07:07.912748+00:00
590,Triple Double Lucky Sevens,IGT,Reel,$1.00,Medium,3.0,,https://www.coushattacasinoresort.com/slot-map.php?sid=590,https://www.coushattacasinoresort.com/slot-map.php?sid=590,Coushatta Casino Resort,2026-10-01T17:07:08.740361+00:00
562,Triple Double Patriot (Md) (Prog),Everi,Reel,$1.00,Low,2.0,,https://www.coushattacasinoresort.com/slot-map.php?sid=562,https://www.coushattacasinoresort.com/slot-map.php?sid=562,Coushatta Casino Resort,2026-10-01T17:07:08.408874+00:00
223,Triple Double Red White & Blue,IGT,Reel,$1.00,High,4.0,,https://www.coushattacasinoresort.com/slot-map.php?sid=223,https://www.coushattacasinoresort.com/slot-map.php?sid=223,Coushatta Casino Resort,2026-10-01T17:07:04.528155+00:00
891,Triple Double Stars (Md),IGT,Reel,$1.00,Medium,3.0,,https://www.coushattacasinoresort.com/slot-map.php?sid=891,https://www.coushattacasinoresort.com/slot-map.php?sid=891,Coushatta Casino Resort,2026-10-01T17:07:13.121579+00:00
581,Triple Double Wild Cherry,IGT,Reel,$5.00,Medium,3.0,,https://www.coushattacasinoresort.com/slot-map.php?sid=581,https://www.coushattacasinoresort.com/slot-map.php?sid=581,Coushatta Casino Resort,2026-10-01T17:07:08.619852+00:00
1215,Triple Gold,IGT,Reel,$0.01,Medium,3.0,,https://www.coushattacasinoresort.com/slot-map.php?sid=1215,https://www.coushattacasinoresort.com/slot-map.php?sid=1215,Coushatta Casino Resort,2026-10-01T17:07:16.825979+00:00
428,Triple Gold (Md),IGT,Reel,$0.25,High,4.0,,https://www.coushattacasinoresort.com/slot-map.php?sid=428,https://www.coushattacasinoresort.com/slot-map.php?sid=428,Coushatta Casino Resort,2026-10-01T17:07:06.718228+00:00
118,Triple Hot Ice,IGT,Reel,$1.00,High,4.0,,https://www.coushattacasinoresort.com/slot-map.php?sid=118,https://www.coushattacasinoresort.com/slot-map.php?sid=118,Coushatta Casino Resort,2026-10-01T17:07:03.253795+00:00
1156,Triple Hot Ice (Md),IGT,Reel,$0.25,Medium,3.0,,https://www.coushattacasinoresort.com/slot-map.php?sid=1156,https://www.coushattacasinoresort.com/slot-map.php?sid=1156,Coushatta Casino Resort,2026-10-01T17:07:16.188791+00:00
1157,Triple Hot Ice (Md),IGT,Reel,$0.50,Medium,3.0,,https://www.coushattacasinoresort.com/slot-map.php?sid=1157,https://www.coushattacasinoresort.com/slot-map.php?sid=1157,Coushatta Casino Resort,2026-10-01T17:07:16.194525+00:00
1158,Triple Hot Ice (Md),IGT,Reel,$1.00,Medium,3.0,,https://www.coushattacasinoresort.com/slot-map.php?sid=1158,https://www.coushattacasinoresort.com/slot-map.php?sid=1158,Coushatta Casino Resort,2026-10-01T17:07:16.198769+00:00
1159,Triple Hot Ice (Md),IGT,Reel,$2.00,Medium,3.0,,https://www.coushattacasinoresort.com/slot-map.php?sid=1159,https://www.coushattacasinoresort.com/slot-map.php?sid=1159,Coushatta Casino Resort,2026-10-01T17:07:16.238988+00:00
729,Triple Jackpot Gems (Prog),Everi,Reel,$1.00,Medium,3.0,,https://www.coushattacasinoresort.com/slot-map.php?sid=729,https://www.coushattacasinoresort.com/slot-map.php?sid=729,Coushatta Casino Resort,2026-10-01T17:07:10.759604+00:00
939,Triple Jackpot Gems (Progressive),Everi,Reel,$1.00,Medium,3.0,,https://www.coushattacasinoresort.com/slot-map.php?sid=939,https://www.coushattacasinoresort.com/slot-map.php?sid=939,Coushatta Casino Resort,2026-10-01T17:07:13.772141+00:00
1131,Triple Jackpot Gems (Progressive),Everi,Reel,$0.25,Medium,3.0,,https://www.coushattacasinoresort.com/slot-map.php?sid=1131,https://www.coushattacasinoresort.com/slot-map.php?sid=1131,Coushatta Casino Resort,2026-10-01T17:07:15.817855+00:00
899,Triple Jackpot Gems Deluxe (Prog),Everi,Reel,$1.00,Medium,3.0,,https://www.coushattacasinoresort.com/slot-map.php?sid=899,https://www.coushattacasinoresort.com/slot-map.php?sid=899,Coushatta Casino Resort,2026-10-01T17:07:13.281377+00:00
1974,Triple Play - Bonus Poker,IGT,Poker,$0.25,N/A,,,https://www.coushattacasinoresort.com/slot-map.php?sid=1974,https://www.coushattacasinoresort.com/slot-map.php?sid=1974,Coushatta Casino Resort,2026-10-01T17:07:28.495284+00:00
1975,Triple Play - Bonus Poker,IGT,Poker,$0.50,N/A,,,https://www.coushattacasinoresort.com/slot-map.php?sid=1975,https://www.coushattacasinoresort.com/slot-map.php?sid=1975,Coushatta Casino Resort,2026-10-01T17:07:28.479453+00:00
1976,Triple Play - Bonus Poker,IGT,Poker,$1.00,N/A,,,https://www.coushattacasinoresort.com/slot-map.php?sid=1976,https://www.coushattacasinoresort.com/slot-map.php?sid=1976,Coushatta Casino Resort,2026-10-01T17:07:28.470830+00:00
1971,Triple Play - Bonus Poker Dlx,IGT,Poker,$0.25,N/A,,,https://www.coushattacasinoresort.com/slot-map.php?sid=1971,https://www.coushattacasinoresort.com/slot-map.php?sid=1971,Coushatta Casino Resort,2026-10-01T17:07:28.428397+00:00
1972,Triple Play - Bonus Poker Dlx,IGT,Poker,$0.50,N/A,,,https://www.coushattacasinoresort.com/slot-map.php?sid=1972,https://www.coushattacasinoresort.com/slot-map.php?sid=1972,Coushatta Casino Resort,2026-10-01T17:07:28.462014+00:00
1973,Triple Play - Bonus Poker Dlx,IGT,Poker,$1.00,N/A,,,https://www.coushattacasinoresort.com/slot-map.php?sid=1973,https://www.coushattacasinoresort.com/slot-map.php?sid=1973,Coushatta Casino Resort,2026-10-01T17:07:28.491592+00:00
1968,Triple Play - Deuces Bonus,IGT,Poker,$0.25,N/A,,,https://www.coushattacasinoresort.com/slot-map.php?sid=1968,https://www.coushattacasinoresort.com/slot-map.php?sid=1968,Coushatta Casino Resort,2026-10-01T17:07:28.246463+00:00
1969,Triple Play - Deuces Bonus,IGT,Poker,$0.50,N/A,,,https://www.coushattacasinoresort.com/slot-map.php?sid=1969,https://www.coushattacasinoresort.com/slot-map.php?sid=1969,Coushatta Casino Resort,2026-10-01T17:07:28.278812+00:00
1970,Triple Play - Deuces Bonus,IGT,Poker,$1.00,N/A,,,https://www.coushattacasinoresort.com/slot-map.php?sid=1970,https://www.coushattacasinoresort.com/slot-map.php?sid=1970,Coushatta Casino Resort,2026-10-01T17:07:28.286867+00:00
1965,Triple Play - Deuces Wild,IGT,Poker,$0.25,N/A,,,https://www.coushattacasinoresort.com/slot-map.php?sid=1965,https://www.coushattacasinoresort.com/slot-map.php?sid=1965,Coushatta Casino Resort,2026-10-01T17:07:28.156240+00:00
1966,Triple Play - Deuces Wild,IGT,Poker,$0.50,N/A,,,https://www.coushattacasinoresort.com/slot-map.php?sid=1966,https://www.coushattacasinoresort.com/slot-map.php?sid=1966,Coushatta Casino Resort,2026-10-01T17:07:28.145070+00:00
1967,Triple Play - Deuces Wild,IGT,Poker,$1.00,N/A,,,https://www.coushattacasinoresort.com/slot-map.php?sid=1967,https://www.coushattacasinoresort.com/slot-map.php?sid=1967,Coushatta Casino Resort,2026-10-01T17:07:28.149209+00:00
1962,Triple Play - Double Bonus Poker,IGT,Poker,$0.25,N/A,,,https://www.coushattacasinoresort.com/slot-map.php?sid=1962,https://www.coushattacasinoresort.com/slot-map.php?sid=1962,Coushatta Casino Resort,2026-10-01T17:07:28.031438+00:00
1963,Triple Play - Double Bonus Poker,IGT,Poker,$0.50,N/A,,,https://www.coushattacasinoresort.com/slot-map.php?sid=1963,https://www.coushattacasinoresort.com/slot-map.php?sid=1963,Coushatta Casino Resort,2026-10-01T17:07:28.152568+00:00
1964,Triple Play - Double Bonus Poker,IGT,Poker,$1.00,N/A,,,https://www.coushattacasinoresort.com/slot-map.php?sid=1964,https://www.coushattacasinoresort.com/slot-map.php?sid=1964,Coushatta Casino Resort,2026-10-01T17:07:28.250144+00:00
1959,Triple Play - Double Double Bonus Poker,IGT,Poker,$0.25,N/A,,,https://www.coushattacasinoresort.com/slot-map.php?sid=1959,https://www.coushattacasinoresort.com/slot-map.php?sid=1959,Coushatta Casino Resort,2026-10-01T17:07:27.938322+00:00
1960,Triple Play - Double Double Bonus Poker,IGT,Poker,$0.50,N/A,,,https://www.coushattacasinoresort.com/slot-map.php?sid=1960,https://www.coushattacasinoresort.com/slot-map.php?sid=1960,Coushatta Casino Resort,2026-10-01T17:07:27.950376+00:00
1961,Triple Play - Double Double Bonus Poker,IGT,Poker,$1.00,N/A,,,https://www.coushattacasinoresort.com/slot-map.php?sid=1961,https://www.coushattacasinoresort.com/slot-map.php?sid=1961,Coushatta Casino Resort,2026-10-01T17:07:28.041893+00:00
1956,Triple Play - Jacks or Better,IGT,Poker,$0.25,N/A,,,https://www.coushattacasinoresort.com/slot-map.php?sid=1956,https://www.coushattacasinoresort.com/slot-map.php?sid=1956,Coushatta Casino Resort,2026-10-01T17:07:27.912047+00:00
1957,Triple Play - Jacks or Better,IGT,Poker,$0.50,N/A,,,https://www.coushattacasinoresort.com/slot-map.php?sid=1957,https://www.coushattacasinoresort.com/slot-map.php?sid=1957,Coushatta Casino Resort,2026-10-01T17:07:28.071049+00:00
1958,Triple Play - Jacks or Better,IGT,Poker,$1.00,N/A,,,https://www.coushattacasinoresort.com/slot-map.php?sid=1958,https://www.coushattacasinoresort.com/slot-map.php?sid=1958,Coushatta Casino Resort,2026-10-01T17:07:27.908497+00:00
1953,Triple Play - Joker Poker,IGT,Poker,$0.25,N/A,,,https://www.coushattacasinoresort.com/slot-map.php?sid=1953,https://www.coushattacasinoresort.com/slot-map.php?sid=1953,Coushatta Casino Resort,2026-10-01T17:07:27.713780+00:00
1954,Triple Play - Joker Poker,IGT,Poker,$0.50,N/A,,,https://www.coushattacasinoresort.com/slot-map.php?sid=1954,https://www.coushattacasinoresort.com/slot-map.php?sid=1954,Coushatta Casino Resort,2026-10-01T17:07:27.833832+00:00
1955,Triple Play - Joker Poker,IGT,Poker,$1.00,N/A,,,https://www.coushattacasinoresort.com/slot-map.php?sid=1955,https://www.coushattacasinoresort.com/slot-map.php?sid=1955,Coushatta Casino Resort,2026-10-01T17:07:27.880218+00:00
1950,Triple Play - Triple Double Bonus Poker,IGT,Poker,$0.25,N/A,,,https://www.coushattacasinoresort.com/slot-map.php?sid=1950,https://www.coushattacasinoresort.com/slot-map.php?sid=1950,Coushatta Casino Resort,2026-10-01T17:07:27.687393+00:00
1951,Triple Play - Triple Double Bonus Poker,IGT,Poker,$0.50,N/A,,,https://www.coushattacasinoresort.com/slot-map.php?sid=1951,https://www.coushattacasinoresort.com/slot-map.php?sid=1951,Coushatta Casino Resort,2026-10-01T17:07:27.720511+00:00
1952,Triple Play - Triple Double Bonus Poker,IGT,Poker,$1.00,N/A,,,https://www.coushattacasinoresort.com/slot-map.php?sid=1952,https://www.coushattacasinoresort.com/slot-map.php?sid=1952,Coushatta Casino Resort,2026-10-01T17:07:27.737682+00:00
3130,Triple Play - Triple Play Bonus Poker,IGT,Poker,$0.05,N/A,,,https://www.coushattacasinoresort.com/slot-map.php?sid=3130,https://www.coushattacasinoresort.com/slot-map.php?sid=3130,Coushatta Casino Resort,2026-10-01T17:07:58.145143+00:00
3131,Triple Play - Triple Play Bonus Poker,IGT,Poker,$0.10,N/A,,,https://www.coushattacasinoresort.com/slot-map.php?sid=3131,https://www.coushattacasinoresort.com/slot-map.php?sid=3131,Coushatta Casino Resort,2026-10-01T17:07:58.150865+00:00
3132,Triple Play - Triple Play Bonus Poker,IGT,Poker,$0.25,N/A,,,https://www.coushattacasinoresort.com/slot-map.php?sid=3132,https://www.coushattacasinoresort.com/slot-map.php?sid=3132,Coushatta Casino Resort,2026-10-01T17:07:58.198684+00:00
3127,Triple Play - Triple Play Bonus Poker Deluxe,IGT,Poker,$0.05,N/A,,,https://www.coushattacasinoresort.com/slot-map.php?sid=3127,https://www.coushattacasinoresort.com/slot-map.php?sid=3127,Coushatta Casino Resort,2026-10-01T17:07:58.091785+00:00
3128,Triple Play - Triple Play Bonus Poker Deluxe,IGT,Poker,$0.10,N/A,,,https://www.coushattacasinoresort.com/slot-map.php?sid=3128,https://www.coushattacasinoresort.com/slot-map.php?sid=3128,Coushatta Casino Resort,2026-10-01T17:07:58.136226+00:00
3129,Triple Play - Triple Play Bonus Poker Deluxe,IGT,Poker,$0.25,N/A,,,https://www.coushattacasinoresort.com/slot-map.php?sid=3129,https://www.coushattacasinoresort.com/slot-map.php?sid=3129,Coushatta Casino Resort,2026-10-01T17:07:58.154887+00:00
3124,Triple Play - Triple Play Deuces Wild,IGT,Poker,$0.05,N/A,,,https://www.coushattacasinoresort.com/slot-map.php?sid=3124,https://www.coushattacasinoresort.com/slot-map.php?sid=3124,Coushatta Casino Resort,2026-10-01T17:07:58.078785+00:00
3125,Triple Play - Triple Play Deuces Wild,IGT,Poker,$0.10,N/A,,,https://www.coushattacasinoresort.com/slot-map.php?sid=3125,https://www.coushattacasinoresort.com/slot-map.php?sid=3125,Coushatta Casino Resort,2026-10-01T17:07:58.081683+00:00
3126,Triple Play - Triple Play Deuces Wild,IGT,Poker,$0.25,N/A,,,https://www.coushattacasinoresort.com/slot-map.php?sid=3126,https://www.coushattacasinoresort.com/slot-map.php?sid=3126,Coushatta Casino Resort,2026-10-01T17:07:58.087164+00:00
3121,Triple Play - Triple Play Deuces Wild Bonus,IGT,Poker,$0.05,N/A,,,https://www.coushattacasinoresort.com/slot-map.php?sid=3121,https://www.coushattacasinoresort.com/slot-map.php?sid=3121,Coushatta Casino Resort,2026-10-01T17:07:58.020924+00:00
3122,Triple Play - Triple Play Deuces Wild Bonus,IGT,Poker,$0.10,N/A,,,https://www.coushattacasinoresort.com/slot-map.php?sid=3122,https://www.coushattacasinoresort.com/slot-map.php?sid=3122,Coushatta Casino Resort,2026-10-01T17:07:58.024526+00:00
3123,Triple Play - Triple Play Deuces Wild Bonus,IGT,Poker,$0.25,N/A,,,https://www.coushattacasinoresort.com/slot-map.php?sid=3123,https://www.coushattacasinoresort.com/slot-map.php?sid=3123,Coushatta Casino Resort,2026-10-01T17:07:58.032838+00:00
3118,Triple Play - Triple Play Double Bonus Poker,IGT,Poker,$0.05,N/A,,,https://www.coushattacasinoresort.com/slot-map.php?sid=3118,https://www.coushattacasinoresort.com/slot-map.php?sid=3118,Coushatta Casino Resort,2026-10-01T17:07:57.954135+00:00
3119,Triple Play - Triple Play Double Bonus Poker,IGT,Poker,$0.10,N/A,,,https://www.coushattacasinoresort.com/slot-map.php?sid=3119,https://www.coushattacasinoresort.com/slot-map.php?sid=3119,Coushatta Casino Resort,2026-10-01T17:07:58.029218+00:00
3120,Triple Play - Triple Play Double Bonus Poker,IGT,Poker,$0.25,N/A,,,https://www.coushattacasinoresort.com/slot-map.php?sid=3120,https://www.coushattacasinoresort.com/slot-map.php?sid=3120,Coushatta Casino Resort,2026-10-01T17:07:57.986874+00:00
3115,Triple Play - Triple Play Double Double Bonus Poker,IGT,Poker,$0.05,N/A,,,https://www.coushattacasinoresort.com/slot-map.php?sid=3115,https://www.coushattacasinoresort.com/slot-map.php?sid=3115,Coushatta Casino Resort,2026-10-01T17:07:57.936614+00:00
3116,Triple Play - Triple Play Double Double Bonus Poker,IGT,Poker,$0.10,N/A,,,https://www.coushattacasinoresort.com/slot-map.php?sid=3116,https://www.coushattacasinoresort.com/slot-map.php?sid=3116,Coushatta Casino Resort,2026-10-01T17:07:57.960163+00:00
3117,Triple Play - Triple Play Double Double Bonus Poker,IGT,Poker,$0.25,N/A,,,https://www.coushattacasinoresort.com/slot-map.php?sid=3117,https://www.coushattacasinoresort.com/slot-map.php?sid=3117,Coushatta Casino Resort,2026-10-01T17:07:57.967976+00:00
3112,Triple Play - Triple Play Double Double Bonus Poker Plus,IGT,Poker,$0.05,N/A,,,https://www.coushattacasinoresort.com/slot-map.php?sid=3112,https://www.coushattacasinoresort.com/slot-map.php?sid=3112,Coushatta Casino Resort,2026-10-01T17:07:57.888828+00:00
3113,Triple Play - Triple Play Double Double Bonus Poker Plus,IGT,Poker,$0.10,N/A,,,https://www.coushattacasinoresort.com/slot-map.php?sid=3113,https://www.coushattacasinoresort.com/slot-map.php?sid=3113,Coushatta Casino Resort,2026-10-01T17:07:57.916622+00:00
3114,Triple Play - Triple Play Double Double Bonus Poker Plus,IGT,Poker,$0.25,N/A,,,https://www.coushattacasinoresort.com/slot-map.php?sid=3114,https://www.coushattacasinoresort.com/slot-map.php?sid=3114,Coushatta Casino Resort,2026-10-01T17:07:57.909984+00:00
3109,Triple Play - Triple Play Jacks or Better,IGT,Poker,$0.05,N/A,,,https://www.coushattacasinoresort.com/slot-map.php?sid=3109,https://www.coushattacasinoresort.com/slot-map.php?sid=3109,Coushatta Casino Resort,2026-10-01T17:07:57.852959+00:00
3110,Triple Play - Triple Play Jacks or Better,IGT,Poker,$0.10,N/A,,,https://www.coushattacasinoresort.com/slot-map.php?sid=3110,https://www.coushattacasinoresort.com/slot-map.php?sid=3110,Coushatta Casino Resort,2026-10-01T17:07:57.849237+00:00
3111,Triple Play - Triple Play Jacks or Better,IGT,Poker,$0.25,N/A,,,https://www.coushattacasinoresort.com/slot-map.php?sid=3111,https://www.coushattacasinoresort.com/slot-map.php?sid=3111,Coushatta Casino Resort,2026-10-01T17:07:57.883988+00:00
3106,Triple Play - Triple Play Super Bonus Deuces Wild Poker,IGT,Poker,$0.05,N/A,,,https://www.coushattacasinoresort.com/slot-map.php?sid=3106,https://www.coushattacasinoresort.com/slot-map.php?sid=3106,Coushatta Casino Resort,2026-10-01T17:07:57.801028+00:00
3107,Triple Play - Triple Play Super Bonus Deuces Wild Poker,IGT,Poker,$0.10,N/A,,,https://www.coushattacasinoresort.com/slot-map.php?sid=3107,https://www.coushattacasinoresort.com/slot-map.php?sid=3107,Coushatta Casino Resort,2026-10-01T17:07:57.832217+00:00
3108,Triple Play - Triple Play Super Bonus Deuces Wild Poker,IGT,Poker,$0.25,N/A,,,https://www.coushattacasinoresort.com/slot-map.php?sid=3108,https://www.coushattacasinoresort.com/slot-map.php?sid=3108,Coushatta Casino Resort,2026-10-01T17:07:57.836309+00:00
3103,Triple Play - Triple Play Super Double Bonus Poker,IGT,Poker,$0.05,N/A,,,https://www.coushattacasinoresort.com/slot-map.php?sid=3103,https://www.coushattacasinoresort.com/slot-map.php?sid=3103,Coushatta Casino Resort,2026-10-01T17:07:57.777603+00:00
3104,Triple Play - Triple Play Super Double Bonus Poker,IGT,Poker,$0.10,N/A,,,https://www.coushattacasinoresort.com/slot-map.php?sid=3104,https://www.coushattacasinoresort.com/slot-map.php?sid=3104,Coushatta Casino Resort,2026-10-01T17:07:57.806022+00:00
3105,Triple Play - Triple Play Super Double Bonus Poker,IGT,Poker,$0.25,N/A,,,https://www.coushattacasinoresort.com/slot-map.php?sid=3105,https://www.coushattacasinoresort.com/slot-map.php?sid=3105,Coushatta Casino Resort,2026-10-01T17:07:57.771143+00:00
3100,Triple Play - Triple Play Triple Double Bonus Poker,IGT,Poker,$0.05,N/A,,,https://www.coushattacasinoresort.com/slot-map.php?sid=3100,https://www.coushattacasinoresort.com/slot-map.php?sid=3100,Coushatta Casino Resort,2026-10-01T17:07:57.750353+00:00
3101,Triple Play - Triple Play Triple Double Bonus Poker,IGT,Poker,$0.10,N/A,,,https://www.coushattacasinoresort.com/slot-map.php?sid=3101,https://www.coushattacasinoresort.com/slot-map.php?sid=3101,Coushatta Casino Resort,2026-10-01T17:07:57.726264+00:00
3102,Triple Play - Triple Play Triple Double Bonus Poker,IGT,Poker,$0.25,N/A,,,https://www.coushattacasinoresort.com/slot-map.php?sid=3102,https://www.coushattacasinoresort.com/slot-map.php?sid=3102,Coushatta Casino Resort,2026-10-01T17:07:57.747419+00:00
575,Triple Red Hot Sevens,IGT,Reel,$0.25,Medium,3.0,,https://www.coushattacasinoresort.com/slot-map.php?sid=575,https://www.coushattacasinoresort.com/slot-map.php?sid=575,Coushatta Casino Resort,2026-10-01T17:07:08.564234+00:00
585,Triple Red Hot Sevens,IGT,Reel,$5.00,Medium,3.0,,https://www.coushattacasinoresort.com/slot-map.php?sid=585,https://www.coushattacasinoresort.com/slot-map.php?sid=585,Coushatta Casino Resort,2026-10-01T17:07:08.716751+00:00
202,Triple Red Hot Strike (Md),IGT,Reel,$1.00,High,4.0,,https://www.coushattacasinoresort.com/slot-map.php?sid=202,https://www.coushattacasinoresort.com/slot-map.php?sid=202,Coushatta Casino Resort,2026-10-01T17:07:04.227341+00:00
203,Triple Red Hot Strike (Md),IGT,Reel,$2.00,High,4.0,,https://www.coushattacasinoresort.com/slot-map.php?sid=203,https://www.coushattacasinoresort.com/slot-map.php?sid=203,Coushatta Casino Resort,2026-10-01T17:07:04.238640+00:00
204,Triple Red Hot Strike (Md),IGT,Reel,$5.00,High,4.0,,https://www.coushattacasinoresort.com/slot-map.php?sid=204,https://www.coushattacasinoresort.com/slot-map.php?sid=204,Coushatta Casino Resort,2026-10-01T17:07:04.310610+00:00
1273,Triple Stars,IGT,Reel,$0.25,Medium - High,3.0,,https://www.coushattacasinoresort.com/slot-map.php?sid=1273,https://www.coushattacasinoresort.com/slot-map.php?sid=1273,Coushatta Casino Resort,2026-10-01T17:07:17.554934+00:00
1275,Triple Stars,IGT,Reel,$5.00,Medium - High,3.0,,https://www.coushattacasinoresort.com/slot-map.php?sid=1275,https://www.coushattacasinoresort.com/slot-map.php?sid=1275,Coushatta Casino Resort,2026-10-01T17:07:17.576748+00:00
1319,Triple Stars,IGT,Reel,$1.00,Medium - High,3.0,,https://www.coushattacasinoresort.com/slot-map.php?sid=1319,https://www.coushattacasinoresort.com/slot-map.php?sid=1319,Coushatta Casino Resort,2026-10-01T17:07:18.219527+00:00
315,Triple Strike (Md),IGT,Reel,$0.25,High,4.0,,https://www.coushattacasinoresort.com/slot-map.php?sid=315,https://www.coushattacasinoresort.com/slot-map.php?sid=315,Coushatta Casino Resort,2026-10-01T17:07:05.486145+00:00
316,Triple Strike (Md),IGT,Reel,$0.50,High,4.0,,https://www.coushattacasinoresort.com/slot-map.php?sid=316,https://www.coushattacasinoresort.com/slot-map.php?sid=316,Coushatta Casino Resort,2026-10-01T17:07:05.476034+00:00
317,Triple Strike (Md),IGT,Reel,$1.00,High,4.0,,https://www.coushattacasinoresort.com/slot-map.php?sid=317,https://www.coushattacasinoresort.com/slot-map.php?sid=317,Coushatta Casino Resort,2026-10-01T17:07:05.504097+00:00
1269,Triple Ten Times Pay,IGT,Reel,$1.00,Medium,3.0,,https://www.coushattacasinoresort.com/slot-map.php?sid=1269,https://www.coushattacasinoresort.com/slot-map.php?sid=1269,Coushatta Casino Resort,2026-10-01T17:07:17.524100+00:00
984,Triple Treasure Pots: Eternal Prosperity Md Pr,Aruze,Video,$0.01,Medium,3.0,,https://www.coushattacasinoresort.com/slot-map.php?sid=984,https://www.coushattacasinoresort.com/slot-map.php?sid=984,Coushatta Casino Resort,2026-10-01T17:07:14.315390+00:00
985,Triple Treasure Pots: Heavenly Wealth Mc Md Pr,Aruze,Video,$0.01,Medium,3.0,,https://www.coushattacasinoresort.com/slot-map.php?sid=985,https://www.coushattacasinoresort.com/slot-map.php?sid=985,Coushatta Casino Resort,2026-10-01T17:07:14.382389+00:00
7,Triple Zesty Hot Peppers,IGT,Reel,$5.00,High,4.0,,https://www.coushattacasinoresort.com/slot-map.php?sid=7,https://www.coushattacasinoresort.com/slot-map.php?sid=7,Coushatta Casino Resort,2026-10-01T17:07:01.085927+00:00
99,Trp Double Diamond Free Games(P)(Md,IGT,Reel,$0.01,High,4.0,,https://www.coushattacasinoresort.com/slot-map.php?sid=99,https://www.coushattacasinoresort.com/slot-map.php?sid=99,Coushatta Casino Resort,2026-10-01T17:07:02.831179+00:00
100,Trp Double Diamond Free Games(P)(Md,IGT,Reel,$0.02,High,4.0,,https://www.coushattacasinoresort.com/slot-map.php?sid=100,https://www.coushattacasinoresort.com/slot-map.php?sid=100,Coushatta Casino Resort,2026-10-01T17:07:02.815388+00:00
101,Trp Double Diamond Free Games(P)(Md,IGT,Reel,$0.05,High,4.0,,https://www.coushattacasinoresort.com/slot-map.php?sid=101,https://www.coushattacasinoresort.com/slot-map.php?sid=101,Coushatta Casino Resort,2026-10-01T17:07:02.841897+00:00
1861,Turkey Shoot (Md),IGT,Video,$0.01,N/A,,,https://www.coushattacasinoresort.com/slot-map.php?sid=1861,https://www.coushattacasinoresort.com/slot-map.php?sid=1861,Coushatta Casino Resort,2026-10-01T17:07:24.943892+00:00
1862,Turkey Shoot (Md),IGT,Video,$0.02,N/A,,,https://www.coushattacasinoresort.com/slot-map.php?sid=1862,https://www.coushattacasinoresort.com/slot-map.php?sid=1862,Coushatta Casino Resort,2026-10-01T17:07:24.956363+00:00
1863,Turkey Shoot (Md),IGT,Video,$0.05,N/A,,,https://www.coushattacasinoresort.com/slot-map.php?sid=1863,https://www.coushattacasinoresort.com/slot-map.php?sid=1863,Coushatta Casino Resort,2026-10-01T17:07:25.247433+00:00
11,Twin Win,IGT,Video,$0.01,High,4.0,,https://www.coushattacasinoresort.com/slot-map.php?sid=11,https://www.coushattacasinoresort.com/slot-map.php?sid=11,Coushatta Casino Resort,2026-10-01T17:07:01.238439+00:00
130,Twin Win,IGT,Video,$1.00,High,4.0,,https://www.coushattacasinoresort.com/slot-map.php?sid=130,https://www.coushattacasinoresort.com/slot-map.php?sid=130,Coushatta Casino Resort,2026-10-01T17:07:03.309961+00:00
619,Twin Win Diamond (Md) (Prog),IGT,Video,$0.01,Medium,3.0,,https://www.coushattacasinoresort.com/slot-map.php?sid=619,https://www.coushattacasinoresort.com/slot-map.php?sid=619,Coushatta Casino Resort,2026-10-01T17:07:09.199779+00:00
618,Twin Win Pearl (Md) (Prog),IGT,Video,$0.01,Medium,3.0,,https://www.coushattacasinoresort.com/slot-map.php?sid=618,https://www.coushattacasinoresort.com/slot-map.php?sid=618,Coushatta Casino Resort,2026-10-01T17:07:09.139807+00:00
711,Ufl-Blazing Dragon-Beijing Mc Md Pr,Light & Wonder,Video,$0.01,Medium,3.0,,https://www.coushattacasinoresort.com/slot-map.php?sid=711,https://www.coushattacasinoresort.com/slot-map.php?sid=711,Coushatta Casino Resort,2026-10-01T17:07:10.479258+00:00
712,Ufl-Blazing Dragon-Beijing Mc Md Pr,Light & Wonder,Video,$0.02,Medium,3.0,,https://www.coushattacasinoresort.com/slot-map.php?sid=712,https://www.coushattacasinoresort.com/slot-map.php?sid=712,Coushatta Casino Resort,2026-10-01T17:07:10.488642+00:00
713,Ufl-Blazing Dragon-Beijing Mc Md Pr,Light & Wonder,Video,$0.05,Medium,3.0,,https://www.coushattacasinoresort.com/slot-map.php?sid=713,https://www.coushattacasinoresort.com/slot-map.php?sid=713,Coushatta Casino Resort,2026-10-01T17:07:10.490434+00:00
714,Ufl-Blazing Dragon-Beijing Mc Md Pr,Light & Wonder,Video,$0.10,Medium,3.0,,https://www.coushattacasinoresort.com/slot-map.php?sid=714,https://www.coushattacasinoresort.com/slot-map.php?sid=714,Coushatta Casino Resort,2026-10-01T17:07:10.521937+00:00
715,Ufl-Blazing Dragon-Beijing Mc Md Pr,Light & Wonder,Video,$1.00,Medium,3.0,,https://www.coushattacasinoresort.com/slot-map.php?sid=715,https://www.coushattacasinoresort.com/slot-map.php?sid=715,Coushatta Casino Resort,2026-10-01T17:07:10.547597+00:00
1266,Ufl: Cash Falls Explosion Mc Md Pr,Light & Wonder,Video,$0.01,Medium,3.0,,https://www.coushattacasinoresort.com/slot-map.php?sid=1266,https://www.coushattacasinoresort.com/slot-map.php?sid=1266,Coushatta Casino Resort,2026-10-01T17:07:17.464388+00:00
1338,Ufl:Nova Desert Nights Big Mony Wap,Light & Wonder,Video,$0.01,Medium - High,3.0,,https://www.coushattacasinoresort.com/slot-map.php?sid=1338,https://www.coushattacasinoresort.com/slot-map.php?sid=1338,Coushatta Casino Resort,2026-10-01T17:07:18.634915+00:00
1382,Ufl:Triple Nova Desert Nights Mc Pr,Light & Wonder,Video,$0.01,Medium - High,3.0,,https://www.coushattacasinoresort.com/slot-map.php?sid=1382,https://www.coushattacasinoresort.com/slot-map.php?sid=1382,Coushatta Casino Resort,2026-10-01T17:07:19.170945+00:00
1383,Ufl:Triple Nova Paradise Lights Pr,Light & Wonder,Video,$0.01,Medium - High,3.0,,https://www.coushattacasinoresort.com/slot-map.php?sid=1383,https://www.coushattacasinoresort.com/slot-map.php?sid=1383,Coushatta Casino Resort,2026-10-01T17:07:19.253513+00:00
1307,Ultimate Fire Link China Street (P),Light & Wonder,Video,$5.00,Medium - High,3.0,,https://www.coushattacasinoresort.com/slot-map.php?sid=1307,https://www.coushattacasinoresort.com/slot-map.php?sid=1307,Coushatta Casino Resort,2026-10-01T17:07:18.051746+00:00
1445,Ultimate Fire Link: China Street,Light & Wonder,Video,$0.01,Medium - High,3.0,,https://www.coushattacasinoresort.com/slot-map.php?sid=1445,https://www.coushattacasinoresort.com/slot-map.php?sid=1445,Coushatta Casino Resort,2026-10-01T17:07:20.048791+00:00
1446,Ultimate Fire Link: China Street,Light & Wonder,Video,$0.02,Medium - High,3.0,,https://www.coushattacasinoresort.com/slot-map.php?sid=1446,https://www.coushattacasinoresort.com/slot-map.php?sid=1446,Coushatta Casino Resort,2026-10-01T17:07:20.061971+00:00
1447,Ultimate Fire Link: China Street,Light & Wonder,Video,$0.05,Medium - High,3.0,,https://www.coushattacasinoresort.com/slot-map.php?sid=1447,https://www.coushattacasinoresort.com/slot-map.php?sid=1447,Coushatta Casino Resort,2026-10-01T17:07:20.065717+00:00
1448,Ultimate Fire Link: China Street,Light & Wonder,Video,$0.10,Medium - High,3.0,,https://www.coushattacasinoresort.com/slot-map.php?sid=1448,https://www.coushattacasinoresort.com/slot-map.php?sid=1448,Coushatta Casino Resort,2026-10-01T17:07:20.088509+00:00
1449,Ultimate Fire Link: China Street,Light & Wonder,Video,$1.00,Medium - High,3.0,,https://www.coushattacasinoresort.com/slot-map.php?sid=1449,https://www.coushattacasinoresort.com/slot-map.php?sid=1449,Coushatta Casino Resort,2026-10-01T17:07:20.092323+00:00
1450,Ultimate Fire Link: Olvera Street,Light & Wonder,Video,$0.01,Medium - High,3.0,,https://www.coushattacasinoresort.com/slot-map.php?sid=1450,https://www.coushattacasinoresort.com/slot-map.php?sid=1450,Coushatta Casino Resort,2026-10-01T17:07:20.099347+00:00
1451,Ultimate Fire Link: Olvera Street,Light & Wonder,Video,$0.02,Medium - High,3.0,,https://www.coushattacasinoresort.com/slot-map.php?sid=1451,https://www.coushattacasinoresort.com/slot-map.php?sid=1451,Coushatta Casino Resort,2026-10-01T17:07:20.116799+00:00
1452,Ultimate Fire Link: Olvera Street,Light & Wonder,Video,$0.05,Medium - High,3.0,,https://www.coushattacasinoresort.com/slot-map.php?sid=1452,https://www.coushattacasinoresort.com/slot-map.php?sid=1452,Coushatta Casino Resort,2026-10-01T17:07:20.161818+00:00
1453,Ultimate Fire Link: Olvera Street,Light & Wonder,Video,$0.10,Medium - High,3.0,,https://www.coushattacasinoresort.com/slot-map.php?sid=1453,https://www.coushattacasinoresort.com/slot-map.php?sid=1453,Coushatta Casino Resort,2026-10-01T17:07:20.158435+00:00
1454,Ultimate Fire Link: Olvera Street,Light & Wonder,Video,$1.00,Medium - High,3.0,,https://www.coushattacasinoresort.com/slot-map.php?sid=1454,https://www.coushattacasinoresort.com/slot-map.php?sid=1454,Coushatta Casino Resort,2026-10-01T17:07:20.184257+00:00
1830,Ultimate Fire Link:By The Bay Md P,Light & Wonder,Video,$0.01,N/A,,,https://www.coushattacasinoresort.com/slot-map.php?sid=1830,https://www.coushattacasinoresort.com/slot-map.php?sid=1830,Coushatta Casino Resort,2026-10-01T17:07:24.489562+00:00
1832,Ultimate Fire Link:Country Lights,Light & Wonder,Video,$0.01,N/A,,,https://www.coushattacasinoresort.com/slot-map.php?sid=1832,https://www.coushattacasinoresort.com/slot-map.php?sid=1832,Coushatta Casino Resort,2026-10-01T17:07:24.509687+00:00
2445,Ultimate Fire Link:Forest Wild Md P,Light & Wonder,Video,$0.01,N/A,,,https://www.coushattacasinoresort.com/slot-map.php?sid=2445,https://www.coushattacasinoresort.com/slot-map.php?sid=2445,Coushatta Casino Resort,2026-10-01T17:07:42.653533+00:00
1831,Ultimate Fire Link:North Shore Md P,Light & Wonder,Video,$0.01,N/A,,,https://www.coushattacasinoresort.com/slot-map.php?sid=1831,https://www.coushattacasinoresort.com/slot-map.php?sid=1831,Coushatta Casino Resort,2026-10-01T17:07:24.494582+00:00
1947,Ultimate X - Five Play Bonus Poker,IGT,Poker,$0.05,N/A,,,https://www.coushattacasinoresort.com/slot-map.php?sid=1947,https://www.coushattacasinoresort.com/slot-map.php?sid=1947,Coushatta Casino Resort,2026-10-01T17:07:27.625956+00:00
1948,Ultimate X - Five Play Bonus Poker,IGT,Poker,$0.10,N/A,,,https://www.coushattacasinoresort.com/slot-map.php?sid=1948,https://www.coushattacasinoresort.com/slot-map.php?sid=1948,Coushatta Casino Resort,2026-10-01T17:07:27.631071+00:00
1949,Ultimate X - Five Play Bonus Poker,IGT,Poker,$0.25,N/A,,,https://www.coushattacasinoresort.com/slot-map.php?sid=1949,https://www.coushattacasinoresort.com/slot-map.php?sid=1949,Coushatta Casino Resort,2026-10-01T17:07:27.665926+00:00
1944,Ultimate X - Five Play Bonus Poker Deluxe,IGT,Poker,$0.05,N/A,,,https://www.coushattacasinoresort.com/slot-map.php?sid=1944,https://www.coushattacasinoresort.com/slot-map.php?sid=1944,Coushatta Casino Resort,2026-10-01T17:07:27.494455+00:00
1945,Ultimate X - Five Play Bonus Poker Deluxe,IGT,Poker,$0.10,N/A,,,https://www.coushattacasinoresort.com/slot-map.php?sid=1945,https://www.coushattacasinoresort.com/slot-map.php?sid=1945,Coushatta Casino Resort,2026-10-01T17:07:27.498329+00:00
1946,Ultimate X - Five Play Bonus Poker Deluxe,IGT,Poker,$0.25,N/A,,,https://www.coushattacasinoresort.com/slot-map.php?sid=1946,https://www.coushattacasinoresort.com/slot-map.php?sid=1946,Coushatta Casino Resort,2026-10-01T17:07:27.603272+00:00
1941,Ultimate X - Five Play Deuces Bonus Poker,IGT,Poker,$0.05,N/A,,,https://www.coushattacasinoresort.com/slot-map.php?sid=1941,https://www.coushattacasinoresort.com/slot-map.php?sid=1941,Coushatta Casino Resort,2026-10-01T17:07:27.446766+00:00
1942,Ultimate X - Five Play Deuces Bonus Poker,IGT,Poker,$0.10,N/A,,,https://www.coushattacasinoresort.com/slot-map.php?sid=1942,https://www.coushattacasinoresort.com/slot-map.php?sid=1942,Coushatta Casino Resort,2026-10-01T17:07:27.468880+00:00
1943,Ultimate X - Five Play Deuces Bonus Poker,IGT,Poker,$0.25,N/A,,,https://www.coushattacasinoresort.com/slot-map.php?sid=1943,https://www.coushattacasinoresort.com/slot-map.php?sid=1943,Coushatta Casino Resort,2026-10-01T17:07:27.490218+00:00
1938,Ultimate X - Five Play Deuces Wild,IGT,Poker,$0.05,N/A,,,https://www.coushattacasinoresort.com/slot-map.php?sid=1938,https://www.coushattacasinoresort.com/slot-map.php?sid=1938,Coushatta Casino Resort,2026-10-01T17:07:27.386843+00:00
1939,Ultimate X - Five Play Deuces Wild,IGT,Poker,$0.10,N/A,,,https://www.coushattacasinoresort.com/slot-map.php?sid=1939,https://www.coushattacasinoresort.com/slot-map.php?sid=1939,Coushatta Casino Resort,2026-10-01T17:07:27.414486+00:00
1940,Ultimate X - Five Play Deuces Wild,IGT,Poker,$0.25,N/A,,,https://www.coushattacasinoresort.com/slot-map.php?sid=1940,https://www.coushattacasinoresort.com/slot-map.php?sid=1940,Coushatta Casino Resort,2026-10-01T17:07:27.407769+00:00
1935,Ultimate X - Five Play Double Bonus Poker,IGT,Poker,$0.05,N/A,,,https://www.coushattacasinoresort.com/slot-map.php?sid=1935,https://www.coushattacasinoresort.com/slot-map.php?sid=1935,Coushatta Casino Resort,2026-10-01T17:07:27.260744+00:00
1936,Ultimate X - Five Play Double Bonus Poker,IGT,Poker,$0.10,N/A,,,https://www.coushattacasinoresort.com/slot-map.php?sid=1936,https://www.coushattacasinoresort.com/slot-map.php?sid=1936,Coushatta Casino Resort,2026-10-01T17:07:27.269975+00:00
1937,Ultimate X - Five Play Double Bonus Poker,IGT,Poker,$0.25,N/A,,,https://www.coushattacasinoresort.com/slot-map.php?sid=1937,https://www.coushattacasinoresort.com/slot-map.php?sid=1937,Coushatta Casino Resort,2026-10-01T17:07:27.284251+00:00
1932,Ultimate X - Five Play Double Double Bonus Poker,IGT,Poker,$0.05,N/A,,,https://www.coushattacasinoresort.com/slot-map.php?sid=1932,https://www.coushattacasinoresort.com/slot-map.php?sid=1932,Coushatta Casino Resort,2026-10-01T17:07:27.202606+00:00
1933,Ultimate X - Five Play Double Double Bonus Poker,IGT,Poker,$0.10,N/A,,,https://www.coushattacasinoresort.com/slot-map.php?sid=1933,https://www.coushattacasinoresort.com/slot-map.php?sid=1933,Coushatta Casino Resort,2026-10-01T17:07:27.187416+00:00
1934,Ultimate X - Five Play Double Double Bonus Poker,IGT,Poker,$0.25,N/A,,,https://www.coushattacasinoresort.com/slot-map.php?sid=1934,https://www.coushattacasinoresort.com/slot-map.php?sid=1934,Coushatta Casino Resort,2026-10-01T17:07:27.243075+00:00
1929,Ultimate X - Five Play Jacks or Better,IGT,Poker,$0.05,N/A,,,https://www.coushattacasinoresort.com/slot-map.php?sid=1929,https://www.coushattacasinoresort.com/slot-map.php?sid=1929,Coushatta Casino Resort,2026-10-01T17:07:27.157122+00:00
1930,Ultimate X - Five Play Jacks or Better,IGT,Poker,$0.10,N/A,,,https://www.coushattacasinoresort.com/slot-map.php?sid=1930,https://www.coushattacasinoresort.com/slot-map.php?sid=1930,Coushatta Casino Resort,2026-10-01T17:07:27.085411+00:00
1931,Ultimate X - Five Play Jacks or Better,IGT,Poker,$0.25,N/A,,,https://www.coushattacasinoresort.com/slot-map.php?sid=1931,https://www.coushattacasinoresort.com/slot-map.php?sid=1931,Coushatta Casino Resort,2026-10-01T17:07:27.168316+00:00
1926,Ultimate X - Five Play Joker Poker,IGT,Poker,$0.05,N/A,,,https://www.coushattacasinoresort.com/slot-map.php?sid=1926,https://www.coushattacasinoresort.com/slot-map.php?sid=1926,Coushatta Casino Resort,2026-10-01T17:07:27.023845+00:00
1927,Ultimate X - Five Play Joker Poker,IGT,Poker,$0.10,N/A,,,https://www.coushattacasinoresort.com/slot-map.php?sid=1927,https://www.coushattacasinoresort.com/slot-map.php?sid=1927,Coushatta Casino Resort,2026-10-01T17:07:27.025640+00:00
1928,Ultimate X - Five Play Joker Poker,IGT,Poker,$0.25,N/A,,,https://www.coushattacasinoresort.com/slot-map.php?sid=1928,https://www.coushattacasinoresort.com/slot-map.php?sid=1928,Coushatta Casino Resort,2026-10-01T17:07:27.048824+00:00
1923,Ultimate X - Five Play Triple Double Bonus Poker,IGT,Poker,$0.05,N/A,,,https://www.coushattacasinoresort.com/slot-map.php?sid=1923,https://www.coushattacasinoresort.com/slot-map.php?sid=1923,Coushatta Casino Resort,2026-10-01T17:07:26.915253+00:00
1924,Ultimate X - Five Play Triple Double Bonus Poker,IGT,Poker,$0.10,N/A,,,https://www.coushattacasinoresort.com/slot-map.php?sid=1924,https://www.coushattacasinoresort.com/slot-map.php?sid=1924,Coushatta Casino Resort,2026-10-01T17:07:26.959565+00:00
1925,Ultimate X - Five Play Triple Double Bonus Poker,IGT,Poker,$0.25,N/A,,,https://www.coushattacasinoresort.com/slot-map.php?sid=1925,https://www.coushattacasinoresort.com/slot-map.php?sid=1925,Coushatta Casino Resort,2026-10-01T17:07:26.970337+00:00
1921,Ultimate X - Ten Play Bonus Poker,IGT,Poker,$0.05,N/A,,,https://www.coushattacasinoresort.com/slot-map.php?sid=1921,https://www.coushattacasinoresort.com/slot-map.php?sid=1921,Coushatta Casino Resort,2026-10-01T17:07:26.871109+00:00
1922,Ultimate X - Ten Play Bonus Poker,IGT,Poker,$0.10,N/A,,,https://www.coushattacasinoresort.com/slot-map.php?sid=1922,https://www.coushattacasinoresort.com/slot-map.php?sid=1922,Coushatta Casino Resort,2026-10-01T17:07:26.877194+00:00
1919,Ultimate X - Ten Play Bonus Poker Deluxe,IGT,Poker,$0.05,N/A,,,https://www.coushattacasinoresort.com/slot-map.php?sid=1919,https://www.coushattacasinoresort.com/slot-map.php?sid=1919,Coushatta Casino Resort,2026-10-01T17:07:26.782039+00:00
1920,Ultimate X - Ten Play Bonus Poker Deluxe,IGT,Poker,$0.10,N/A,,,https://www.coushattacasinoresort.com/slot-map.php?sid=1920,https://www.coushattacasinoresort.com/slot-map.php?sid=1920,Coushatta Casino Resort,2026-10-01T17:07:26.770878+00:00
1917,Ultimate X - Ten Play Deuces Wild,IGT,Poker,$0.05,N/A,,,https://www.coushattacasinoresort.com/slot-map.php?sid=1917,https://www.coushattacasinoresort.com/slot-map.php?sid=1917,Coushatta Casino Resort,2026-10-01T17:07:26.721928+00:00
1918,Ultimate X - Ten Play Deuces Wild,IGT,Poker,$0.10,N/A,,,https://www.coushattacasinoresort.com/slot-map.php?sid=1918,https://www.coushattacasinoresort.com/slot-map.php?sid=1918,Coushatta Casino Resort,2026-10-01T17:07:26.749724+00:00
1915,Ultimate X - Ten Play Deuces Wild Bonus,IGT,Poker,$0.05,N/A,,,https://www.coushattacasinoresort.com/slot-map.php?sid=1915,https://www.coushattacasinoresort.com/slot-map.php?sid=1915,Coushatta Casino Resort,2026-10-01T17:07:26.684221+00:00
1916,Ultimate X - Ten Play Deuces Wild Bonus,IGT,Poker,$0.10,N/A,,,https://www.coushattacasinoresort.com/slot-map.php?sid=1916,https://www.coushattacasinoresort.com/slot-map.php?sid=1916,Coushatta Casino Resort,2026-10-01T17:07:26.839274+00:00
1913,Ultimate X - Ten Play Double Bonus Poker,IGT,Poker,$0.05,N/A,,,https://www.coushattacasinoresort.com/slot-map.php?sid=1913,https://www.coushattacasinoresort.com/slot-map.php?sid=1913,Coushatta Casino Resort,2026-10-01T17:07:26.589717+00:00
1914,Ultimate X - Ten Play Double Bonus Poker,IGT,Poker,$0.10,N/A,,,https://www.coushattacasinoresort.com/slot-map.php?sid=1914,https://www.coushattacasinoresort.com/slot-map.php?sid=1914,Coushatta Casino Resort,2026-10-01T17:07:26.655559+00:00
1911,Ultimate X - Ten Play Double Double Bonus Poker,IGT,Poker,$0.05,N/A,,,https://www.coushattacasinoresort.com/slot-map.php?sid=1911,https://www.coushattacasinoresort.com/slot-map.php?sid=1911,Coushatta Casino Resort,2026-10-01T17:07:26.535463+00:00
1912,Ultimate X - Ten Play Double Double Bonus Poker,IGT,Poker,$0.10,N/A,,,https://www.coushattacasinoresort.com/slot-map.php?sid=1912,https://www.coushattacasinoresort.com/slot-map.php?sid=1912,Coushatta Casino Resort,2026-10-01T17:07:26.552876+00:00
1909,Ultimate X - Ten Play Jacks or Better,IGT,Poker,$0.05,N/A,,,https://www.coushattacasinoresort.com/slot-map.php?sid=1909,https://www.coushattacasinoresort.com/slot-map.php?sid=1909,Coushatta Casino Resort,2026-10-01T17:07:26.495620+00:00
1910,Ultimate X - Ten Play Jacks or Better,IGT,Poker,$0.10,N/A,,,https://www.coushattacasinoresort.com/slot-map.php?sid=1910,https://www.coushattacasinoresort.com/slot-map.php?sid=1910,Coushatta Casino Resort,2026-10-01T17:07:26.531286+00:00
1907,Ultimate X - Ten Play Joker Poker,IGT,Poker,$0.05,N/A,,,https://www.coushattacasinoresort.com/slot-map.php?sid=1907,https://www.coushattacasinoresort.com/slot-map.php?sid=1907,Coushatta Casino Resort,2026-10-01T17:07:26.464101+00:00
1908,Ultimate X - Ten Play Joker Poker,IGT,Poker,$0.10,N/A,,,https://www.coushattacasinoresort.com/slot-map.php?sid=1908,https://www.coushattacasinoresort.com/slot-map.php?sid=1908,Coushatta Casino Resort,2026-10-01T17:07:26.477377+00:00
1905,Ultimate X - Ten Play Triple Double Bonus Poker,IGT,Poker,$0.05,N/A,,,https://www.coushattacasinoresort.com/slot-map.php?sid=1905,https://www.coushattacasinoresort.com/slot-map.php?sid=1905,Coushatta Casino Resort,2026-10-01T17:07:26.382883+00:00
1906,Ultimate X - Ten Play Triple Double Bonus Poker,IGT,Poker,$0.10,N/A,,,https://www.coushattacasinoresort.com/slot-map.php?sid=1906,https://www.coushattacasinoresort.com/slot-map.php?sid=1906,Coushatta Casino Resort,2026-10-01T17:07:26.448649+00:00
1902,Ultimate X - Triple Play Bonus Poker,IGT,Poker,$0.05,N/A,,,https://www.coushattacasinoresort.com/slot-map.php?sid=1902,https://www.coushattacasinoresort.com/slot-map.php?sid=1902,Coushatta Casino Resort,2026-10-01T17:07:26.278463+00:00
1903,Ultimate X - Triple Play Bonus Poker,IGT,Poker,$0.10,N/A,,,https://www.coushattacasinoresort.com/slot-map.php?sid=1903,https://www.coushattacasinoresort.com/slot-map.php?sid=1903,Coushatta Casino Resort,2026-10-01T17:07:26.316622+00:00
1904,Ultimate X - Triple Play Bonus Poker,IGT,Poker,$0.25,N/A,,,https://www.coushattacasinoresort.com/slot-map.php?sid=1904,https://www.coushattacasinoresort.com/slot-map.php?sid=1904,Coushatta Casino Resort,2026-10-01T17:07:26.349690+00:00
1899,Ultimate X - Triple Play Bonus Poker Deluxe,IGT,Poker,$0.05,N/A,,,https://www.coushattacasinoresort.com/slot-map.php?sid=1899,https://www.coushattacasinoresort.com/slot-map.php?sid=1899,Coushatta Casino Resort,2026-10-01T17:07:26.199328+00:00
1900,Ultimate X - Triple Play Bonus Poker Deluxe,IGT,Poker,$0.10,N/A,,,https://www.coushattacasinoresort.com/slot-map.php?sid=1900,https://www.coushattacasinoresort.com/slot-map.php?sid=1900,Coushatta Casino Resort,2026-10-01T17:07:26.320320+00:00
1901,Ultimate X - Triple Play Bonus Poker Deluxe,IGT,Poker,$0.25,N/A,,,https://www.coushattacasinoresort.com/slot-map.php?sid=1901,https://www.coushattacasinoresort.com/slot-map.php?sid=1901,Coushatta Casino Resort,2026-10-01T17:07:26.241869+00:00
1896,Ultimate X - Triple Play Deuces Wild,IGT,Poker,$0.05,N/A,,,https://www.coushattacasinoresort.com/slot-map.php?sid=1896,https://www.coushattacasinoresort.com/slot-map.php?sid=1896,Coushatta Casino Resort,2026-10-01T17:07:26.121176+00:00
1897,Ultimate X - Triple Play Deuces Wild,IGT,Poker,$0.10,N/A,,,https://www.coushattacasinoresort.com/slot-map.php?sid=1897,https://www.coushattacasinoresort.com/slot-map.php?sid=1897,Coushatta Casino Resort,2026-10-01T17:07:26.258464+00:00
1898,Ultimate X - Triple Play Deuces Wild,IGT,Poker,$0.25,N/A,,,https://www.coushattacasinoresort.com/slot-map.php?sid=1898,https://www.coushattacasinoresort.com/slot-map.php?sid=1898,Coushatta Casino Resort,2026-10-01T17:07:26.158275+00:00
1893,Ultimate X - Triple Play Deuces Wild Bonus,IGT,Poker,$0.05,N/A,,,https://www.coushattacasinoresort.com/slot-map.php?sid=1893,https://www.coushattacasinoresort.com/slot-map.php?sid=1893,Coushatta Casino Resort,2026-10-01T17:07:25.984362+00:00
1894,Ultimate X - Triple Play Deuces Wild Bonus,IGT,Poker,$0.10,N/A,,,https://www.coushattacasinoresort.com/slot-map.php?sid=1894,https://www.coushattacasinoresort.com/slot-map.php?sid=1894,Coushatta Casino Resort,2026-10-01T17:07:25.965296+00:00
1895,Ultimate X - Triple Play Deuces Wild Bonus,IGT,Poker,$0.25,N/A,,,https://www.coushattacasinoresort.com/slot-map.php?sid=1895,https://www.coushattacasinoresort.com/slot-map.php?sid=1895,Coushatta Casino Resort,2026-10-01T17:07:26.095076+00:00
1890,Ultimate X - Triple Play Double Bonus Poker,IGT,Poker,$0.05,N/A,,,https://www.coushattacasinoresort.com/slot-map.php?sid=1890,https://www.coushattacasinoresort.com/slot-map.php?sid=1890,Coushatta Casino Resort,2026-10-01T17:07:25.957545+00:00
1891,Ultimate X - Triple Play Double Bonus Poker,IGT,Poker,$0.10,N/A,,,https://www.coushattacasinoresort.com/slot-map.php?sid=1891,https://www.coushattacasinoresort.com/slot-map.php?sid=1891,Coushatta Casino Resort,2026-10-01T17:07:25.939268+00:00
1892,Ultimate X - Triple Play Double Bonus Poker,IGT,Poker,$0.25,N/A,,,https://www.coushattacasinoresort.com/slot-map.php?sid=1892,https://www.coushattacasinoresort.com/slot-map.php?sid=1892,Coushatta Casino Resort,2026-10-01T17:07:26.005905+00:00
1887,Ultimate X - Triple Play Double Double Bonus Poker,IGT,Poker,$0.05,N/A,,,https://www.coushattacasinoresort.com/slot-map.php?sid=1887,https://www.coushattacasinoresort.com/slot-map.php?sid=1887,Coushatta Casino Resort,2026-10-01T17:07:25.899685+00:00
1888,Ultimate X - Triple Play Double Double Bonus Poker,IGT,Poker,$0.10,N/A,,,https://www.coushattacasinoresort.com/slot-map.php?sid=1888,https://www.coushattacasinoresort.com/slot-map.php?sid=1888,Coushatta Casino Resort,2026-10-01T17:07:25.879837+00:00
1889,Ultimate X - Triple Play Double Double Bonus Poker,IGT,Poker,$0.25,N/A,,,https://www.coushattacasinoresort.com/slot-map.php?sid=1889,https://www.coushattacasinoresort.com/slot-map.php?sid=1889,Coushatta Casino Resort,2026-10-01T17:07:25.883589+00:00
1884,Ultimate X - Triple Play Jacks or Better Poker,IGT,Poker,$0.05,N/A,,,https://www.coushattacasinoresort.com/slot-map.php?sid=1884,https://www.coushattacasinoresort.com/slot-map.php?sid=1884,Coushatta Casino Resort,2026-10-01T17:07:25.751968+00:00
1885,Ultimate X - Triple Play Jacks or Better Poker,IGT,Poker,$0.10,N/A,,,https://www.coushattacasinoresort.com/slot-map.php?sid=1885,https://www.coushattacasinoresort.com/slot-map.php?sid=1885,Coushatta Casino Resort,2026-10-01T17:07:25.746207+00:00
1886,Ultimate X - Triple Play Jacks or Better Poker,IGT,Poker,$0.25,N/A,,,https://www.coushattacasinoresort.com/slot-map.php?sid=1886,https://www.coushattacasinoresort.com/slot-map.php?sid=1886,Coushatta Casino Resort,2026-10-01T17:07:25.750467+00:00
1881,Ultimate X - Triple Play Joker Poker,IGT,Poker,$0.05,N/A,,,https://www.coushattacasinoresort.com/slot-map.php?sid=1881,https://www.coushattacasinoresort.com/slot-map.php?sid=1881,Coushatta Casino Resort,2026-10-01T17:07:25.637508+00:00
1882,Ultimate X - Triple Play Joker Poker,IGT,Poker,$0.10,N/A,,,https://www.coushattacasinoresort.com/slot-map.php?sid=1882,https://www.coushattacasinoresort.com/slot-map.php?sid=1882,Coushatta Casino Resort,2026-10-01T17:07:25.691711+00:00
1883,Ultimate X - Triple Play Joker Poker,IGT,Poker,$0.25,N/A,,,https://www.coushattacasinoresort.com/slot-map.php?sid=1883,https://www.coushattacasinoresort.com/slot-map.php?sid=1883,Coushatta Casino Resort,2026-10-01T17:07:25.695143+00:00
1878,Ultimate X - Triple Play Triple Double Bonus Poker,IGT,Poker,$0.05,N/A,,,https://www.coushattacasinoresort.com/slot-map.php?sid=1878,https://www.coushattacasinoresort.com/slot-map.php?sid=1878,Coushatta Casino Resort,2026-10-01T17:07:25.512871+00:00
1879,Ultimate X - Triple Play Triple Double Bonus Poker,IGT,Poker,$0.10,N/A,,,https://www.coushattacasinoresort.com/slot-map.php?sid=1879,https://www.coushattacasinoresort.com/slot-map.php?sid=1879,Coushatta Casino Resort,2026-10-01T17:07:25.619337+00:00
1880,Ultimate X - Triple Play Triple Double Bonus Poker,IGT,Poker,$0.25,N/A,,,https://www.coushattacasinoresort.com/slot-map.php?sid=1880,https://www.coushattacasinoresort.com/slot-map.php?sid=1880,Coushatta Casino Resort,2026-10-01T17:07:25.633727+00:00
1875,Ultimate X Bonus Streak - Five Play Bonus Poker,IGT,Poker,$0.05,N/A,,,https://www.coushattacasinoresort.com/slot-map.php?sid=1875,https://www.coushattacasinoresort.com/slot-map.php?sid=1875,Coushatta Casino Resort,2026-10-01T17:07:25.466957+00:00
1876,Ultimate X Bonus Streak - Five Play Bonus Poker,IGT,Poker,$0.10,N/A,,,https://www.coushattacasinoresort.com/slot-map.php?sid=1876,https://www.coushattacasinoresort.com/slot-map.php?sid=1876,Coushatta Casino Resort,2026-10-01T17:07:25.488917+00:00
1877,Ultimate X Bonus Streak - Five Play Bonus Poker,IGT,Poker,$0.25,N/A,,,https://www.coushattacasinoresort.com/slot-map.php?sid=1877,https://www.coushattacasinoresort.com/slot-map.php?sid=1877,Coushatta Casino Resort,2026-10-01T17:07:25.484230+00:00
1872,Ultimate X Bonus Streak - Five Play Bonus Poker Deluxe,IGT,Poker,$0.05,N/A,,,https://www.coushattacasinoresort.com/slot-map.php?sid=1872,https://www.coushattacasinoresort.com/slot-map.php?sid=1872,Coushatta Casino Resort,2026-10-01T17:07:25.417300+00:00
1873,Ultimate X Bonus Streak - Five Play Bonus Poker Deluxe,IGT,Poker,$0.10,N/A,,,https://www.coushattacasinoresort.com/slot-map.php?sid=1873,https://www.coushattacasinoresort.com/slot-map.php?sid=1873,Coushatta Casino Resort,2026-10-01T17:07:25.420753+00:00
1874,Ultimate X Bonus Streak - Five Play Bonus Poker Deluxe,IGT,Poker,$0.25,N/A,,,https://www.coushattacasinoresort.com/slot-map.php?sid=1874,https://www.coushattacasinoresort.com/slot-map.php?sid=1874,Coushatta Casino Resort,2026-10-01T17:07:25.461204+00:00
1865,Ultimate X Bonus Streak - Five Play Deuces Bonus Poker,IGT,Poker,$0.05,N/A,,,https://www.coushattacasinoresort.com/slot-map.php?sid=1865,https://www.coushattacasinoresort.com/slot-map.php?sid=1865,Coushatta Casino Resort,2026-10-01T17:07:25.172768+00:00
1866,Ultimate X Bonus Streak - Five Play Deuces Bonus Poker,IGT,Poker,$0.10,N/A,,,https://www.coushattacasinoresort.com/slot-map.php?sid=1866,https://www.coushattacasinoresort.com/slot-map.php?sid=1866,Coushatta Casino Resort,2026-10-01T17:07:25.243022+00:00
1871,Ultimate X Bonus Streak - Five Play Deuces Bonus Poker,IGT,Poker,$0.25,N/A,,,https://www.coushattacasinoresort.com/slot-map.php?sid=1871,https://www.coushattacasinoresort.com/slot-map.php?sid=1871,Coushatta Casino Resort,2026-10-01T17:07:25.411497+00:00
1855,Ultimate X Bonus Streak - Five Play Deuces Wild,IGT,Poker,$0.05,N/A,,,https://www.coushattacasinoresort.com/slot-map.php?sid=1855,https://www.coushattacasinoresort.com/slot-map.php?sid=1855,Coushatta Casino Resort,2026-10-01T17:07:24.938543+00:00
1856,Ultimate X Bonus Streak - Five Play Deuces Wild,IGT,Poker,$0.10,N/A,,,https://www.coushattacasinoresort.com/slot-map.php?sid=1856,https://www.coushattacasinoresort.com/slot-map.php?sid=1856,Coushatta Casino Resort,2026-10-01T17:07:24.945686+00:00
1864,Ultimate X Bonus Streak - Five Play Deuces Wild,IGT,Poker,$0.25,N/A,,,https://www.coushattacasinoresort.com/slot-map.php?sid=1864,https://www.coushattacasinoresort.com/slot-map.php?sid=1864,Coushatta Casino Resort,2026-10-01T17:07:25.201276+00:00
1852,Ultimate X Bonus Streak - Five Play Double Bonus Poker,IGT,Poker,$0.05,N/A,,,https://www.coushattacasinoresort.com/slot-map.php?sid=1852,https://www.coushattacasinoresort.com/slot-map.php?sid=1852,Coushatta Casino Resort,2026-10-01T17:07:24.788878+00:00
1853,Ultimate X Bonus Streak - Five Play Double Bonus Poker,IGT,Poker,$0.10,N/A,,,https://www.coushattacasinoresort.com/slot-map.php?sid=1853,https://www.coushattacasinoresort.com/slot-map.php?sid=1853,Coushatta Casino Resort,2026-10-01T17:07:24.822182+00:00
1854,Ultimate X Bonus Streak - Five Play Double Bonus Poker,IGT,Poker,$0.25,N/A,,,https://www.coushattacasinoresort.com/slot-map.php?sid=1854,https://www.coushattacasinoresort.com/slot-map.php?sid=1854,Coushatta Casino Resort,2026-10-01T17:07:24.860346+00:00
1849,Ultimate X Bonus Streak - Five Play Double Double Bonus Poker,IGT,Poker,$0.05,N/A,,,https://www.coushattacasinoresort.com/slot-map.php?sid=1849,https://www.coushattacasinoresort.com/slot-map.php?sid=1849,Coushatta Casino Resort,2026-10-01T17:07:24.767372+00:00
1850,Ultimate X Bonus Streak - Five Play Double Double Bonus Poker,IGT,Poker,$0.10,N/A,,,https://www.coushattacasinoresort.com/slot-map.php?sid=1850,https://www.coushattacasinoresort.com/slot-map.php?sid=1850,Coushatta Casino Resort,2026-10-01T17:07:24.781228+00:00
1851,Ultimate X Bonus Streak - Five Play Double Double Bonus Poker,IGT,Poker,$0.25,N/A,,,https://www.coushattacasinoresort.com/slot-map.php?sid=1851,https://www.coushattacasinoresort.com/slot-map.php?sid=1851,Coushatta Casino Resort,2026-10-01T17:07:24.793150+00:00
1846,Ultimate X Bonus Streak - Five Play Jacks or Better,IGT,Poker,$0.05,N/A,,,https://www.coushattacasinoresort.com/slot-map.php?sid=1846,https://www.coushattacasinoresort.com/slot-map.php?sid=1846,Coushatta Casino Resort,2026-10-01T17:07:24.755384+00:00
1847,Ultimate X Bonus Streak - Five Play Jacks or Better,IGT,Poker,$0.10,N/A,,,https://www.coushattacasinoresort.com/slot-map.php?sid=1847,https://www.coushattacasinoresort.com/slot-map.php?sid=1847,Coushatta Casino Resort,2026-10-01T17:07:24.758896+00:00
1848,Ultimate X Bonus Streak - Five Play Jacks or Better,IGT,Poker,$0.25,N/A,,,https://www.coushattacasinoresort.com/slot-map.php?sid=1848,https://www.coushattacasinoresort.com/slot-map.php?sid=1848,Coushatta Casino Resort,2026-10-01T17:07:24.762845+00:00
1843,Ultimate X Bonus Streak - Five Play Triple Double Bonus Poker,IGT,Poker,$0.05,N/A,,,https://www.coushattacasinoresort.com/slot-map.php?sid=1843,https://www.coushattacasinoresort.com/slot-map.php?sid=1843,Coushatta Casino Resort,2026-10-01T17:07:24.685034+00:00
1844,Ultimate X Bonus Streak - Five Play Triple Double Bonus Poker,IGT,Poker,$0.10,N/A,,,https://www.coushattacasinoresort.com/slot-map.php?sid=1844,https://www.coushattacasinoresort.com/slot-map.php?sid=1844,Coushatta Casino Resort,2026-10-01T17:07:24.692704+00:00
1845,Ultimate X Bonus Streak - Five Play Triple Double Bonus Poker,IGT,Poker,$0.25,N/A,,,https://www.coushattacasinoresort.com/slot-map.php?sid=1845,https://www.coushattacasinoresort.com/slot-map.php?sid=1845,Coushatta Casino Resort,2026-10-01T17:07:24.717003+00:00
1841,Ultimate X Bonus Streak - Ten Play Bonus Poker,IGT,Poker,$0.05,N/A,,,https://www.coushattacasinoresort.com/slot-map.php?sid=1841,https://www.coushattacasinoresort.com/slot-map.php?sid=1841,Coushatta Casino Resort,2026-10-01T17:07:24.672512+00:00
1842,Ultimate X Bonus Streak - Ten Play Bonus Poker,IGT,Poker,$0.10,N/A,,,https://www.coushattacasinoresort.com/slot-map.php?sid=1842,https://www.coushattacasinoresort.com/slot-map.php?sid=1842,Coushatta Casino Resort,2026-10-01T17:07:24.664206+00:00
1839,Ultimate X Bonus Streak - Ten Play Bonus Poker Deluxe,IGT,Poker,$0.05,N/A,,,https://www.coushattacasinoresort.com/slot-map.php?sid=1839,https://www.coushattacasinoresort.com/slot-map.php?sid=1839,Coushatta Casino Resort,2026-10-01T17:07:24.614997+00:00
1840,Ultimate X Bonus Streak - Ten Play Bonus Poker Deluxe,IGT,Poker,$0.10,N/A,,,https://www.coushattacasinoresort.com/slot-map.php?sid=1840,https://www.coushattacasinoresort.com/slot-map.php?sid=1840,Coushatta Casino Resort,2026-10-01T17:07:24.650910+00:00
1837,Ultimate X Bonus Streak - Ten Play Deuces Wild,IGT,Poker,$0.05,N/A,,,https://www.coushattacasinoresort.com/slot-map.php?sid=1837,https://www.coushattacasinoresort.com/slot-map.php?sid=1837,Coushatta Casino Resort,2026-10-01T17:07:24.610400+00:00
1838,Ultimate X Bonus Streak - Ten Play Deuces Wild,IGT,Poker,$0.10,N/A,,,https://www.coushattacasinoresort.com/slot-map.php?sid=1838,https://www.coushattacasinoresort.com/slot-map.php?sid=1838,Coushatta Casino Resort,2026-10-01T17:07:24.618859+00:00
1835,Ultimate X Bonus Streak - Ten Play Deuces Wild Bonus,IGT,Poker,$0.05,N/A,,,https://www.coushattacasinoresort.com/slot-map.php?sid=1835,https://www.coushattacasinoresort.com/slot-map.php?sid=1835,Coushatta Casino Resort,2026-10-01T17:07:24.566907+00:00
1836,Ultimate X Bonus Streak - Ten Play Deuces Wild Bonus,IGT,Poker,$0.10,N/A,,,https://www.coushattacasinoresort.com/slot-map.php?sid=1836,https://www.coushattacasinoresort.com/slot-map.php?sid=1836,Coushatta Casino Resort,2026-10-01T17:07:24.579440+00:00
1833,Ultimate X Bonus Streak - Ten Play Double Bonus Poker,IGT,Poker,$0.05,N/A,,,https://www.coushattacasinoresort.com/slot-map.php?sid=1833,https://www.coushattacasinoresort.com/slot-map.php?sid=1833,Coushatta Casino Resort,2026-10-01T17:07:24.558588+00:00
1834,Ultimate X Bonus Streak - Ten Play Double Bonus Poker,IGT,Poker,$0.10,N/A,,,https://www.coushattacasinoresort.com/slot-map.php?sid=1834,https://www.coushattacasinoresort.com/slot-map.php?sid=1834,Coushatta Casino Resort,2026-10-01T17:07:24.554771+00:00
1828,Ultimate X Bonus Streak - Ten Play Double Double Bonus Poker,IGT,Poker,$0.05,N/A,,,https://www.coushattacasinoresort.com/slot-map.php?sid=1828,https://www.coushattacasinoresort.com/slot-map.php?sid=1828,Coushatta Casino Resort,2026-10-01T17:07:24.451824+00:00
1829,Ultimate X Bonus Streak - Ten Play Double Double Bonus Poker,IGT,Poker,$0.10,N/A,,,https://www.coushattacasinoresort.com/slot-map.php?sid=1829,https://www.coushattacasinoresort.com/slot-map.php?sid=1829,Coushatta Casino Resort,2026-10-01T17:07:24.499801+00:00
1826,Ultimate X Bonus Streak - Ten Play Jacks or Better,IGT,Poker,$0.05,N/A,,,https://www.coushattacasinoresort.com/slot-map.php?sid=1826,https://www.coushattacasinoresort.com/slot-map.php?sid=1826,Coushatta Casino Resort,2026-10-01T17:07:24.469040+00:00
1827,Ultimate X Bonus Streak - Ten Play Jacks or Better,IGT,Poker,$0.10,N/A,,,https://www.coushattacasinoresort.com/slot-map.php?sid=1827,https://www.coushattacasinoresort.com/slot-map.php?sid=1827,Coushatta Casino Resort,2026-10-01T17:07:24.473575+00:00
1824,Ultimate X Bonus Streak - Ten Play Triple Double Bonus Poker,IGT,Poker,$0.05,N/A,,,https://www.coushattacasinoresort.com/slot-map.php?sid=1824,https://www.coushattacasinoresort.com/slot-map.php?sid=1824,Coushatta Casino Resort,2026-10-01T17:07:24.345495+00:00
1825,Ultimate X Bonus Streak - Ten Play Triple Double Bonus Poker,IGT,Poker,$0.10,N/A,,,https://www.coushattacasinoresort.com/slot-map.php?sid=1825,https://www.coushattacasinoresort.com/slot-map.php?sid=1825,Coushatta Casino Resort,2026-10-01T17:07:24.446427+00:00
1821,Ultimate X Bonus Streak - Triple Play Bonus Poker,IGT,Poker,$0.05,N/A,,,https://www.coushattacasinoresort.com/slot-map.php?sid=1821,https://www.coushattacasinoresort.com/slot-map.php?sid=1821,Coushatta Casino Resort,2026-10-01T17:07:24.334079+00:00
1822,Ultimate X Bonus Streak - Triple Play Bonus Poker,IGT,Poker,$0.10,N/A,,,https://www.coushattacasinoresort.com/slot-map.php?sid=1822,https://www.coushattacasinoresort.com/slot-map.php?sid=1822,Coushatta Casino Resort,2026-10-01T17:07:24.357611+00:00
1823,Ultimate X Bonus Streak - Triple Play Bonus Poker,IGT,Poker,$0.25,N/A,,,https://www.coushattacasinoresort.com/slot-map.php?sid=1823,https://www.coushattacasinoresort.com/slot-map.php?sid=1823,Coushatta Casino Resort,2026-10-01T17:07:24.354899+00:00
1818,Ultimate X Bonus Streak - Triple Play Bonus Poker Deluxe,IGT,Poker,$0.05,N/A,,,https://www.coushattacasinoresort.com/slot-map.php?sid=1818,https://www.coushattacasinoresort.com/slot-map.php?sid=1818,Coushatta Casino Resort,2026-10-01T17:07:24.332476+00:00
1819,Ultimate X Bonus Streak - Triple Play Bonus Poker Deluxe,IGT,Poker,$0.10,N/A,,,https://www.coushattacasinoresort.com/slot-map.php?sid=1819,https://www.coushattacasinoresort.com/slot-map.php?sid=1819,Coushatta Casino Resort,2026-10-01T17:07:24.325367+00:00
1820,Ultimate X Bonus Streak - Triple Play Bonus Poker Deluxe,IGT,Poker,$0.25,N/A,,,https://www.coushattacasinoresort.com/slot-map.php?sid=1820,https://www.coushattacasinoresort.com/slot-map.php?sid=1820,Coushatta Casino Resort,2026-10-01T17:07:24.349116+00:00
1815,Ultimate X Bonus Streak - Triple Play Deuces Wild,IGT,Poker,$0.05,N/A,,,https://www.coushattacasinoresort.com/slot-map.php?sid=1815,https://www.coushattacasinoresort.com/slot-map.php?sid=1815,Coushatta Casino Resort,2026-10-01T17:07:24.242108+00:00
1816,Ultimate X Bonus Streak - Triple Play Deuces Wild,IGT,Poker,$0.10,N/A,,,https://www.coushattacasinoresort.com/slot-map.php?sid=1816,https://www.coushattacasinoresort.com/slot-map.php?sid=1816,Coushatta Casino Resort,2026-10-01T17:07:24.246788+00:00
1817,Ultimate X Bonus Streak - Triple Play Deuces Wild,IGT,Poker,$0.25,N/A,,,https://www.coushattacasinoresort.com/slot-map.php?sid=1817,https://www.coushattacasinoresort.com/slot-map.php?sid=1817,Coushatta Casino Resort,2026-10-01T17:07:24.328690+00:00
1812,Ultimate X Bonus Streak - Triple Play Deuces Wild Bonus,IGT,Poker,$0.05,N/A,,,https://www.coushattacasinoresort.com/slot-map.php?sid=1812,https://www.coushattacasinoresort.com/slot-map.php?sid=1812,Coushatta Casino Resort,2026-10-01T17:07:24.220193+00:00
1813,Ultimate X Bonus Streak - Triple Play Deuces Wild Bonus,IGT,Poker,$0.10,N/A,,,https://www.coushattacasinoresort.com/slot-map.php?sid=1813,https://www.coushattacasinoresort.com/slot-map.php?sid=1813,Coushatta Casino Resort,2026-10-01T17:07:24.214382+00:00
1814,Ultimate X Bonus Streak - Triple Play Deuces Wild Bonus,IGT,Poker,$0.25,N/A,,,https://www.coushattacasinoresort.com/slot-map.php?sid=1814,https://www.coushattacasinoresort.com/slot-map.php?sid=1814,Coushatta Casino Resort,2026-10-01T17:07:24.209376+00:00
1809,Ultimate X Bonus Streak - Triple Play Double Bonus Poker,IGT,Poker,$0.05,N/A,,,https://www.coushattacasinoresort.com/slot-map.php?sid=1809,https://www.coushattacasinoresort.com/slot-map.php?sid=1809,Coushatta Casino Resort,2026-10-01T17:07:24.191320+00:00
1810,Ultimate X Bonus Streak - Triple Play Double Bonus Poker,IGT,Poker,$0.10,N/A,,,https://www.coushattacasinoresort.com/slot-map.php?sid=1810,https://www.coushattacasinoresort.com/slot-map.php?sid=1810,Coushatta Casino Resort,2026-10-01T17:07:24.194479+00:00
1811,Ultimate X Bonus Streak - Triple Play Double Bonus Poker,IGT,Poker,$0.25,N/A,,,https://www.coushattacasinoresort.com/slot-map.php?sid=1811,https://www.coushattacasinoresort.com/slot-map.php?sid=1811,Coushatta Casino Resort,2026-10-01T17:07:24.197876+00:00
1753,Ultimate X Bonus Streak - Triple Play Double Double Bonus Poker,IGT,Poker,$0.05,N/A,,,https://www.coushattacasinoresort.com/slot-map.php?sid=1753,https://www.coushattacasinoresort.com/slot-map.php?sid=1753,Coushatta Casino Resort,2026-10-01T17:07:23.359677+00:00
1807,Ultimate X Bonus Streak - Triple Play Double Double Bonus Poker,IGT,Poker,$0.10,N/A,,,https://www.coushattacasinoresort.com/slot-map.php?sid=1807,https://www.coushattacasinoresort.com/slot-map.php?sid=1807,Coushatta Casino Resort,2026-10-01T17:07:24.116457+00:00
1808,Ultimate X Bonus Streak - Triple Play Double Double Bonus Poker,IGT,Poker,$0.25,N/A,,,https://www.coushattacasinoresort.com/slot-map.php?sid=1808,https://www.coushattacasinoresort.com/slot-map.php?sid=1808,Coushatta Casino Resort,2026-10-01T17:07:24.123185+00:00
1750,Ultimate X Bonus Streak - Triple Play Jacks or Better Poker,IGT,Poker,$0.05,N/A,,,https://www.coushattacasinoresort.com/slot-map.php?sid=1750,https://www.coushattacasinoresort.com/slot-map.php?sid=1750,Coushatta Casino Resort,2026-10-01T17:07:23.290070+00:00
1751,Ultimate X Bonus Streak - Triple Play Jacks or Better Poker,IGT,Poker,$0.10,N/A,,,https://www.coushattacasinoresort.com/slot-map.php?sid=1751,https://www.coushattacasinoresort.com/slot-map.php?sid=1751,Coushatta Casino Resort,2026-10-01T17:07:23.296029+00:00
1752,Ultimate X Bonus Streak - Triple Play Jacks or Better Poker,IGT,Poker,$0.25,N/A,,,https://www.coushattacasinoresort.com/slot-map.php?sid=1752,https://www.coushattacasinoresort.com/slot-map.php?sid=1752,Coushatta Casino Resort,2026-10-01T17:07:23.356008+00:00
1747,Ultimate X Bonus Streak - Triple Play Triple Double Bonus Poker,IGT,Poker,$0.05,N/A,,,https://www.coushattacasinoresort.com/slot-map.php?sid=1747,https://www.coushattacasinoresort.com/slot-map.php?sid=1747,Coushatta Casino Resort,2026-10-01T17:07:23.285286+00:00
1748,Ultimate X Bonus Streak - Triple Play Triple Double Bonus Poker,IGT,Poker,$0.10,N/A,,,https://www.coushattacasinoresort.com/slot-map.php?sid=1748,https://www.coushattacasinoresort.com/slot-map.php?sid=1748,Coushatta Casino Resort,2026-10-01T17:07:23.299648+00:00
1749,Ultimate X Bonus Streak - Triple Play Triple Double Bonus Poker,IGT,Poker,$0.25,N/A,,,https://www.coushattacasinoresort.com/slot-map.php?sid=1749,https://www.coushattacasinoresort.com/slot-map.php?sid=1749,Coushatta Casino Resort,2026-10-01T17:07:23.270721+00:00
723,Ultra Rush Gold:African Adventure P,Incredible Technologies,Video,$0.01,Medium,3.0,,https://www.coushattacasinoresort.com/slot-map.php?sid=723,https://www.coushattacasinoresort.com/slot-map.php?sid=723,Coushatta Casino Resort,2026-10-01T17:07:10.643115+00:00
724,Ultra Rush Gold:African Adventure P,Incredible Technologies,Video,$0.02,Medium,3.0,,https://www.coushattacasinoresort.com/slot-map.php?sid=724,https://www.coushattacasinoresort.com/slot-map.php?sid=724,Coushatta Casino Resort,2026-10-01T17:07:10.647392+00:00
725,Ultra Rush Gold:African Adventure P,Incredible Technologies,Video,$0.05,Medium,3.0,,https://www.coushattacasinoresort.com/slot-map.php?sid=725,https://www.coushattacasinoresort.com/slot-map.php?sid=725,Coushatta Casino Resort,2026-10-01T17:07:10.715242+00:00
726,Ultra Rush Gold:African Adventure P,Incredible Technologies,Video,$0.10,Medium,3.0,,https://www.coushattacasinoresort.com/slot-map.php?sid=726,https://www.coushattacasinoresort.com/slot-map.php?sid=726,Coushatta Casino Resort,2026-10-01T17:07:10.752871+00:00
727,Ultra Rush Gold:Midnight Ice Md Pr,Incredible Technologies,Video,$0.01,Medium,3.0,,https://www.coushattacasinoresort.com/slot-map.php?sid=727,https://www.coushattacasinoresort.com/slot-map.php?sid=727,Coushatta Casino Resort,2026-10-01T17:07:10.748354+00:00
652,Ultra Rush Gold:Mythical Phoenix P,Incredible Technologies,Video,$0.01,Medium,3.0,,https://www.coushattacasinoresort.com/slot-map.php?sid=652,https://www.coushattacasinoresort.com/slot-map.php?sid=652,Coushatta Casino Resort,2026-10-01T17:07:09.733046+00:00
653,Ultra Rush Gold:Mythical Phoenix P,Incredible Technologies,Video,$0.02,Medium,3.0,,https://www.coushattacasinoresort.com/slot-map.php?sid=653,https://www.coushattacasinoresort.com/slot-map.php?sid=653,Coushatta Casino Resort,2026-10-01T17:07:09.666149+00:00
654,Ultra Rush Gold:Mythical Phoenix P,Incredible Technologies,Video,$0.05,Medium,3.0,,https://www.coushattacasinoresort.com/slot-map.php?sid=654,https://www.coushattacasinoresort.com/slot-map.php?sid=654,Coushatta Casino Resort,2026-10-01T17:07:09.667660+00:00
655,Ultra Rush Gold:Mythical Phoenix P,Incredible Technologies,Video,$0.10,Medium,3.0,,https://www.coushattacasinoresort.com/slot-map.php?sid=655,https://www.coushattacasinoresort.com/slot-map.php?sid=655,Coushatta Casino Resort,2026-10-01T17:07:09.681399+00:00
602,Ultra Rush Gold:Tiger Run (Md) (P),Incredible Technologies,Video,$0.01,Medium,3.0,,https://www.coushattacasinoresort.com/slot-map.php?sid=602,https://www.coushattacasinoresort.com/slot-map.php?sid=602,Coushatta Casino Resort,2026-10-01T17:07:08.953276+00:00
603,Ultra Rush Gold:Tiger Run (Md) (P),Incredible Technologies,Video,$0.02,Medium,3.0,,https://www.coushattacasinoresort.com/slot-map.php?sid=603,https://www.coushattacasinoresort.com/slot-map.php?sid=603,Coushatta Casino Resort,2026-10-01T17:07:08.964127+00:00
604,Ultra Rush Gold:Tiger Run (Md) (P),Incredible Technologies,Video,$0.05,Medium,3.0,,https://www.coushattacasinoresort.com/slot-map.php?sid=604,https://www.coushattacasinoresort.com/slot-map.php?sid=604,Coushatta Casino Resort,2026-10-01T17:07:08.977776+00:00
605,Ultra Rush Gold:Tiger Run (Md) (P),Incredible Technologies,Video,$0.10,Medium,3.0,,https://www.coushattacasinoresort.com/slot-map.php?sid=605,https://www.coushattacasinoresort.com/slot-map.php?sid=605,Coushatta Casino Resort,2026-10-01T17:07:08.970277+00:00
506,Ultra Rush Gold:Tiger Run (Prog),Incredible Technologies,Video,$0.01,Low,2.0,,https://www.coushattacasinoresort.com/slot-map.php?sid=506,https://www.coushattacasinoresort.com/slot-map.php?sid=506,Coushatta Casino Resort,2026-10-01T17:07:07.772755+00:00
132,Valhara,IGT,Video,$1.00,High,4.0,,https://www.coushattacasinoresort.com/slot-map.php?sid=132,https://www.coushattacasinoresort.com/slot-map.php?sid=132,Coushatta Casino Resort,2026-10-01T17:07:03.366047+00:00
235,Way Keno [2-4-6],IGT Poker,Poker,$0.10,High,4.0,,https://www.coushattacasinoresort.com/slot-map.php?sid=235,https://www.coushattacasinoresort.com/slot-map.php?sid=235,Coushatta Casino Resort,2026-10-01T17:07:04.798015+00:00
236,Way Keno [2-4-6],IGT Poker,Poker,$0.25,High,4.0,,https://www.coushattacasinoresort.com/slot-map.php?sid=236,https://www.coushattacasinoresort.com/slot-map.php?sid=236,Coushatta Casino Resort,2026-10-01T17:07:04.805322+00:00
237,Way Keno [2-4-6],IGT Poker,Poker,$0.50,High,4.0,,https://www.coushattacasinoresort.com/slot-map.php?sid=237,https://www.coushattacasinoresort.com/slot-map.php?sid=237,Coushatta Casino Resort,2026-10-01T17:07:04.714665+00:00
238,Way Keno [2-4-6],IGT Poker,Poker,$1.00,High,4.0,,https://www.coushattacasinoresort.com/slot-map.php?sid=238,https://www.coushattacasinoresort.com/slot-map.php?sid=238,Coushatta Casino Resort,2026-10-01T17:07:04.745446+00:00
231,Way Keno [3-6-9],IGT Poker,Poker,$0.10,High,4.0,,https://www.coushattacasinoresort.com/slot-map.php?sid=231,https://www.coushattacasinoresort.com/slot-map.php?sid=231,Coushatta Casino Resort,2026-10-01T17:07:04.642656+00:00
232,Way Keno [3-6-9],IGT Poker,Poker,$0.25,High,4.0,,https://www.coushattacasinoresort.com/slot-map.php?sid=232,https://www.coushattacasinoresort.com/slot-map.php?sid=232,Coushatta Casino Resort,2026-10-01T17:07:04.649310+00:00
233,Way Keno [3-6-9],IGT Poker,Poker,$0.50,High,4.0,,https://www.coushattacasinoresort.com/slot-map.php?sid=233,https://www.coushattacasinoresort.com/slot-map.php?sid=233,Coushatta Casino Resort,2026-10-01T17:07:04.667180+00:00
234,Way Keno [3-6-9],IGT Poker,Poker,$1.00,High,4.0,,https://www.coushattacasinoresort.com/slot-map.php?sid=234,https://www.coushattacasinoresort.com/slot-map.php?sid=234,Coushatta Casino Resort,2026-10-01T17:07:04.802801+00:00
451,Way Too Cute Forest (Pr) (Md) (Car),IGT,Video,$0.01,Low,2.0,,https://www.coushattacasinoresort.com/slot-map.php?sid=451,https://www.coushattacasinoresort.com/slot-map.php?sid=451,Coushatta Casino Resort,2026-10-01T17:07:06.948548+00:00
452,Way Too Cute Forest (Pr) (Md) (Car),IGT,Video,$0.02,Low,2.0,,https://www.coushattacasinoresort.com/slot-map.php?sid=452,https://www.coushattacasinoresort.com/slot-map.php?sid=452,Coushatta Casino Resort,2026-10-01T17:07:07.087514+00:00
453,Way Too Cute Forest (Pr) (Md) (Car),IGT,Video,$0.05,Low,2.0,,https://www.coushattacasinoresort.com/slot-map.php?sid=453,https://www.coushattacasinoresort.com/slot-map.php?sid=453,Coushatta Casino Resort,2026-10-01T17:07:07.025265+00:00
533,Wedding party,IGT,Video,$0.01,Low,2.0,,https://www.coushattacasinoresort.com/slot-map.php?sid=533,https://www.coushattacasinoresort.com/slot-map.php?sid=533,Coushatta Casino Resort,2026-10-01T17:07:08.117863+00:00
90,Wheel Of Fortune: Gold Bar 7'S (P),IGT,Video,$0.01,High,4.0,,https://www.coushattacasinoresort.com/slot-map.php?sid=90,https://www.coushattacasinoresort.com/slot-map.php?sid=90,Coushatta Casino Resort,2026-10-01T17:07:02.668943+00:00
91,Wheel Of Fortune: Gold Bar 7'S (P),IGT,Reel,$0.01,High,4.0,,https://www.coushattacasinoresort.com/slot-map.php?sid=91,https://www.coushattacasinoresort.com/slot-map.php?sid=91,Coushatta Casino Resort,2026-10-01T17:07:02.715722+00:00
855,Wheel Of Fortune: Red White Blue 2,IGT,Reel,$100.00,Medium,3.0,,https://www.coushattacasinoresort.com/slot-map.php?sid=855,https://www.coushattacasinoresort.com/slot-map.php?sid=855,Coushatta Casino Resort,2026-10-01T17:07:12.647006+00:00
816,Whisker Wheel:Karma Kat (Md) (Pr),Aristocrat,Video,$0.01,Medium,3.0,,https://www.coushattacasinoresort.com/slot-map.php?sid=816,https://www.coushattacasinoresort.com/slot-map.php?sid=816,Coushatta Casino Resort,2026-10-01T17:07:12.042590+00:00
815,Whisker Wheel:Kismet Kat (Md) (Pr),Aristocrat,Video,$0.01,Medium,3.0,,https://www.coushattacasinoresort.com/slot-map.php?sid=815,https://www.coushattacasinoresort.com/slot-map.php?sid=815,Coushatta Casino Resort,2026-10-01T17:07:12.035725+00:00
87,Whisker Wheels (Mc) (Md) (Prog),Aristocrat,Video,$0.01,High,4.0,,https://www.coushattacasinoresort.com/slot-map.php?sid=87,https://www.coushattacasinoresort.com/slot-map.php?sid=87,Coushatta Casino Resort,2026-10-01T17:07:02.623036+00:00
2391,White Hot Aces,IGT,Poker,$0.25,N/A,,,https://www.coushattacasinoresort.com/slot-map.php?sid=2391,https://www.coushattacasinoresort.com/slot-map.php?sid=2391,Coushatta Casino Resort,2026-10-01T17:07:41.051462+00:00
2392,White Hot Aces,IGT,Poker,$0.50,N/A,,,https://www.coushattacasinoresort.com/slot-map.php?sid=2392,https://www.coushattacasinoresort.com/slot-map.php?sid=2392,Coushatta Casino Resort,2026-10-01T17:07:41.060660+00:00
2393,White Hot Aces,IGT,Poker,$1.00,N/A,,,https://www.coushattacasinoresort.com/slot-map.php?sid=2393,https://www.coushattacasinoresort.com/slot-map.php?sid=2393,Coushatta Casino Resort,2026-10-01T17:07:41.254557+00:00
2394,White Hot Aces,IGT,Poker,$2.00,N/A,,,https://www.coushattacasinoresort.com/slot-map.php?sid=2394,https://www.coushattacasinoresort.com/slot-map.php?sid=2394,Coushatta Casino Resort,2026-10-01T17:07:41.132512+00:00
2456,White Hot Aces,IGT,Poker,$5.00,N/A,,,https://www.coushattacasinoresort.com/slot-map.php?sid=2456,https://www.coushattacasinoresort.com/slot-map.php?sid=2456,Coushatta Casino Resort,2026-10-01T17:07:42.985361+00:00
2457,White Hot Aces,IGT,Poker,$10.00,N/A,,,https://www.coushattacasinoresort.com/slot-map.php?sid=2457,https://www.coushattacasinoresort.com/slot-map.php?sid=2457,Coushatta Casino Resort,2026-10-01T17:07:43.035387+00:00
2458,White Hot Aces,IGT,Poker,$25.00,N/A,,,https://www.coushattacasinoresort.com/slot-map.php?sid=2458,https://www.coushattacasinoresort.com/slot-map.php?sid=2458,Coushatta Casino Resort,2026-10-01T17:07:43.030075+00:00
2528,White Hot Aces Poker,IGT Poker,Poker,$0.25,N/A,,,https://www.coushattacasinoresort.com/slot-map.php?sid=2528,https://www.coushattacasinoresort.com/slot-map.php?sid=2528,Coushatta Casino Resort,2026-10-01T17:07:44.161392+00:00
2529,White Hot Aces Poker,IGT Poker,Poker,$0.50,N/A,,,https://www.coushattacasinoresort.com/slot-map.php?sid=2529,https://www.coushattacasinoresort.com/slot-map.php?sid=2529,Coushatta Casino Resort,2026-10-01T17:07:44.140578+00:00
2530,White Hot Aces Poker,IGT Poker,Poker,$1.00,N/A,,,https://www.coushattacasinoresort.com/slot-map.php?sid=2530,https://www.coushattacasinoresort.com/slot-map.php?sid=2530,Coushatta Casino Resort,2026-10-01T17:07:44.151579+00:00
2531,White Hot Aces Poker,IGT Poker,Poker,$2.00,N/A,,,https://www.coushattacasinoresort.com/slot-map.php?sid=2531,https://www.coushattacasinoresort.com/slot-map.php?sid=2531,Coushatta Casino Resort,2026-10-01T17:07:44.168994+00:00
2532,White Hot Aces Poker,IGT Poker,Poker,$5.00,N/A,,,https://www.coushattacasinoresort.com/slot-map.php?sid=2532,https://www.coushattacasinoresort.com/slot-map.php?sid=2532,Coushatta Casino Resort,2026-10-01T17:07:44.262632+00:00
443,White Orchid,IGT,Video,$0.01,Low,2.0,,https://www.coushattacasinoresort.com/slot-map.php?sid=443,https://www.coushattacasinoresort.com/slot-map.php?sid=443,Coushatta Casino Resort,2026-10-01T17:07:06.824047+00:00
444,White Orchid,IGT,Video,$0.02,Low,2.0,,https://www.coushattacasinoresort.com/slot-map.php?sid=444,https://www.coushattacasinoresort.com/slot-map.php?sid=444,Coushatta Casino Resort,2026-10-01T17:07:06.859811+00:00
493,White Orchid,IGT,Poker,$0.01,Low,2.0,,https://www.coushattacasinoresort.com/slot-map.php?sid=493,https://www.coushattacasinoresort.com/slot-map.php?sid=493,Coushatta Casino Resort,2026-10-01T17:07:07.639216+00:00
494,White Orchid,IGT,Poker,$0.02,Low,2.0,,https://www.coushattacasinoresort.com/slot-map.php?sid=494,https://www.coushattacasinoresort.com/slot-map.php?sid=494,Coushatta Casino Resort,2026-10-01T17:07:07.634522+00:00
517,White Orchid,IGT,Video,$1.00,Low,2.0,,https://www.coushattacasinoresort.com/slot-map.php?sid=517,https://www.coushattacasinoresort.com/slot-map.php?sid=517,Coushatta Casino Resort,2026-10-01T17:07:07.979687+00:00
1171,Wicked Panda (Md) (Prog),Aruze,Video,$0.01,Medium,3.0,,https://www.coushattacasinoresort.com/slot-map.php?sid=1171,https://www.coushattacasinoresort.com/slot-map.php?sid=1171,Coushatta Casino Resort,2026-10-01T17:07:16.387378+00:00
805,Wicked Winnings Ii,Aristocrat,Video,$0.01,Medium,3.0,,https://www.coushattacasinoresort.com/slot-map.php?sid=805,https://www.coushattacasinoresort.com/slot-map.php?sid=805,Coushatta Casino Resort,2026-10-01T17:07:11.906954+00:00
334,Wild Bear: Salmon Run (Md),IGT,Video,$0.01,High,4.0,,https://www.coushattacasinoresort.com/slot-map.php?sid=334,https://www.coushattacasinoresort.com/slot-map.php?sid=334,Coushatta Casino Resort,2026-10-01T17:07:05.709484+00:00
335,Wild Bear: Salmon Run (Md),IGT,Video,$0.02,High,4.0,,https://www.coushattacasinoresort.com/slot-map.php?sid=335,https://www.coushattacasinoresort.com/slot-map.php?sid=335,Coushatta Casino Resort,2026-10-01T17:07:05.713292+00:00
336,Wild Bear: Salmon Run (Md),IGT,Video,$0.05,High,4.0,,https://www.coushattacasinoresort.com/slot-map.php?sid=336,https://www.coushattacasinoresort.com/slot-map.php?sid=336,Coushatta Casino Resort,2026-10-01T17:07:05.760535+00:00
1342,Wild Gems Extra Spin (Md) (Prog),Everi,Reel,$1.00,Medium - High,3.0,,https://www.coushattacasinoresort.com/slot-map.php?sid=1342,https://www.coushattacasinoresort.com/slot-map.php?sid=1342,Coushatta Casino Resort,2026-10-01T17:07:18.599958+00:00
1396,Wild Gems Extra Spin (Md) (Prog),Everi,Reel,$0.25,Medium - High,3.0,,https://www.coushattacasinoresort.com/slot-map.php?sid=1396,https://www.coushattacasinoresort.com/slot-map.php?sid=1396,Coushatta Casino Resort,2026-10-01T17:07:19.404904+00:00
1341,Wild Gems Extra Spin (Prog),Everi,Reel,$1.00,Medium - High,3.0,,https://www.coushattacasinoresort.com/slot-map.php?sid=1341,https://www.coushattacasinoresort.com/slot-map.php?sid=1341,Coushatta Casino Resort,2026-10-01T17:07:18.593446+00:00
1403,Wild Lepre'Coins,Aristocrat,Video,$0.01,Medium - High,3.0,,https://www.coushattacasinoresort.com/slot-map.php?sid=1403,https://www.coushattacasinoresort.com/slot-map.php?sid=1403,Coushatta Casino Resort,2026-10-01T17:07:19.412170+00:00
1406,Wild Lepre'Coins,Aristocrat,Video,$0.02,Medium - High,3.0,,https://www.coushattacasinoresort.com/slot-map.php?sid=1406,https://www.coushattacasinoresort.com/slot-map.php?sid=1406,Coushatta Casino Resort,2026-10-01T17:07:19.568033+00:00
1407,Wild Lepre'Coins,Aristocrat,Video,$0.05,Medium - High,3.0,,https://www.coushattacasinoresort.com/slot-map.php?sid=1407,https://www.coushattacasinoresort.com/slot-map.php?sid=1407,Coushatta Casino Resort,2026-10-01T17:07:19.483521+00:00
1408,Wild Lepre'Coins,Aristocrat,Video,$0.10,Medium - High,3.0,,https://www.coushattacasinoresort.com/slot-map.php?sid=1408,https://www.coushattacasinoresort.com/slot-map.php?sid=1408,Coushatta Casino Resort,2026-10-01T17:07:19.480013+00:00
1409,Wild Lepre'Coins,Aristocrat,Video,$0.25,Medium - High,3.0,,https://www.coushattacasinoresort.com/slot-map.php?sid=1409,https://www.coushattacasinoresort.com/slot-map.php?sid=1409,Coushatta Casino Resort,2026-10-01T17:07:19.514712+00:00
1410,Wild Lepre'Coins,Aristocrat,Video,$0.50,Medium - High,3.0,,https://www.coushattacasinoresort.com/slot-map.php?sid=1410,https://www.coushattacasinoresort.com/slot-map.php?sid=1410,Coushatta Casino Resort,2026-10-01T17:07:19.520266+00:00
662,Wild Pirates Free Games{Car}{Md}{P},IGT,Video,$0.01,Medium,3.0,,https://www.coushattacasinoresort.com/slot-map.php?sid=662,https://www.coushattacasinoresort.com/slot-map.php?sid=662,Coushatta Casino Resort,2026-10-01T17:07:09.805126+00:00
663,Wild Pirates Free Games{Car}{Md}{P},IGT,Video,$0.02,Medium,3.0,,https://www.coushattacasinoresort.com/slot-map.php?sid=663,https://www.coushattacasinoresort.com/slot-map.php?sid=663,Coushatta Casino Resort,2026-10-01T17:07:09.843198+00:00
664,Wild Pirates Free Games{Car}{Md}{P},IGT,Video,$0.05,Medium,3.0,,https://www.coushattacasinoresort.com/slot-map.php?sid=664,https://www.coushattacasinoresort.com/slot-map.php?sid=664,Coushatta Casino Resort,2026-10-01T17:07:09.854270+00:00
1222,Wild Stacks Deluxe:Ruby Fire (Pr),Everi,Reel,$1.00,Medium,3.0,,https://www.coushattacasinoresort.com/slot-map.php?sid=1222,https://www.coushattacasinoresort.com/slot-map.php?sid=1222,Coushatta Casino Resort,2026-10-01T17:07:16.900745+00:00
1221,Wild Stacks Dlx:Sapphire Riches Pr,Everi,Reel,$1.00,Medium,3.0,,https://www.coushattacasinoresort.com/slot-map.php?sid=1221,https://www.coushattacasinoresort.com/slot-map.php?sid=1221,Coushatta Casino Resort,2026-10-01T17:07:16.888629+00:00
806,Wild Stallion,Aristocrat,Video,$0.01,Medium,3.0,,https://www.coushattacasinoresort.com/slot-map.php?sid=806,https://www.coushattacasinoresort.com/slot-map.php?sid=806,Coushatta Casino Resort,2026-10-01T17:07:11.909166+00:00
269,Wild Temple Panda (Mc) (Md) (Pr),Gaming Arts,Video,$0.01,High,4.0,,https://www.coushattacasinoresort.com/slot-map.php?sid=269,https://www.coushattacasinoresort.com/slot-map.php?sid=269,Coushatta Casino Resort,2026-10-01T17:07:05.127437+00:00
270,Wild Temple Tiger (Mc) (Md) (Pr),Gaming Arts,Video,$0.01,High,4.0,,https://www.coushattacasinoresort.com/slot-map.php?sid=270,https://www.coushattacasinoresort.com/slot-map.php?sid=270,Coushatta Casino Resort,2026-10-01T17:07:05.136884+00:00
201,Wild Triple Strike (Md),IGT,Reel,$1.00,High,4.0,,https://www.coushattacasinoresort.com/slot-map.php?sid=201,https://www.coushattacasinoresort.com/slot-map.php?sid=201,Coushatta Casino Resort,2026-10-01T17:07:04.197676+00:00
926,Wild Ways,Aristocrat,Video,$0.01,Medium,3.0,,https://www.coushattacasinoresort.com/slot-map.php?sid=926,https://www.coushattacasinoresort.com/slot-map.php?sid=926,Coushatta Casino Resort,2026-10-01T17:07:13.602984+00:00
1103,Wild Wild Buffalo (Prog),Aristocrat,Video,$0.01,Medium,3.0,,https://www.coushattacasinoresort.com/slot-map.php?sid=1103,https://www.coushattacasinoresort.com/slot-map.php?sid=1103,Coushatta Casino Resort,2026-10-01T17:07:15.552557+00:00
1111,Wild Wild Gems (Md),Everi,Reel,$0.25,Medium,3.0,,https://www.coushattacasinoresort.com/slot-map.php?sid=1111,https://www.coushattacasinoresort.com/slot-map.php?sid=1111,Coushatta Casino Resort,2026-10-01T17:07:15.603878+00:00
1112,Wild Wild Gems (Md),Everi,Reel,$0.50,Medium,3.0,,https://www.coushattacasinoresort.com/slot-map.php?sid=1112,https://www.coushattacasinoresort.com/slot-map.php?sid=1112,Coushatta Casino Resort,2026-10-01T17:07:15.657430+00:00
1113,Wild Wild Gems (Md),Everi,Reel,$1.00,Medium,3.0,,https://www.coushattacasinoresort.com/slot-map.php?sid=1113,https://www.coushattacasinoresort.com/slot-map.php?sid=1113,Coushatta Casino Resort,2026-10-01T17:07:15.648020+00:00
1114,Wild Wild Gems (Md),Everi,Reel,$2.00,Medium,3.0,,https://www.coushattacasinoresort.com/slot-map.php?sid=1114,https://www.coushattacasinoresort.com/slot-map.php?sid=1114,Coushatta Casino Resort,2026-10-01T17:07:15.696886+00:00
1492,Wild Wolf,IGT,Video,$0.01,Medium - Low,2.0,,https://www.coushattacasinoresort.com/slot-map.php?sid=1492,https://www.coushattacasinoresort.com/slot-map.php?sid=1492,Coushatta Casino Resort,2026-10-01T17:07:20.499748+00:00
1642,Wild Wolf,IGT,Video,$1.00,Medium - Low,2.0,,https://www.coushattacasinoresort.com/slot-map.php?sid=1642,https://www.coushattacasinoresort.com/slot-map.php?sid=1642,Coushatta Casino Resort,2026-10-01T17:07:21.834431+00:00
587,Willie Nelson (Prog),Everi,Video,$0.01,Medium,3.0,,https://www.coushattacasinoresort.com/slot-map.php?sid=587,https://www.coushattacasinoresort.com/slot-map.php?sid=587,Coushatta Casino Resort,2026-10-01T17:07:08.695774+00:00
1254,Willy Wonka-Sweet Selection Mc Md P,Light & Wonder,Video,$0.01,Medium,3.0,,https://www.coushattacasinoresort.com/slot-map.php?sid=1254,https://www.coushattacasinoresort.com/slot-map.php?sid=1254,Coushatta Casino Resort,2026-10-01T17:07:17.321748+00:00
1255,Willy Wonka-Sweet Selection Mc Md P,Light & Wonder,Video,$0.02,Medium,3.0,,https://www.coushattacasinoresort.com/slot-map.php?sid=1255,https://www.coushattacasinoresort.com/slot-map.php?sid=1255,Coushatta Casino Resort,2026-10-01T17:07:17.297585+00:00
1256,Willy Wonka-Sweet Selection Mc Md P,Light & Wonder,Video,$0.05,Medium,3.0,,https://www.coushattacasinoresort.com/slot-map.php?sid=1256,https://www.coushattacasinoresort.com/slot-map.php?sid=1256,Coushatta Casino Resort,2026-10-01T17:07:17.349700+00:00
1257,Willy Wonka-Sweet Selection Mc Md P,Light & Wonder,Video,$0.10,Medium,3.0,,https://www.coushattacasinoresort.com/slot-map.php?sid=1257,https://www.coushattacasinoresort.com/slot-map.php?sid=1257,Coushatta Casino Resort,2026-10-01T17:07:17.344923+00:00
84,Winner'S World: 4 Card Keno,Aristocrat,Video,$0.05,High,4.0,,https://www.coushattacasinoresort.com/slot-map.php?sid=84,https://www.coushattacasinoresort.com/slot-map.php?sid=84,Coushatta Casino Resort,2026-10-01T17:07:02.618822+00:00
85,Winner'S World: 4 Card Keno,Aristocrat,Video,$0.10,High,4.0,,https://www.coushattacasinoresort.com/slot-map.php?sid=85,https://www.coushattacasinoresort.com/slot-map.php?sid=85,Coushatta Casino Resort,2026-10-01T17:07:02.609337+00:00
86,Winner'S World: 4 Card Keno,Aristocrat,Video,$0.25,High,4.0,,https://www.coushattacasinoresort.com/slot-map.php?sid=86,https://www.coushattacasinoresort.com/slot-map.php?sid=86,Coushatta Casino Resort,2026-10-01T17:07:02.628169+00:00
483,Winner'S World: Buffalo,Aristocrat,Video,$0.01,Low,2.0,,https://www.coushattacasinoresort.com/slot-map.php?sid=483,https://www.coushattacasinoresort.com/slot-map.php?sid=483,Coushatta Casino Resort,2026-10-01T17:07:07.375821+00:00
484,Winner'S World: Buffalo,Aristocrat,Video,$0.02,Low,2.0,,https://www.coushattacasinoresort.com/slot-map.php?sid=484,https://www.coushattacasinoresort.com/slot-map.php?sid=484,Coushatta Casino Resort,2026-10-01T17:07:07.398927+00:00
485,Winner'S World: Buffalo,Aristocrat,Video,$0.05,Low,2.0,,https://www.coushattacasinoresort.com/slot-map.php?sid=485,https://www.coushattacasinoresort.com/slot-map.php?sid=485,Coushatta Casino Resort,2026-10-01T17:07:07.421564+00:00
482,Winner'S World: Buffalo Gold Collection,Aristocrat,Video,$0.01,Low,2.0,,https://www.coushattacasinoresort.com/slot-map.php?sid=482,https://www.coushattacasinoresort.com/slot-map.php?sid=482,Coushatta Casino Resort,2026-10-01T17:07:07.379614+00:00
82,Winner'S World: Buffalo Keno,Aristocrat,Video,$0.05,High,4.0,,https://www.coushattacasinoresort.com/slot-map.php?sid=82,https://www.coushattacasinoresort.com/slot-map.php?sid=82,Coushatta Casino Resort,2026-10-01T17:07:02.563918+00:00
83,Winner'S World: Buffalo Keno,Aristocrat,Video,$0.10,High,4.0,,https://www.coushattacasinoresort.com/slot-map.php?sid=83,https://www.coushattacasinoresort.com/slot-map.php?sid=83,Coushatta Casino Resort,2026-10-01T17:07:02.601539+00:00
81,Winner'S World: Buffalo Keno {4 Card},Aristocrat,Video,$0.05,High,4.0,,https://www.coushattacasinoresort.com/slot-map.php?sid=81,https://www.coushattacasinoresort.com/slot-map.php?sid=81,Coushatta Casino Resort,2026-10-01T17:07:02.559526+00:00
716,Winner'S World: Captain Coins Keno,Aristocrat,Video,$0.05,Medium,3.0,,https://www.coushattacasinoresort.com/slot-map.php?sid=716,https://www.coushattacasinoresort.com/slot-map.php?sid=716,Coushatta Casino Resort,2026-10-01T17:07:10.532295+00:00
717,Winner'S World: Captain Coins Keno,Aristocrat,Video,$0.10,Medium,3.0,,https://www.coushattacasinoresort.com/slot-map.php?sid=717,https://www.coushattacasinoresort.com/slot-map.php?sid=717,Coushatta Casino Resort,2026-10-01T17:07:10.615288+00:00
718,Winner'S World: Captain Coins Keno,Aristocrat,Video,$0.25,Medium,3.0,,https://www.coushattacasinoresort.com/slot-map.php?sid=718,https://www.coushattacasinoresort.com/slot-map.php?sid=718,Coushatta Casino Resort,2026-10-01T17:07:10.821685+00:00
719,Winner'S World: Captain Coins Keno,Aristocrat,Video,$1.00,Medium,3.0,,https://www.coushattacasinoresort.com/slot-map.php?sid=719,https://www.coushattacasinoresort.com/slot-map.php?sid=719,Coushatta Casino Resort,2026-10-01T17:07:10.611466+00:00
720,Winner'S World: Captain Coins Keno,Aristocrat,Video,$2.00,Medium,3.0,,https://www.coushattacasinoresort.com/slot-map.php?sid=720,https://www.coushattacasinoresort.com/slot-map.php?sid=720,Coushatta Casino Resort,2026-10-01T17:07:10.620125+00:00
721,Winner'S World: Captain Coins Keno,Aristocrat,Video,$5.00,Medium,3.0,,https://www.coushattacasinoresort.com/slot-map.php?sid=721,https://www.coushattacasinoresort.com/slot-map.php?sid=721,Coushatta Casino Resort,2026-10-01T17:07:10.617291+00:00
76,Winner'S World: Captain Coins Keno {4 Card},Aristocrat,Video,$0.05,High,4.0,,https://www.coushattacasinoresort.com/slot-map.php?sid=76,https://www.coushattacasinoresort.com/slot-map.php?sid=76,Coushatta Casino Resort,2026-10-01T17:07:02.488215+00:00
77,Winner'S World: Captain Coins Keno {4 Card},Aristocrat,Video,$0.10,High,4.0,,https://www.coushattacasinoresort.com/slot-map.php?sid=77,https://www.coushattacasinoresort.com/slot-map.php?sid=77,Coushatta Casino Resort,2026-10-01T17:07:02.496415+00:00
78,Winner'S World: Captain Coins Keno {4 Card},Aristocrat,Video,$0.25,High,4.0,,https://www.coushattacasinoresort.com/slot-map.php?sid=78,https://www.coushattacasinoresort.com/slot-map.php?sid=78,Coushatta Casino Resort,2026-10-01T17:07:02.508043+00:00
79,Winner'S World: Captain Coins Keno {4 Card},Aristocrat,Video,$1.00,High,4.0,,https://www.coushattacasinoresort.com/slot-map.php?sid=79,https://www.coushattacasinoresort.com/slot-map.php?sid=79,Coushatta Casino Resort,2026-10-01T17:07:02.512907+00:00
80,Winner'S World: Captain Coins Keno {4 Card},Aristocrat,Video,$2.00,High,4.0,,https://www.coushattacasinoresort.com/slot-map.php?sid=80,https://www.coushattacasinoresort.com/slot-map.php?sid=80,Coushatta Casino Resort,2026-10-01T17:07:02.525410+00:00
73,Winner'S World: Multi-Card Keno,Aristocrat,Video,$0.01,High,4.0,,https://www.coushattacasinoresort.com/slot-map.php?sid=73,https://www.coushattacasinoresort.com/slot-map.php?sid=73,Coushatta Casino Resort,2026-10-01T17:07:02.431085+00:00
74,Winner'S World: Multi-Card Keno,Aristocrat,Video,$0.02,High,4.0,,https://www.coushattacasinoresort.com/slot-map.php?sid=74,https://www.coushattacasinoresort.com/slot-map.php?sid=74,Coushatta Casino Resort,2026-10-01T17:07:02.435667+00:00
75,Winner'S World: Multi-Card Keno,Aristocrat,Video,$0.05,High,4.0,,https://www.coushattacasinoresort.com/slot-map.php?sid=75,https://www.coushattacasinoresort.com/slot-map.php?sid=75,Coushatta Casino Resort,2026-10-01T17:07:02.484466+00:00
68,Winner'S World: Spot Keno,Aristocrat,Video,$0.05,High,4.0,,https://www.coushattacasinoresort.com/slot-map.php?sid=68,https://www.coushattacasinoresort.com/slot-map.php?sid=68,Coushatta Casino Resort,2026-10-01T17:07:02.340873+00:00
69,Winner'S World: Spot Keno,Aristocrat,Video,$0.10,High,4.0,,https://www.coushattacasinoresort.com/slot-map.php?sid=69,https://www.coushattacasinoresort.com/slot-map.php?sid=69,Coushatta Casino Resort,2026-10-01T17:07:02.332768+00:00
70,Winner'S World: Spot Keno,Aristocrat,Video,$0.25,High,4.0,,https://www.coushattacasinoresort.com/slot-map.php?sid=70,https://www.coushattacasinoresort.com/slot-map.php?sid=70,Coushatta Casino Resort,2026-10-01T17:07:02.359367+00:00
71,Winner'S World: Spot Keno,Aristocrat,Video,$1.00,High,4.0,,https://www.coushattacasinoresort.com/slot-map.php?sid=71,https://www.coushattacasinoresort.com/slot-map.php?sid=71,Coushatta Casino Resort,2026-10-01T17:07:02.364181+00:00
72,Winner'S World: Spot Keno,Aristocrat,Video,$2.00,High,4.0,,https://www.coushattacasinoresort.com/slot-map.php?sid=72,https://www.coushattacasinoresort.com/slot-map.php?sid=72,Coushatta Casino Resort,2026-10-01T17:07:02.387034+00:00
479,Winner'S World: Wild Lepre'Coins,Aristocrat,Video,$0.01,Low,2.0,,https://www.coushattacasinoresort.com/slot-map.php?sid=479,https://www.coushattacasinoresort.com/slot-map.php?sid=479,Coushatta Casino Resort,2026-10-01T17:07:07.313136+00:00
480,Winner'S World: Wild Lepre'Coins,Aristocrat,Video,$0.02,Low,2.0,,https://www.coushattacasinoresort.com/slot-map.php?sid=480,https://www.coushattacasinoresort.com/slot-map.php?sid=480,Coushatta Casino Resort,2026-10-01T17:07:07.383730+00:00
481,Winner'S World: Wild Lepre'Coins,Aristocrat,Video,$0.05,Low,2.0,,https://www.coushattacasinoresort.com/slot-map.php?sid=481,https://www.coushattacasinoresort.com/slot-map.php?sid=481,Coushatta Casino Resort,2026-10-01T17:07:07.385263+00:00
54,Witches Riches,IGT,Video,$0.01,High,4.0,,https://www.coushattacasinoresort.com/slot-map.php?sid=54,https://www.coushattacasinoresort.com/slot-map.php?sid=54,Coushatta Casino Resort,2026-10-01T17:07:02.025918+00:00
1384,Wof: Cash Link Big Money Trio Md Pr,IGT,Video,$0.01,Medium - High,3.0,,https://www.coushattacasinoresort.com/slot-map.php?sid=1384,https://www.coushattacasinoresort.com/slot-map.php?sid=1384,Coushatta Casino Resort,2026-10-01T17:07:19.256845+00:00
409,Wof: Cash On Reels Reelboost (Prog),IGT,Video,$0.01,High,4.0,,https://www.coushattacasinoresort.com/slot-map.php?sid=409,https://www.coushattacasinoresort.com/slot-map.php?sid=409,Coushatta Casino Resort,2026-10-01T17:07:06.325517+00:00
410,Wof: Cash On Reels Superspin (Prog),IGT,Video,$0.01,High,4.0,,https://www.coushattacasinoresort.com/slot-map.php?sid=410,https://www.coushattacasinoresort.com/slot-map.php?sid=410,Coushatta Casino Resort,2026-10-01T17:07:06.364372+00:00
92,Wof: Triple Double Diamond (P),IGT,Reel,$1.00,High,4.0,,https://www.coushattacasinoresort.com/slot-map.php?sid=92,https://www.coushattacasinoresort.com/slot-map.php?sid=92,Coushatta Casino Resort,2026-10-01T17:07:02.719665+00:00
93,Wof: Triple Double Diamond (P),IGT,Reel,$0.25,High,4.0,,https://www.coushattacasinoresort.com/slot-map.php?sid=93,https://www.coushattacasinoresort.com/slot-map.php?sid=93,Coushatta Casino Resort,2026-10-01T17:07:02.743238+00:00
419,Wof: Triple Red Hot 7'S Md Wap,IGT,Reel,$0.05,High,4.0,,https://www.coushattacasinoresort.com/slot-map.php?sid=419,https://www.coushattacasinoresort.com/slot-map.php?sid=419,Coushatta Casino Resort,2026-10-01T17:07:06.483524+00:00
257,Wof:Triple Spin Extreme Mc Md Pr,IGT,Video,$0.01,High,4.0,,https://www.coushattacasinoresort.com/slot-map.php?sid=257,https://www.coushattacasinoresort.com/slot-map.php?sid=257,Coushatta Casino Resort,2026-10-01T17:07:04.966432+00:00
258,Wof:Triple Spin Extreme Mc Md Pr,IGT,Video,$0.02,High,4.0,,https://www.coushattacasinoresort.com/slot-map.php?sid=258,https://www.coushattacasinoresort.com/slot-map.php?sid=258,Coushatta Casino Resort,2026-10-01T17:07:04.963199+00:00
259,Wof:Triple Spin Extreme Mc Md Pr,IGT,Video,$0.05,High,4.0,,https://www.coushattacasinoresort.com/slot-map.php?sid=259,https://www.coushattacasinoresort.com/slot-map.php?sid=259,Coushatta Casino Resort,2026-10-01T17:07:04.988752+00:00
260,Wof:Triple Spin Extreme Mc Md Pr,IGT,Video,$0.10,High,4.0,,https://www.coushattacasinoresort.com/slot-map.php?sid=260,https://www.coushattacasinoresort.com/slot-map.php?sid=260,Coushatta Casino Resort,2026-10-01T17:07:04.980875+00:00
1487,Wolf Run,IGT,Video,$0.01,Medium - Low,2.0,,https://www.coushattacasinoresort.com/slot-map.php?sid=1487,https://www.coushattacasinoresort.com/slot-map.php?sid=1487,Coushatta Casino Resort,2026-10-01T17:07:20.443175+00:00
1799,Wolf Run 40 line,IGT,Video,$0.01,N/A,,,https://www.coushattacasinoresort.com/slot-map.php?sid=1799,https://www.coushattacasinoresort.com/slot-map.php?sid=1799,Coushatta Casino Resort,2026-10-01T17:07:24.025958+00:00
1800,Wolf Run 40 line,IGT,Video,$0.02,N/A,,,https://www.coushattacasinoresort.com/slot-map.php?sid=1800,https://www.coushattacasinoresort.com/slot-map.php?sid=1800,Coushatta Casino Resort,2026-10-01T17:07:24.013530+00:00
927,Wolf Run Eclipse (Md) (Prog),IGT,Video,$0.01,Medium,3.0,,https://www.coushattacasinoresort.com/slot-map.php?sid=927,https://www.coushattacasinoresort.com/slot-map.php?sid=927,Coushatta Casino Resort,2026-10-01T17:07:13.598768+00:00
230,Wolf Run Gold,IGT,Video,$1.00,High,4.0,,https://www.coushattacasinoresort.com/slot-map.php?sid=230,https://www.coushattacasinoresort.com/slot-map.php?sid=230,Coushatta Casino Resort,2026-10-01T17:07:04.600587+00:00
322,Wolf Run Gold,IGT,Video,$0.01,High,4.0,,https://www.coushattacasinoresort.com/slot-map.php?sid=322,https://www.coushattacasinoresort.com/slot-map.php?sid=322,Coushatta Casino Resort,2026-10-01T17:07:05.519235+00:00
323,Wolf Run Gold,IGT,Video,$0.02,High,4.0,,https://www.coushattacasinoresort.com/slot-map.php?sid=323,https://www.coushattacasinoresort.com/slot-map.php?sid=323,Coushatta Casino Resort,2026-10-01T17:07:05.528453+00:00
324,Wolf Run Gold,IGT,Video,$0.05,High,4.0,,https://www.coushattacasinoresort.com/slot-map.php?sid=324,https://www.coushattacasinoresort.com/slot-map.php?sid=324,Coushatta Casino Resort,2026-10-01T17:07:05.581664+00:00
325,Wolf Run Gold,IGT,Video,$0.10,High,4.0,,https://www.coushattacasinoresort.com/slot-map.php?sid=325,https://www.coushattacasinoresort.com/slot-map.php?sid=325,Coushatta Casino Resort,2026-10-01T17:07:05.614757+00:00
327,Wolf Run Gold,IGT,Video,$2.00,High,4.0,,https://www.coushattacasinoresort.com/slot-map.php?sid=327,https://www.coushattacasinoresort.com/slot-map.php?sid=327,Coushatta Casino Resort,2026-10-01T17:07:05.610628+00:00
1784,Wolf Run Keno,IGT,Video,$0.01,N/A,,,https://www.coushattacasinoresort.com/slot-map.php?sid=1784,https://www.coushattacasinoresort.com/slot-map.php?sid=1784,Coushatta Casino Resort,2026-10-01T17:07:23.786314+00:00
1785,Wolf Run Keno,IGT,Video,$0.02,N/A,,,https://www.coushattacasinoresort.com/slot-map.php?sid=1785,https://www.coushattacasinoresort.com/slot-map.php?sid=1785,Coushatta Casino Resort,2026-10-01T17:07:23.784818+00:00
1786,Wolf Run Keno,IGT,Video,$0.05,N/A,,,https://www.coushattacasinoresort.com/slot-map.php?sid=1786,https://www.coushattacasinoresort.com/slot-map.php?sid=1786,Coushatta Casino Resort,2026-10-01T17:07:23.792130+00:00
4047,Wolf Run Wild Moon Mc Md Prog,IGT,Video,$0.01,N/A,,,https://www.coushattacasinoresort.com/slot-map.php?sid=4047,https://www.coushattacasinoresort.com/slot-map.php?sid=4047,Coushatta Casino Resort,2026-10-01T17:08:02.582419+00:00
1494,Wonder 4 Boost,Aristocrat,Video,$0.01,Medium - Low,2.0,,https://www.coushattacasinoresort.com/slot-map.php?sid=1494,https://www.coushattacasinoresort.com/slot-map.php?sid=1494,Coushatta Casino Resort,2026-10-01T17:07:20.562047+00:00
471,Wonder 4 Boost Gold,Aristocrat,Video,$0.01,Low,2.0,,https://www.coushattacasinoresort.com/slot-map.php?sid=471,https://www.coushattacasinoresort.com/slot-map.php?sid=471,Coushatta Casino Resort,2026-10-01T17:07:07.263377+00:00
472,Wonder 4 Boost Gold,Aristocrat,Video,$0.02,Low,2.0,,https://www.coushattacasinoresort.com/slot-map.php?sid=472,https://www.coushattacasinoresort.com/slot-map.php?sid=472,Coushatta Casino Resort,2026-10-01T17:07:07.252278+00:00
473,Wonder 4 Boost Gold,Aristocrat,Video,$0.05,Low,2.0,,https://www.coushattacasinoresort.com/slot-map.php?sid=473,https://www.coushattacasinoresort.com/slot-map.php?sid=473,Coushatta Casino Resort,2026-10-01T17:07:07.259724+00:00
474,Wonder 4 Boost Gold,Aristocrat,Video,$0.10,Low,2.0,,https://www.coushattacasinoresort.com/slot-map.php?sid=474,https://www.coushattacasinoresort.com/slot-map.php?sid=474,Coushatta Casino Resort,2026-10-01T17:07:07.255039+00:00
1193,Wonder 4 Games,Aristocrat,video,$0.01,Medium,3.0,,https://www.coushattacasinoresort.com/slot-map.php?sid=1193,https://www.coushattacasinoresort.com/slot-map.php?sid=1193,Coushatta Casino Resort,2026-10-01T17:07:16.638575+00:00
894,Wonder 4 Jackpots (Prog),Aristocrat,Video,$0.01,Medium,3.0,,https://www.coushattacasinoresort.com/slot-map.php?sid=894,https://www.coushattacasinoresort.com/slot-map.php?sid=894,Coushatta Casino Resort,2026-10-01T17:07:13.175394+00:00
255,Wonder 4 Revolution Mc Md Mg Prog,Aristocrat,Video,$0.01,High,4.0,,https://www.coushattacasinoresort.com/slot-map.php?sid=255,https://www.coushattacasinoresort.com/slot-map.php?sid=255,Coushatta Casino Resort,2026-10-01T17:07:04.942517+00:00
1576,Wonder 4 Spinning Fortunes (P),Aristocrat,Video,$0.01,Medium - Low,2.0,,https://www.coushattacasinoresort.com/slot-map.php?sid=1576,https://www.coushattacasinoresort.com/slot-map.php?sid=1576,Coushatta Casino Resort,2026-10-01T17:07:21.227146+00:00
809,Wonder 4 Stars,Aristocrat,Video,$0.01,Medium,3.0,,https://www.coushattacasinoresort.com/slot-map.php?sid=809,https://www.coushattacasinoresort.com/slot-map.php?sid=809,Coushatta Casino Resort,2026-10-01T17:07:11.945368+00:00
1496,Wonder 4 Tall Fortunes,Aristocrat,Video,$0.01,Medium - Low,2.0,,https://www.coushattacasinoresort.com/slot-map.php?sid=1496,https://www.coushattacasinoresort.com/slot-map.php?sid=1496,Coushatta Casino Resort,2026-10-01T17:07:20.680017+00:00
1495,Wonder 4 Tower,Aristocrat,Video,$0.01,Medium - Low,2.0,,https://www.coushattacasinoresort.com/slot-map.php?sid=1495,https://www.coushattacasinoresort.com/slot-map.php?sid=1495,Coushatta Casino Resort,2026-10-01T17:07:20.686192+00:00
659,Wu Wang Zhe Free Games{Car}{Md}{Pr},IGT,Video,$0.01,Medium,3.0,,https://www.coushattacasinoresort.com/slot-map.php?sid=659,https://www.coushattacasinoresort.com/slot-map.php?sid=659,Coushatta Casino Resort,2026-10-01T17:07:09.706465+00:00
660,Wu Wang Zhe Free Games{Car}{Md}{Pr},IGT,Video,$0.02,Medium,3.0,,https://www.coushattacasinoresort.com/slot-map.php?sid=660,https://www.coushattacasinoresort.com/slot-map.php?sid=660,Coushatta Casino Resort,2026-10-01T17:07:09.801079+00:00
661,Wu Wang Zhe Free Games{Car}{Md}{Pr},IGT,Video,$0.05,Medium,3.0,,https://www.coushattacasinoresort.com/slot-map.php?sid=661,https://www.coushattacasinoresort.com/slot-map.php?sid=661,Coushatta Casino Resort,2026-10-01T17:07:09.816230+00:00
564,X Wheel Chili (Prog),Aruze,Video,$0.01,Low,2.0,,https://www.coushattacasinoresort.com/slot-map.php?sid=564,https://www.coushattacasinoresort.com/slot-map.php?sid=564,Coushatta Casino Resort,2026-10-01T17:07:08.452688+00:00
338,X Wheel Tiki (Prog),Aruze,Video,$0.01,High,4.0,,https://www.coushattacasinoresort.com/slot-map.php?sid=338,https://www.coushattacasinoresort.com/slot-map.php?sid=338,Coushatta Casino Resort,2026-10-01T17:07:05.771078+00:00
339,X Wheel Tiki (Prog),Aruze,Video,$0.02,High,4.0,,https://www.coushattacasinoresort.com/slot-map.php?sid=339,https://www.coushattacasinoresort.com/slot-map.php?sid=339,Coushatta Casino Resort,2026-10-01T17:07:05.782125+00:00
340,X Wheel Tiki (Prog),Aruze,Video,$0.05,High,4.0,,https://www.coushattacasinoresort.com/slot-map.php?sid=340,https://www.coushattacasinoresort.com/slot-map.php?sid=340,Coushatta Casino Resort,2026-10-01T17:07:05.774625+00:00
341,X Wheel Tiki (Prog),Aruze,Video,$0.10,High,4.0,,https://www.coushattacasinoresort.com/slot-map.php?sid=341,https://www.coushattacasinoresort.com/slot-map.php?sid=341,Coushatta Casino Resort,2026-10-01T17:07:05.862036+00:00
342,X Wheel Tiki (Prog),Aruze,Video,$1.00,High,4.0,,https://www.coushattacasinoresort.com/slot-map.php?sid=342,https://www.coushattacasinoresort.com/slot-map.php?sid=342,Coushatta Casino Resort,2026-10-01T17:07:05.851647+00:00
343,X Wheel Tiki (Prog),Aruze,Video,$2.00,High,4.0,,https://www.coushattacasinoresort.com/slot-map.php?sid=343,https://www.coushattacasinoresort.com/slot-map.php?sid=343,Coushatta Casino Resort,2026-10-01T17:07:05.826783+00:00
496,X-Wheel Supreme God (Prog),Aruze,Video,$0.01,Low,2.0,,https://www.coushattacasinoresort.com/slot-map.php?sid=496,https://www.coushattacasinoresort.com/slot-map.php?sid=496,Coushatta Casino Resort,2026-10-01T17:07:07.573774+00:00
1008,Ying Deng (Mc) (Md) (Prog),AGS,Video,$0.01,Medium,3.0,,https://www.coushattacasinoresort.com/slot-map.php?sid=1008,https://www.coushattacasinoresort.com/slot-map.php?sid=1008,Coushatta Casino Resort,2026-10-01T17:07:14.622519+00:00
363,Yo Yeti Spooky (Mc) (Md) (Prog),Aristocrat,Video,$0.01,High,4.0,,https://www.coushattacasinoresort.com/slot-map.php?sid=363,https://www.coushattacasinoresort.com/slot-map.php?sid=363,Coushatta Casino Resort,2026-10-01T17:07:05.883987+00:00
364,Yo Yeti Spooky (Mc) (Md) (Prog),Aristocrat,Video,$0.02,High,4.0,,https://www.coushattacasinoresort.com/slot-map.php?sid=364,https://www.coushattacasinoresort.com/slot-map.php?sid=364,Coushatta Casino Resort,2026-10-01T17:07:05.889482+00:00
365,Yo Yeti Spooky (Mc) (Md) (Prog),Aristocrat,Video,$0.05,High,4.0,,https://www.coushattacasinoresort.com/slot-map.php?sid=365,https://www.coushattacasinoresort.com/slot-map.php?sid=365,Coushatta Casino Resort,2026-10-01T17:07:06.048287+00:00
435,Zeus Unleashed (Progressive),Light & Wonder,Video,$0.01,Low,2.0,,https://www.coushattacasinoresort.com/slot-map.php?sid=435,https://www.coushattacasinoresort.com/slot-map.php?sid=435,Coushatta Casino Resort,2026-10-01T17:07:06.691402+00:00
436,Zeus Unleashed (Progressive),Light & Wonder,Video,$0.02,Low,2.0,,https://www.coushattacasinoresort.com/slot-map.php?sid=436,https://www.coushattacasinoresort.com/slot-map.php?sid=436,Coushatta Casino Resort,2026-10-01T17:07:06.789956+00:00
437,Zeus Unleashed (Progressive),Light & Wonder,Video,$0.05,Low,2.0,,https://www.coushattacasinoresort.com/slot-map.php?sid=437,https://www.coushattacasinoresort.com/slot-map.php?sid=437,Coushatta Casino Resort,2026-10-01T17:07:06.763088+00:00
994,Zhao Cai Zhu Get Piggy With It Md P,IGT,Video,$0.01,Medium,3.0,,https://www.coushattacasinoresort.com/slot-map.php?sid=994,https://www.coushattacasinoresort.com/slot-map.php?sid=994,Coushatta Casino Resort,2026-10-01T17:07:14.442244+00:00
995,Zhao Cai Zhu Yo Ho Hog (Prog),IGT,Video,$0.01,Medium,3.0,,https://www.coushattacasinoresort.com/slot-map.php?sid=995,https://www.coushattacasinoresort.com/slot-map.php?sid=995,Coushatta Casino Resort,2026-10-01T17:07:14.502986+00:00
1650,Zhu Ni Hao Yun (Prog),AGS,Video,$0.01,Medium - Low,2.0,,https://www.coushattacasinoresort.com/slot-map.php?sid=1650,https://www.coushattacasinoresort.com/slot-map.php?sid=1650,Coushatta Casino Resort,2026-10-01T17:07:21.861778+00:00
1659,Zhu Ni Hao Yun (Prog),AGS,Video,$0.25,Medium - Low,2.0,,https://www.coushattacasinoresort.com/slot-map.php?sid=1659,https://www.coushattacasinoresort.com/slot-map.php?sid=1659,Coushatta Casino Resort,2026-10-01T17:07:21.985989+00:00
